,uniprot,annotation,iWAT_HF_cre+_1/control_mean,FP,TP,TPR,FPR,TPR-FPR
0,Q9D3V1,FP,5.599482868365837,1.0,0.0,0.0,0.0011682242990654205,-0.0011682242990654205
1,Q3V1D3,,5.014569780871525,1.0,0.0,0.0,0.0011682242990654205,-0.0011682242990654205
2,Q9Z2G9,FP,4.669779131866756,2.0,0.0,0.0,0.002336448598130841,-0.002336448598130841
3,Q3UPY5,TP,4.444261738633324,2.0,1.0,0.004310344827586207,0.002336448598130841,0.001973896229455366
4,Q8R180,TP,4.350403968360157,2.0,2.0,0.008620689655172414,0.002336448598130841,0.006284241057041572
5,Q6ZQI3,,4.181742348600889,2.0,2.0,0.008620689655172414,0.002336448598130841,0.006284241057041572
6,Q925U4,,4.140158371954761,2.0,2.0,0.008620689655172414,0.002336448598130841,0.006284241057041572
7,Q99LJ6,TP,4.129990282392547,2.0,3.0,0.01293103448275862,0.002336448598130841,0.010594585884627779
8,Q8BH01,,4.1246273297303375,2.0,3.0,0.01293103448275862,0.002336448598130841,0.010594585884627779
9,Q3TCN2,,4.10897576721742,2.0,3.0,0.01293103448275862,0.002336448598130841,0.010594585884627779
10,Q9CXE7,,3.89567316987947,2.0,3.0,0.01293103448275862,0.002336448598130841,0.010594585884627779
11,Q8R429,,3.8866936276891346,2.0,3.0,0.01293103448275862,0.002336448598130841,0.010594585884627779
12,Q8CFG0,,3.876965706509299,2.0,3.0,0.01293103448275862,0.002336448598130841,0.010594585884627779
13,Q9ERE7,,3.8517980358873127,2.0,3.0,0.01293103448275862,0.002336448598130841,0.010594585884627779
14,P55302,,3.819276005227865,2.0,3.0,0.01293103448275862,0.002336448598130841,0.010594585884627779
15,P97457,,3.7699736111054096,2.0,3.0,0.01293103448275862,0.002336448598130841,0.010594585884627779
16,Q9QYK5,,3.718555747980751,2.0,3.0,0.01293103448275862,0.002336448598130841,0.010594585884627779
17,E9Q6C2,,3.7064097081486143,2.0,3.0,0.01293103448275862,0.002336448598130841,0.010594585884627779
18,Q3U4G3,,3.6740937940758727,2.0,3.0,0.01293103448275862,0.002336448598130841,0.010594585884627779
19,Q9WUZ9,TP,3.6711618788392335,2.0,4.0,0.017241379310344827,0.002336448598130841,0.014904930712213986
20,P15116,,3.6632304507905005,2.0,4.0,0.017241379310344827,0.002336448598130841,0.014904930712213986
21,Q91ZW2,,3.644769775628323,2.0,4.0,0.017241379310344827,0.002336448598130841,0.014904930712213986
22,O54998,,3.6386900325422977,2.0,4.0,0.017241379310344827,0.002336448598130841,0.014904930712213986
23,Q91YW3,,3.622710730757234,2.0,4.0,0.017241379310344827,0.002336448598130841,0.014904930712213986
24,Q8BFR4,,3.612706991271045,2.0,4.0,0.017241379310344827,0.002336448598130841,0.014904930712213986
25,Q640L3,,3.6095915480950005,2.0,4.0,0.017241379310344827,0.002336448598130841,0.014904930712213986
26,Q9CQE7,,3.599931450634487,2.0,4.0,0.017241379310344827,0.002336448598130841,0.014904930712213986
27,Q60716,,3.599773455419108,2.0,4.0,0.017241379310344827,0.002336448598130841,0.014904930712213986
28,Q9QZ25,,3.5981337986440276,2.0,4.0,0.017241379310344827,0.002336448598130841,0.014904930712213986
29,J3KMH5,,3.5948266675057017,2.0,4.0,0.017241379310344827,0.002336448598130841,0.014904930712213986
30,Q62181,TP,3.5846300356295133,2.0,5.0,0.021551724137931036,0.002336448598130841,0.019215275539800195
31,Q61335,,3.576460587217433,2.0,5.0,0.021551724137931036,0.002336448598130841,0.019215275539800195
32,Q8CC36,TP,3.573192671133735,2.0,6.0,0.02586206896551724,0.002336448598130841,0.0235256203673864
33,P09055,,3.5675836995445516,2.0,6.0,0.02586206896551724,0.002336448598130841,0.0235256203673864
34,Q9DCC8,,3.5608534518633648,2.0,6.0,0.02586206896551724,0.002336448598130841,0.0235256203673864
35,E9Q723,,3.552342912809955,2.0,6.0,0.02586206896551724,0.002336448598130841,0.0235256203673864
36,Q02819,TP,3.5355693663642627,2.0,7.0,0.03017241379310345,0.002336448598130841,0.027835965194972608
37,Q8BYB9,,3.532386835547187,2.0,7.0,0.03017241379310345,0.002336448598130841,0.027835965194972608
38,Q3V0T4,,3.526823788230894,2.0,7.0,0.03017241379310345,0.002336448598130841,0.027835965194972608
39,Q9EPK6,,3.5032258884906957,2.0,7.0,0.03017241379310345,0.002336448598130841,0.027835965194972608
40,Q8BRH0,,3.455756197962034,2.0,7.0,0.03017241379310345,0.002336448598130841,0.027835965194972608
41,Q9DAU1,FP,3.4529799103743897,3.0,7.0,0.03017241379310345,0.0035046728971962616,0.026667740895907188
42,Q91XD7,,3.4474010970533877,3.0,7.0,0.03017241379310345,0.0035046728971962616,0.026667740895907188
43,O35887,TP,3.430725227114028,3.0,8.0,0.034482758620689655,0.0035046728971962616,0.030978085723493393
44,Q9D0F3,,3.4301566918116198,3.0,8.0,0.034482758620689655,0.0035046728971962616,0.030978085723493393
45,Q9Z2G6,,3.4256659551748605,3.0,8.0,0.034482758620689655,0.0035046728971962616,0.030978085723493393
46,Q8VHI3,,3.3909056358541867,3.0,8.0,0.034482758620689655,0.0035046728971962616,0.030978085723493393
47,Q8K2C7,,3.366851740912443,3.0,8.0,0.034482758620689655,0.0035046728971962616,0.030978085723493393
48,Q64449,,3.3635907372366494,3.0,8.0,0.034482758620689655,0.0035046728971962616,0.030978085723493393
49,O09164,TP,3.3577893995509913,3.0,9.0,0.03879310344827586,0.0035046728971962616,0.0352884305510796
50,Q9CQU0,,3.352279330506482,3.0,9.0,0.03879310344827586,0.0035046728971962616,0.0352884305510796
51,P01887,TP,3.3455014560826313,3.0,10.0,0.04310344827586207,0.0035046728971962616,0.03959877537866581
52,Q91XL3,,3.323093201369802,3.0,10.0,0.04310344827586207,0.0035046728971962616,0.03959877537866581
53,Q9ES89,,3.313163843586034,3.0,10.0,0.04310344827586207,0.0035046728971962616,0.03959877537866581
54,Q3TMX7,,3.3086943476141,3.0,10.0,0.04310344827586207,0.0035046728971962616,0.03959877537866581
55,Q9Z0J0,TP,3.3010153478006004,3.0,11.0,0.04741379310344827,0.0035046728971962616,0.04390912020625201
56,Q07113,,3.3001419541042165,3.0,11.0,0.04741379310344827,0.0035046728971962616,0.04390912020625201
57,Q9CPV7,,3.2977490738966,3.0,11.0,0.04741379310344827,0.0035046728971962616,0.04390912020625201
58,Q9DBH5,,3.293800909334737,3.0,11.0,0.04741379310344827,0.0035046728971962616,0.04390912020625201
59,Q3UMW8,,3.2632970178564262,3.0,11.0,0.04741379310344827,0.0035046728971962616,0.04390912020625201
60,P54818,,3.259764375179415,3.0,11.0,0.04741379310344827,0.0035046728971962616,0.04390912020625201
61,P23188,TP,3.2466564312436867,3.0,12.0,0.05172413793103448,0.0035046728971962616,0.04821946503383822
62,Q9Z247,,3.2300260107509464,3.0,12.0,0.05172413793103448,0.0035046728971962616,0.04821946503383822
63,P70428,,3.2191517174064477,3.0,12.0,0.05172413793103448,0.0035046728971962616,0.04821946503383822
64,Q922Q9,TP,3.2182651329844782,3.0,13.0,0.05603448275862069,0.0035046728971962616,0.05252980986142443
65,Q9Z0F8,TP,3.2151335655375592,3.0,14.0,0.0603448275862069,0.0035046728971962616,0.05684015468901064
66,D3Z2R5,,3.2043271437699867,3.0,14.0,0.0603448275862069,0.0035046728971962616,0.05684015468901064
67,Q3V1T4,TP,3.2015400765195148,3.0,15.0,0.06465517241379311,0.0035046728971962616,0.061150499516596846
68,Q5I012,,3.1973746760469597,3.0,15.0,0.06465517241379311,0.0035046728971962616,0.061150499516596846
69,Q9DBZ1,,3.1953528753331644,3.0,15.0,0.06465517241379311,0.0035046728971962616,0.061150499516596846
70,Q8VEF1,,3.1833424251693776,3.0,15.0,0.06465517241379311,0.0035046728971962616,0.061150499516596846
71,P28798,TP,3.179743796114672,3.0,16.0,0.06896551724137931,0.0035046728971962616,0.06546084434418305
72,P24668,,3.179719578792306,3.0,16.0,0.06896551724137931,0.0035046728971962616,0.06546084434418305
73,P21550,,3.1518655040272723,3.0,16.0,0.06896551724137931,0.0035046728971962616,0.06546084434418305
74,Q9ER39,FP,3.151353622604156,4.0,16.0,0.06896551724137931,0.004672897196261682,0.06429262004511763
75,Q6P5E4,,3.1505051031300817,4.0,16.0,0.06896551724137931,0.004672897196261682,0.06429262004511763
76,P07214,TP,3.1496572979137047,4.0,17.0,0.07327586206896551,0.004672897196261682,0.06860296487270383
77,Q640P2,TP,3.149050011553371,4.0,18.0,0.07758620689655173,0.004672897196261682,0.07291330970029004
78,Q9CQW0,,3.1348941707489195,4.0,18.0,0.07758620689655173,0.004672897196261682,0.07291330970029004
79,P59481,,3.1295970401959545,4.0,18.0,0.07758620689655173,0.004672897196261682,0.07291330970029004
80,E9Q4X2,,3.112414049577473,4.0,18.0,0.07758620689655173,0.004672897196261682,0.07291330970029004
81,P12023,TP,3.0859794018484488,4.0,19.0,0.08189655172413793,0.004672897196261682,0.07722365452787625
82,Q9QZF2,TP,3.0824956734338143,4.0,20.0,0.08620689655172414,0.004672897196261682,0.08153399935546246
83,Q61712,FP,3.0821431367250702,5.0,20.0,0.08620689655172414,0.005841121495327103,0.08036577505639704
84,Q60715,,3.0725949384538827,5.0,20.0,0.08620689655172414,0.005841121495327103,0.08036577505639704
85,Q8CIF4,TP,3.0694060750657357,5.0,21.0,0.09051724137931035,0.005841121495327103,0.08467611988398324
86,Q61334,,3.0692015267816264,5.0,21.0,0.09051724137931035,0.005841121495327103,0.08467611988398324
87,P82347,FP,3.0671601047728196,6.0,21.0,0.09051724137931035,0.007009345794392523,0.08350789558491782
88,Q9D024,,3.0588649683342735,6.0,21.0,0.09051724137931035,0.007009345794392523,0.08350789558491782
89,P70302,FP,3.05650642380706,7.0,21.0,0.09051724137931035,0.008177570093457943,0.0823396712858524
90,Q812F8,,3.042372123890686,7.0,21.0,0.09051724137931035,0.008177570093457943,0.0823396712858524
91,Q6ZQM8,,3.034692786911063,7.0,21.0,0.09051724137931035,0.008177570093457943,0.0823396712858524
92,Q8K5B2,,3.0322758423624294,7.0,21.0,0.09051724137931035,0.008177570093457943,0.0823396712858524
93,P29416,,3.024093610221106,7.0,21.0,0.09051724137931035,0.008177570093457943,0.0823396712858524
94,E9PVB5,FP,3.0230189079353926,8.0,21.0,0.09051724137931035,0.009345794392523364,0.08117144698678698
95,O08807,,3.0165412315158213,8.0,21.0,0.09051724137931035,0.009345794392523364,0.08117144698678698
96,Q31125,,3.0163447173128497,8.0,21.0,0.09051724137931035,0.009345794392523364,0.08117144698678698
97,Q03311,TP,3.0088989148155916,8.0,22.0,0.09482758620689655,0.009345794392523364,0.08548179181437318
98,Q9R0Q3,,3.007737931290284,8.0,22.0,0.09482758620689655,0.009345794392523364,0.08548179181437318
99,Q9CQ45,TP,3.004714644499513,8.0,23.0,0.09913793103448276,0.009345794392523364,0.0897921366419594
100,P42932,FP,3.0046901670819888,9.0,23.0,0.09913793103448276,0.010514018691588784,0.08862391234289398
101,P19324,,3.0025537853354702,9.0,23.0,0.09913793103448276,0.010514018691588784,0.08862391234289398
102,Q3TDQ1,,2.997695138641399,9.0,23.0,0.09913793103448276,0.010514018691588784,0.08862391234289398
103,Q8BLI4,,2.9903894303894454,9.0,23.0,0.09913793103448276,0.010514018691588784,0.08862391234289398
104,O88856,,2.9842695532559502,9.0,23.0,0.09913793103448276,0.010514018691588784,0.08862391234289398
105,P82349,FP,2.980740595231342,10.0,23.0,0.09913793103448276,0.011682242990654205,0.08745568804382856
106,P81117,TP,2.97368896622626,10.0,24.0,0.10344827586206896,0.011682242990654205,0.09176603287141476
107,Q6GQT9,,2.9711592227769548,10.0,24.0,0.10344827586206896,0.011682242990654205,0.09176603287141476
108,P16675,,2.963305685075509,10.0,24.0,0.10344827586206896,0.011682242990654205,0.09176603287141476
109,Q2HXL6,,2.960057822739471,10.0,24.0,0.10344827586206896,0.011682242990654205,0.09176603287141476
110,F8VQ06,,2.944799734415301,10.0,24.0,0.10344827586206896,0.011682242990654205,0.09176603287141476
111,Q9EPS3,,2.937925343491746,10.0,24.0,0.10344827586206896,0.011682242990654205,0.09176603287141476
112,Q3TMX5,,2.936525582085706,10.0,24.0,0.10344827586206896,0.011682242990654205,0.09176603287141476
113,Q8BQ47,TP,2.928035740876382,10.0,25.0,0.10775862068965517,0.011682242990654205,0.09607637769900096
114,Q8VD31,,2.9236974968377423,10.0,25.0,0.10775862068965517,0.011682242990654205,0.09607637769900096
115,P43406,,2.9231518966775876,10.0,25.0,0.10775862068965517,0.011682242990654205,0.09607637769900096
116,Q9JK53,TP,2.9087740869615963,10.0,26.0,0.11206896551724138,0.011682242990654205,0.10038672252658717
117,Q9JHP7,,2.8984242449929565,10.0,26.0,0.11206896551724138,0.011682242990654205,0.10038672252658717
118,P57759,,2.8968387235690884,10.0,26.0,0.11206896551724138,0.011682242990654205,0.10038672252658717
119,Q80UU9,FP,2.8899114493412092,11.0,26.0,0.11206896551724138,0.012850467289719626,0.09921849822752175
120,Q8BSH2,,2.8720085887975753,11.0,26.0,0.11206896551724138,0.012850467289719626,0.09921849822752175
121,Q69ZQ1,FP,2.870232386896,12.0,26.0,0.11206896551724138,0.014018691588785047,0.09805027392845633
122,Q8C7X2,,2.8627943117620958,12.0,26.0,0.11206896551724138,0.014018691588785047,0.09805027392845633
123,Q8VCF1,,2.854050948987659,12.0,26.0,0.11206896551724138,0.014018691588785047,0.09805027392845633
124,Q8VEH8,,2.8489395896859016,12.0,26.0,0.11206896551724138,0.014018691588785047,0.09805027392845633
125,Q99LR1,,2.8272811828322038,12.0,26.0,0.11206896551724138,0.014018691588785047,0.09805027392845633
126,Q9WUP4,,2.825025329511385,12.0,26.0,0.11206896551724138,0.014018691588785047,0.09805027392845633
127,Q9WV54,TP,2.8218207864952913,12.0,27.0,0.11637931034482758,0.014018691588785047,0.10236061875604253
128,Q8R0X7,,2.816366891114401,12.0,27.0,0.11637931034482758,0.014018691588785047,0.10236061875604253
129,Q8BLY1,TP,2.8156234528609803,12.0,28.0,0.1206896551724138,0.014018691588785047,0.10667096358362875
130,F6XJP7,,2.8057926016696,12.0,28.0,0.1206896551724138,0.014018691588785047,0.10667096358362875
131,Q9D1D4,,2.7969249892696335,12.0,28.0,0.1206896551724138,0.014018691588785047,0.10667096358362875
132,Q8VEB4,TP,2.7957001761403637,12.0,29.0,0.125,0.014018691588785047,0.11098130841121495
133,O88207,TP,2.792710484508213,12.0,30.0,0.12931034482758622,0.014018691588785047,0.11529165323880117
134,Q8VCT4,,2.792528334899804,12.0,30.0,0.12931034482758622,0.014018691588785047,0.11529165323880117
135,P27773,,2.7914879569388344,12.0,30.0,0.12931034482758622,0.014018691588785047,0.11529165323880117
136,P04925,,2.7884041691271353,12.0,30.0,0.12931034482758622,0.014018691588785047,0.11529165323880117
137,Q8R1V4,,2.7661343969348215,12.0,30.0,0.12931034482758622,0.014018691588785047,0.11529165323880117
138,Q80X71,,2.742288399736012,12.0,30.0,0.12931034482758622,0.014018691588785047,0.11529165323880117
139,Q5XG73,,2.742162106585933,12.0,30.0,0.12931034482758622,0.014018691588785047,0.11529165323880117
140,Q61739,,2.734594737897922,12.0,30.0,0.12931034482758622,0.014018691588785047,0.11529165323880117
141,Q8K1F9,,2.731906620973063,12.0,30.0,0.12931034482758622,0.014018691588785047,0.11529165323880117
142,Q8BSY0,,2.731679774755863,12.0,30.0,0.12931034482758622,0.014018691588785047,0.11529165323880117
143,Q9D7N9,,2.7234989162406427,12.0,30.0,0.12931034482758622,0.014018691588785047,0.11529165323880117
144,Q8BW41,,2.712827776570317,12.0,30.0,0.12931034482758622,0.014018691588785047,0.11529165323880117
145,Q9WTZ2,,2.707764750960859,12.0,30.0,0.12931034482758622,0.014018691588785047,0.11529165323880117
146,Q8BHT6,,2.7009138233353505,12.0,30.0,0.12931034482758622,0.014018691588785047,0.11529165323880117
147,Q8BRK9,,2.699635007856066,12.0,30.0,0.12931034482758622,0.014018691588785047,0.11529165323880117
148,Q8VC60,TP,2.698978834883842,12.0,31.0,0.1336206896551724,0.014018691588785047,0.11960199806638735
149,Q9CZX9,,2.688359001165258,12.0,31.0,0.1336206896551724,0.014018691588785047,0.11960199806638735
150,P29621,TP,2.6635731830007043,12.0,32.0,0.13793103448275862,0.014018691588785047,0.12391234289397357
151,O88572,,2.6446609119833964,12.0,32.0,0.13793103448275862,0.014018691588785047,0.12391234289397357
152,D3YZZ5,,2.6274172394645294,12.0,32.0,0.13793103448275862,0.014018691588785047,0.12391234289397357
153,Q8BIX9,,2.6255077912020566,12.0,32.0,0.13793103448275862,0.014018691588785047,0.12391234289397357
154,V9GX76,,2.6168687324830575,12.0,32.0,0.13793103448275862,0.014018691588785047,0.12391234289397357
155,Q8BVU5,,2.6157748576701443,12.0,32.0,0.13793103448275862,0.014018691588785047,0.12391234289397357
156,Q06335,FP,2.6123423087247843,13.0,32.0,0.13793103448275862,0.015186915887850467,0.12274411859490815
157,P45878,,2.6098394697689544,13.0,32.0,0.13793103448275862,0.015186915887850467,0.12274411859490815
158,Q91WU0,,2.6098255395706857,13.0,32.0,0.13793103448275862,0.015186915887850467,0.12274411859490815
159,B1ATG9,,2.6020566092966657,13.0,32.0,0.13793103448275862,0.015186915887850467,0.12274411859490815
160,Q8BIF0,,2.6014141706259966,13.0,32.0,0.13793103448275862,0.015186915887850467,0.12274411859490815
161,P08113,,2.5912220261702097,13.0,32.0,0.13793103448275862,0.015186915887850467,0.12274411859490815
162,P97467,,2.5894936728864444,13.0,32.0,0.13793103448275862,0.015186915887850467,0.12274411859490815
163,Q8C7K6,TP,2.586122151510052,13.0,33.0,0.14224137931034483,0.015186915887850467,0.12705446342249438
164,Q8BHN3,,2.5850684116603113,13.0,33.0,0.14224137931034483,0.015186915887850467,0.12705446342249438
165,P97290,TP,2.584739625997956,13.0,34.0,0.14655172413793102,0.015186915887850467,0.13136480825008057
166,O89110,FP,2.5777345800405826,14.0,34.0,0.14655172413793102,0.016355140186915886,0.13019658395101513
167,Q99KI3,,2.5677011574276727,14.0,34.0,0.14655172413793102,0.016355140186915886,0.13019658395101513
168,Q8C3B8,,2.5669111861092713,14.0,34.0,0.14655172413793102,0.016355140186915886,0.13019658395101513
169,Q61543,FP,2.555532640065465,15.0,34.0,0.14655172413793102,0.017523364485981307,0.12902835965194973
170,P09103,,2.5552032390638963,15.0,34.0,0.14655172413793102,0.017523364485981307,0.12902835965194973
171,P10639,TP,2.549864784478179,15.0,35.0,0.15086206896551724,0.017523364485981307,0.13333870447953594
172,Q3TAS6,TP,2.54848822210915,15.0,36.0,0.15517241379310345,0.017523364485981307,0.13764904930712216
173,Q9EPL0,TP,2.545228701891002,15.0,37.0,0.15948275862068967,0.017523364485981307,0.14195939413470837
174,Q8CFX1,,2.5445111934937334,15.0,37.0,0.15948275862068967,0.017523364485981307,0.14195939413470837
175,Q9Z0M6,TP,2.53630140405888,15.0,38.0,0.16379310344827586,0.017523364485981307,0.14626973896229456
176,Q8VCM8,,2.5328947528521066,15.0,38.0,0.16379310344827586,0.017523364485981307,0.14626973896229456
177,Q62356,TP,2.5223783465504304,15.0,39.0,0.16810344827586207,0.017523364485981307,0.15058008378988078
178,P97946,TP,2.5216489610165596,15.0,40.0,0.1724137931034483,0.017523364485981307,0.154890428617467
179,Q9DC23,,2.51826284804483,15.0,40.0,0.1724137931034483,0.017523364485981307,0.154890428617467
180,Q9CQF9,,2.507288849558997,15.0,40.0,0.1724137931034483,0.017523364485981307,0.154890428617467
181,O88531,TP,2.5066609795366195,15.0,41.0,0.17672413793103448,0.017523364485981307,0.15920077344505318
182,P16882,TP,2.504877330473347,15.0,42.0,0.1810344827586207,0.017523364485981307,0.1635111182726394
183,P14211,TP,2.5014336078679835,15.0,43.0,0.1853448275862069,0.017523364485981307,0.1678214631002256
184,Q9ER41,FP,2.5013423744519145,16.0,43.0,0.1853448275862069,0.018691588785046728,0.16665323880116018
185,P83093,,2.4881246529152694,16.0,43.0,0.1853448275862069,0.018691588785046728,0.16665323880116018
186,Q5MJS3,TP,2.478234651776427,16.0,44.0,0.1896551724137931,0.018691588785046728,0.17096358362874636
187,Q9CYD3,TP,2.475654500451448,16.0,45.0,0.1939655172413793,0.018691588785046728,0.17527392845633258
188,Q3UHH8,,2.4675334597682212,16.0,45.0,0.1939655172413793,0.018691588785046728,0.17527392845633258
189,P70180,,2.4637565462161835,16.0,45.0,0.1939655172413793,0.018691588785046728,0.17527392845633258
190,Q9D1Q6,,2.4575010543466167,16.0,45.0,0.1939655172413793,0.018691588785046728,0.17527392845633258
191,Q99KF1,,2.451422578990114,16.0,45.0,0.1939655172413793,0.018691588785046728,0.17527392845633258
192,Q9WUB3,,2.441993914684134,16.0,45.0,0.1939655172413793,0.018691588785046728,0.17527392845633258
193,Q9ERR7,,2.438032596870187,16.0,45.0,0.1939655172413793,0.018691588785046728,0.17527392845633258
194,P24369,,2.4378988875731413,16.0,45.0,0.1939655172413793,0.018691588785046728,0.17527392845633258
195,Q80UM7,,2.4339686821162716,16.0,45.0,0.1939655172413793,0.018691588785046728,0.17527392845633258
196,Q8C7V8,TP,2.4305889385915567,16.0,46.0,0.19827586206896552,0.018691588785046728,0.1795842732839188
197,Q8R0J2,,2.4271205433355627,16.0,46.0,0.19827586206896552,0.018691588785046728,0.1795842732839188
198,Q8BGQ6,,2.4266471660300395,16.0,46.0,0.19827586206896552,0.018691588785046728,0.1795842732839188
199,P11087,TP,2.422224059490542,16.0,47.0,0.2025862068965517,0.018691588785046728,0.18389461811150498
200,Q9DCV3,,2.415449716629934,16.0,47.0,0.2025862068965517,0.018691588785046728,0.18389461811150498
201,Q91YX5,,2.4128833232356555,16.0,47.0,0.2025862068965517,0.018691588785046728,0.18389461811150498
202,P47750,,2.4109262815642896,16.0,47.0,0.2025862068965517,0.018691588785046728,0.18389461811150498
203,Q3TNH5,FP,2.4096519419134674,17.0,47.0,0.2025862068965517,0.01985981308411215,0.18272639381243957
204,Q8K0C4,,2.4089832775682387,17.0,47.0,0.2025862068965517,0.01985981308411215,0.18272639381243957
205,Q8VBZ3,,2.4031142715818863,17.0,47.0,0.2025862068965517,0.01985981308411215,0.18272639381243957
206,Q6PB93,TP,2.401269821771255,17.0,48.0,0.20689655172413793,0.01985981308411215,0.1870367386400258
207,P06797,TP,2.3969527558378183,17.0,49.0,0.21120689655172414,0.01985981308411215,0.191347083467612
208,Q8BMD6,FP,2.3861979829475453,18.0,49.0,0.21120689655172414,0.02102803738317757,0.19017885916854657
209,E9Q6D8,,2.380780302938911,18.0,49.0,0.21120689655172414,0.02102803738317757,0.19017885916854657
210,Q9QWR8,,2.360503352654527,18.0,49.0,0.21120689655172414,0.02102803738317757,0.19017885916854657
211,Q64310,,2.355466764431379,18.0,49.0,0.21120689655172414,0.02102803738317757,0.19017885916854657
212,Q91XL1,,2.353166391745557,18.0,49.0,0.21120689655172414,0.02102803738317757,0.19017885916854657
213,Q8R0F3,,2.3497077348394226,18.0,49.0,0.21120689655172414,0.02102803738317757,0.19017885916854657
214,Q5SSH8,TP,2.3356830818802896,18.0,50.0,0.21551724137931033,0.02102803738317757,0.19448920399613276
215,Q9R0E1,TP,2.32982168504091,18.0,51.0,0.21982758620689655,0.02102803738317757,0.19879954882371897
216,P01901,,2.3178238685173578,18.0,51.0,0.21982758620689655,0.02102803738317757,0.19879954882371897
217,Q61207,TP,2.3148327870000522,18.0,52.0,0.22413793103448276,0.02102803738317757,0.2031098936513052
218,P01029,TP,2.3001405166332534,18.0,53.0,0.22844827586206898,0.02102803738317757,0.2074202384788914
219,Q9JKR6,,2.298981636158822,18.0,53.0,0.22844827586206898,0.02102803738317757,0.2074202384788914
220,Q9EQC7,TP,2.2980524006406227,18.0,54.0,0.23275862068965517,0.02102803738317757,0.2117305833064776
221,Q8R242,,2.2954112749072433,18.0,54.0,0.23275862068965517,0.02102803738317757,0.2117305833064776
222,P37040,,2.29327858698114,18.0,54.0,0.23275862068965517,0.02102803738317757,0.2117305833064776
223,Q99KR8,TP,2.292801733205605,18.0,55.0,0.23706896551724138,0.02102803738317757,0.2160409281340638
224,Q8BXA1,,2.2853943713696245,18.0,55.0,0.23706896551724138,0.02102803738317757,0.2160409281340638
225,Q6P1H4,,2.2749861805039324,18.0,55.0,0.23706896551724138,0.02102803738317757,0.2160409281340638
226,Q91YQ5,,2.2743051222099133,18.0,55.0,0.23706896551724138,0.02102803738317757,0.2160409281340638
227,Q9Z2A9,,2.2720353392234207,18.0,55.0,0.23706896551724138,0.02102803738317757,0.2160409281340638
228,Q3UVK0,FP,2.269635440752047,19.0,55.0,0.23706896551724138,0.02219626168224299,0.2148727038349984
229,Q9D136,,2.2680424692350636,19.0,55.0,0.23706896551724138,0.02219626168224299,0.2148727038349984
230,Q05186,,2.2652701923929026,19.0,55.0,0.23706896551724138,0.02219626168224299,0.2148727038349984
231,P08003,,2.260197465658304,19.0,55.0,0.23706896551724138,0.02219626168224299,0.2148727038349984
232,Q8BH24,,2.2484133274435427,19.0,55.0,0.23706896551724138,0.02219626168224299,0.2148727038349984
233,Q8BP92,,2.2460400400712186,19.0,55.0,0.23706896551724138,0.02219626168224299,0.2148727038349984
234,P98156,,2.2452315065838624,19.0,55.0,0.23706896551724138,0.02219626168224299,0.2148727038349984
235,Q5XKE0,,2.2432042448248533,19.0,55.0,0.23706896551724138,0.02219626168224299,0.2148727038349984
236,Q62087,TP,2.2398506427623106,19.0,56.0,0.2413793103448276,0.02219626168224299,0.21918304866258462
237,P23506,,2.237050905614268,19.0,56.0,0.2413793103448276,0.02219626168224299,0.21918304866258462
238,Q9R1E6,TP,2.235235175205822,19.0,57.0,0.24568965517241378,0.02219626168224299,0.2234933934901708
239,Q3UHK6,FP,2.2323923291413648,20.0,57.0,0.24568965517241378,0.02336448598130841,0.22232516919110537
240,Q9QY73,,2.222049795394362,20.0,57.0,0.24568965517241378,0.02336448598130841,0.22232516919110537
241,Q3UZ09,TP,2.217670270323241,20.0,58.0,0.25,0.02336448598130841,0.2266355140186916
242,P62342,,2.2147991347475386,20.0,58.0,0.25,0.02336448598130841,0.2266355140186916
243,P36993,,2.210178213470747,20.0,58.0,0.25,0.02336448598130841,0.2266355140186916
244,Q9WTS2,,2.2083369278370726,20.0,58.0,0.25,0.02336448598130841,0.2266355140186916
245,O54782,TP,2.208327894115896,20.0,59.0,0.2543103448275862,0.02336448598130841,0.23094585884627777
246,Q6PD26,,2.2054318425198747,20.0,59.0,0.2543103448275862,0.02336448598130841,0.23094585884627777
247,Q9WTK3,,2.203018918710234,20.0,59.0,0.2543103448275862,0.02336448598130841,0.23094585884627777
248,P18242,TP,2.202831177727325,20.0,60.0,0.25862068965517243,0.02336448598130841,0.23525620367386402
249,A2AJ26,,2.2009343183723353,20.0,60.0,0.25862068965517243,0.02336448598130841,0.23525620367386402
250,Q8C341,,2.1964805694591534,20.0,60.0,0.25862068965517243,0.02336448598130841,0.23525620367386402
251,Q149L6,FP,2.1909595371925237,21.0,60.0,0.25862068965517243,0.02453271028037383,0.2340879793747986
252,Q99KV1,,2.18988487475133,21.0,60.0,0.25862068965517243,0.02453271028037383,0.2340879793747986
253,Q8BJD1,TP,2.1809451126604786,21.0,61.0,0.2629310344827586,0.02453271028037383,0.2383983242023848
254,P49817,,2.177106045942029,21.0,61.0,0.2629310344827586,0.02453271028037383,0.2383983242023848
255,Q8R023,FP,2.1758115561217606,22.0,61.0,0.2629310344827586,0.02570093457943925,0.23723009990331936
256,Q9Z0Z4,,2.168992594524245,22.0,61.0,0.2629310344827586,0.02570093457943925,0.23723009990331936
257,P97742,,2.160902517703856,22.0,61.0,0.2629310344827586,0.02570093457943925,0.23723009990331936
258,Q8BJT9,,2.158164680691974,22.0,61.0,0.2629310344827586,0.02570093457943925,0.23723009990331936
259,Q80W54,FP,2.15650191022013,23.0,61.0,0.2629310344827586,0.026869158878504672,0.23606187560425396
260,Q62190,,2.151113219604441,23.0,61.0,0.2629310344827586,0.026869158878504672,0.23606187560425396
261,Q8K297,,2.1489849960169374,23.0,61.0,0.2629310344827586,0.026869158878504672,0.23606187560425396
262,Q60994,TP,2.1454993672537586,23.0,62.0,0.2672413793103448,0.026869158878504672,0.24037222043184014
263,Q99LJ1,,2.140303945599389,23.0,62.0,0.2672413793103448,0.026869158878504672,0.24037222043184014
264,P02469,TP,2.1364189708710954,23.0,63.0,0.27155172413793105,0.026869158878504672,0.2446825652594264
265,P07310,,2.11787221713707,23.0,63.0,0.27155172413793105,0.026869158878504672,0.2446825652594264
266,Q8BYW9,,2.1151747159672523,23.0,63.0,0.27155172413793105,0.026869158878504672,0.2446825652594264
267,Q6DVA0,FP,2.11507984374128,24.0,63.0,0.27155172413793105,0.028037383177570093,0.24351434096036095
268,Q61805,TP,2.1137538358791668,24.0,64.0,0.27586206896551724,0.028037383177570093,0.24782468578794714
269,P20029,,2.1098217618259514,24.0,64.0,0.27586206896551724,0.028037383177570093,0.24782468578794714
270,P50172,,2.0963875640645684,24.0,64.0,0.27586206896551724,0.028037383177570093,0.24782468578794714
271,O55239,,2.0941014628651766,24.0,64.0,0.27586206896551724,0.028037383177570093,0.24782468578794714
272,Q9R045,TP,2.0893919191628973,24.0,65.0,0.2801724137931034,0.028037383177570093,0.25213503061553333
273,G3X9Q1,,2.075712518604036,24.0,65.0,0.2801724137931034,0.028037383177570093,0.25213503061553333
274,Q9Z2B5,,2.069605295747805,24.0,65.0,0.2801724137931034,0.028037383177570093,0.25213503061553333
275,Q8K2I4,,2.0654752244468,24.0,65.0,0.2801724137931034,0.028037383177570093,0.25213503061553333
276,Q69ZN6,,2.065256442931501,24.0,65.0,0.2801724137931034,0.028037383177570093,0.25213503061553333
277,Q8BU85,,2.062865415011225,24.0,65.0,0.2801724137931034,0.028037383177570093,0.25213503061553333
278,G3X8T9,,2.057163538134728,24.0,65.0,0.2801724137931034,0.028037383177570093,0.25213503061553333
279,Q80TN4,,2.0388096731466905,24.0,65.0,0.2801724137931034,0.028037383177570093,0.25213503061553333
280,Q9Z0M5,,2.036873868436341,24.0,65.0,0.2801724137931034,0.028037383177570093,0.25213503061553333
281,Q8BGR2,,2.0349168048375423,24.0,65.0,0.2801724137931034,0.028037383177570093,0.25213503061553333
282,P23780,,2.031065337644644,24.0,65.0,0.2801724137931034,0.028037383177570093,0.25213503061553333
283,Q9EPR2,TP,2.0304827010244133,24.0,66.0,0.28448275862068967,0.028037383177570093,0.25644537544311957
284,Q9Z1M7,,2.030322036418019,24.0,66.0,0.28448275862068967,0.028037383177570093,0.25644537544311957
285,P27546,FP,2.0279954780882736,25.0,66.0,0.28448275862068967,0.029205607476635514,0.25527715114405414
286,Q8BXZ1,,2.027086260667145,25.0,66.0,0.28448275862068967,0.029205607476635514,0.25527715114405414
287,Q9CPT4,TP,2.02576998989378,25.0,67.0,0.28879310344827586,0.029205607476635514,0.2595874959716403
288,Q60902,FP,2.0252570747349896,26.0,67.0,0.28879310344827586,0.030373831775700934,0.25841927167257495
289,Q8VDL4,TP,2.0246103983506765,26.0,68.0,0.29310344827586204,0.030373831775700934,0.26272961650016113
290,Q91XY2,,2.0223661359131766,26.0,68.0,0.29310344827586204,0.030373831775700934,0.26272961650016113
291,Q9CQY5,,2.020075999311173,26.0,68.0,0.29310344827586204,0.030373831775700934,0.26272961650016113
292,Q99J56,,2.0199463542972507,26.0,68.0,0.29310344827586204,0.030373831775700934,0.26272961650016113
293,Q9CWS1,,2.0183561573377635,26.0,68.0,0.29310344827586204,0.030373831775700934,0.26272961650016113
294,Q9JMG2,,2.016815177931702,26.0,68.0,0.29310344827586204,0.030373831775700934,0.26272961650016113
295,Q9EQH2,,2.01609888894468,26.0,68.0,0.29310344827586204,0.030373831775700934,0.26272961650016113
296,Q8K4Z3,TP,2.0084026499567136,26.0,69.0,0.2974137931034483,0.030373831775700934,0.2670399613277474
297,Q8VCI5,,2.0055003206002677,26.0,69.0,0.2974137931034483,0.030373831775700934,0.2670399613277474
298,Q8BJW6,,1.9974180004518258,26.0,69.0,0.2974137931034483,0.030373831775700934,0.2670399613277474
299,Q922D4,FP,1.9869564575178391,27.0,69.0,0.2974137931034483,0.03154205607476635,0.26587173702868194
300,Q4ZJN1,TP,1.9869070165880218,27.0,70.0,0.3017241379310345,0.03154205607476635,0.27018208185626813
301,Q3UUQ7,,1.9822055076833403,27.0,70.0,0.3017241379310345,0.03154205607476635,0.27018208185626813
302,Q8BXA5,,1.9813475559513896,27.0,70.0,0.3017241379310345,0.03154205607476635,0.27018208185626813
303,Q9QXT0,,1.9773694617779924,27.0,70.0,0.3017241379310345,0.03154205607476635,0.27018208185626813
304,Q8R2G4,,1.9669461926486578,27.0,70.0,0.3017241379310345,0.03154205607476635,0.27018208185626813
305,Q60847,TP,1.9558531608384522,27.0,71.0,0.30603448275862066,0.03154205607476635,0.2744924266838543
306,Q9CYA0,,1.9540512380447037,27.0,71.0,0.30603448275862066,0.03154205607476635,0.2744924266838543
307,B2RXS4,,1.953350842373646,27.0,71.0,0.30603448275862066,0.03154205607476635,0.2744924266838543
308,Q9CXY9,,1.9497384786852114,27.0,71.0,0.30603448275862066,0.03154205607476635,0.2744924266838543
309,P41160,TP,1.944407083771664,27.0,72.0,0.3103448275862069,0.03154205607476635,0.27880277151144056
310,Q3USZ8,TP,1.942781154449315,27.0,73.0,0.3146551724137931,0.03154205607476635,0.28311311633902675
311,O89001,,1.9193650777275508,27.0,73.0,0.3146551724137931,0.03154205607476635,0.28311311633902675
312,Q8BPG6,,1.9178481653407486,27.0,73.0,0.3146551724137931,0.03154205607476635,0.28311311633902675
313,P39098,,1.9133710821447065,27.0,73.0,0.3146551724137931,0.03154205607476635,0.28311311633902675
314,Q8VHE0,,1.91270348818336,27.0,73.0,0.3146551724137931,0.03154205607476635,0.28311311633902675
315,Q61072,,1.899971946275509,27.0,73.0,0.3146551724137931,0.03154205607476635,0.28311311633902675
316,P01027,TP,1.8992362771264575,27.0,74.0,0.31896551724137934,0.03154205607476635,0.287423461166613
317,P16092,FP,1.8962877167497678,28.0,74.0,0.31896551724137934,0.03271028037383177,0.28625523686754756
318,Q99LI2,FP,1.8961291532389724,29.0,74.0,0.31896551724137934,0.03387850467289719,0.2850870125684821
319,E9PUM4,,1.8914550233428362,29.0,74.0,0.31896551724137934,0.03387850467289719,0.2850870125684821
320,Q8R550,FP,1.8892373305455863,30.0,74.0,0.31896551724137934,0.035046728971962614,0.28391878826941674
321,Q8BFZ9,,1.88423395635536,30.0,74.0,0.31896551724137934,0.035046728971962614,0.28391878826941674
322,P70387,,1.874096614167883,30.0,74.0,0.31896551724137934,0.035046728971962614,0.28391878826941674
323,P51655,TP,1.8677377525958951,30.0,75.0,0.3232758620689655,0.035046728971962614,0.28822913309700293
324,P12265,,1.86689329713931,30.0,75.0,0.3232758620689655,0.035046728971962614,0.28822913309700293
325,O08912,TP,1.8622356399369269,30.0,76.0,0.3275862068965517,0.035046728971962614,0.2925394779245891
326,Q3TML0,,1.8618197824131275,30.0,76.0,0.3275862068965517,0.035046728971962614,0.2925394779245891
327,Q8QZR4,,1.861113318968468,30.0,76.0,0.3275862068965517,0.035046728971962614,0.2925394779245891
328,Q8VCS3,,1.8609992671446824,30.0,76.0,0.3275862068965517,0.035046728971962614,0.2925394779245891
329,Q3U128,,1.8609432758108957,30.0,76.0,0.3275862068965517,0.035046728971962614,0.2925394779245891
330,Q6DID7,,1.8550573876166896,30.0,76.0,0.3275862068965517,0.035046728971962614,0.2925394779245891
331,P27046,,1.8549953594979682,30.0,76.0,0.3275862068965517,0.035046728971962614,0.2925394779245891
332,Q9WVB4,TP,1.8501150187079693,30.0,77.0,0.33189655172413796,0.035046728971962614,0.29684982275217536
333,Q8CE80,,1.845214379740182,30.0,77.0,0.33189655172413796,0.035046728971962614,0.29684982275217536
334,P11152,TP,1.840746064925121,30.0,78.0,0.33620689655172414,0.035046728971962614,0.30116016757976155
335,P70206,,1.8376238039217938,30.0,78.0,0.33620689655172414,0.035046728971962614,0.30116016757976155
336,Q8R079,,1.834909413028812,30.0,78.0,0.33620689655172414,0.035046728971962614,0.30116016757976155
337,Q8BRN9,FP,1.8203309136169181,31.0,78.0,0.33620689655172414,0.036214953271028034,0.2999919432806961
338,O70472,,1.8094356364244186,31.0,78.0,0.33620689655172414,0.036214953271028034,0.2999919432806961
339,Q80UJ7,,1.8060746512187327,31.0,78.0,0.33620689655172414,0.036214953271028034,0.2999919432806961
340,Q3TRM4,,1.8000072337378934,31.0,78.0,0.33620689655172414,0.036214953271028034,0.2999919432806961
341,Q8K2W3,,1.7978621106437171,31.0,78.0,0.33620689655172414,0.036214953271028034,0.2999919432806961
342,Q6PGH2,FP,1.79586333272994,32.0,78.0,0.33620689655172414,0.037383177570093455,0.2988237189816307
343,O35598,,1.7909432281031006,32.0,78.0,0.33620689655172414,0.037383177570093455,0.2988237189816307
344,Q9D2V7,,1.7878708102430234,32.0,78.0,0.33620689655172414,0.037383177570093455,0.2988237189816307
345,Q8BPB5,TP,1.7865991431951218,32.0,79.0,0.34051724137931033,0.037383177570093455,0.30313406380921687
346,P25446,,1.7856989922243713,32.0,79.0,0.34051724137931033,0.037383177570093455,0.30313406380921687
347,Q9CX00,FP,1.7824056229933698,33.0,79.0,0.34051724137931033,0.038551401869158876,0.30196583951015143
348,P14576,FP,1.7778404740328033,34.0,79.0,0.34051724137931033,0.0397196261682243,0.30079761521108606
349,O08795,,1.7756787175783595,34.0,79.0,0.34051724137931033,0.0397196261682243,0.30079761521108606
350,Q80Z24,,1.7664257896459012,34.0,79.0,0.34051724137931033,0.0397196261682243,0.30079761521108606
351,Q99LG2,FP,1.7649059050881135,35.0,79.0,0.34051724137931033,0.04088785046728972,0.2996293909120206
352,Q8BMK4,FP,1.7640104458682464,36.0,79.0,0.34051724137931033,0.04205607476635514,0.2984611666129552
353,G5E8F8,,1.7626513993038908,36.0,79.0,0.34051724137931033,0.04205607476635514,0.2984611666129552
354,Q3V3R4,,1.7626413076504643,36.0,79.0,0.34051724137931033,0.04205607476635514,0.2984611666129552
355,Q61646,TP,1.7485892195757364,36.0,80.0,0.3448275862068966,0.04205607476635514,0.30277151144054143
356,Q61824,,1.7406889407863488,36.0,80.0,0.3448275862068966,0.04205607476635514,0.30277151144054143
357,P21956,TP,1.7404752992613748,36.0,81.0,0.34913793103448276,0.04205607476635514,0.3070818562681276
358,P08122,TP,1.7333705641183175,36.0,82.0,0.35344827586206895,0.04205607476635514,0.3113922010957138
359,P97927,TP,1.7330757797273233,36.0,83.0,0.3577586206896552,0.04205607476635514,0.31570254592330005
360,Q58A65,,1.7303130402565268,36.0,83.0,0.3577586206896552,0.04205607476635514,0.31570254592330005
361,O08746,TP,1.7212847045554736,36.0,84.0,0.3620689655172414,0.04205607476635514,0.32001289075088624
362,Q3TVI8,FP,1.7200916728014672,37.0,84.0,0.3620689655172414,0.04322429906542056,0.3188446664518208
363,E9Q616,,1.7153819497984493,37.0,84.0,0.3620689655172414,0.04322429906542056,0.3188446664518208
364,Q91VN0,,1.7141448434113111,37.0,84.0,0.3620689655172414,0.04322429906542056,0.3188446664518208
365,O54734,,1.7128269054772656,37.0,84.0,0.3620689655172414,0.04322429906542056,0.3188446664518208
366,Q8K2K6,FP,1.7114727198122766,38.0,84.0,0.3620689655172414,0.04439252336448598,0.3176764421527554
367,Q9R0A0,,1.7094598975612518,38.0,84.0,0.3620689655172414,0.04439252336448598,0.3176764421527554
368,Q8CDN6,FP,1.70674230109852,39.0,84.0,0.3620689655172414,0.0455607476635514,0.31650821785369
369,Q8CI19,TP,1.7040404689762114,39.0,85.0,0.36637931034482757,0.0455607476635514,0.3208185626812762
370,Q8R087,,1.7038187015638586,39.0,85.0,0.36637931034482757,0.0455607476635514,0.3208185626812762
371,Q8K273,,1.703341630878787,39.0,85.0,0.36637931034482757,0.0455607476635514,0.3208185626812762
372,D3YU56,,1.7009926340893242,39.0,85.0,0.36637931034482757,0.0455607476635514,0.3208185626812762
373,P18572,,1.6977044853493382,39.0,85.0,0.36637931034482757,0.0455607476635514,0.3208185626812762
374,A2A9M4,,1.6974837327831678,39.0,85.0,0.36637931034482757,0.0455607476635514,0.3208185626812762
375,Q9JLI2,,1.6967334044337823,39.0,85.0,0.36637931034482757,0.0455607476635514,0.3208185626812762
376,O08601,,1.6940560968668903,39.0,85.0,0.36637931034482757,0.0455607476635514,0.3208185626812762
377,Q66JQ7,FP,1.6893254379847311,40.0,85.0,0.36637931034482757,0.04672897196261682,0.31965033838221074
378,P59266,,1.6863247053435884,40.0,85.0,0.36637931034482757,0.04672897196261682,0.31965033838221074
379,Q3UQ28,TP,1.6767524919915826,40.0,86.0,0.3706896551724138,0.04672897196261682,0.323960683209797
380,Q76N33,,1.675131994321122,40.0,86.0,0.3706896551724138,0.04672897196261682,0.323960683209797
381,Q9JMG3,FP,1.674138075510971,41.0,86.0,0.3706896551724138,0.04789719626168224,0.32279245891073155
382,Q9D6I7,,1.6712181624252755,41.0,86.0,0.3706896551724138,0.04789719626168224,0.32279245891073155
383,Q61249,,1.6697039588911269,41.0,86.0,0.3706896551724138,0.04789719626168224,0.32279245891073155
384,Q8VE88,,1.6680671015690056,41.0,86.0,0.3706896551724138,0.04789719626168224,0.32279245891073155
385,Q9EP72,,1.6658015852983858,41.0,86.0,0.3706896551724138,0.04789719626168224,0.32279245891073155
386,F8VQC7,,1.6597386444738458,41.0,86.0,0.3706896551724138,0.04789719626168224,0.32279245891073155
387,Q9Z160,,1.6564524096436501,41.0,86.0,0.3706896551724138,0.04789719626168224,0.32279245891073155
388,P15208,,1.6489078358617013,41.0,86.0,0.3706896551724138,0.04789719626168224,0.32279245891073155
389,Q8R0H9,,1.6485307670582676,41.0,86.0,0.3706896551724138,0.04789719626168224,0.32279245891073155
390,Q8CIN4,FP,1.6480376661524103,42.0,86.0,0.3706896551724138,0.04906542056074766,0.32162423461166617
391,Q6PHU5,FP,1.6457083877481515,43.0,86.0,0.3706896551724138,0.05023364485981308,0.32045601031260074
392,Q9WUU7,,1.6447945866722544,43.0,86.0,0.3706896551724138,0.05023364485981308,0.32045601031260074
393,P56399,,1.6441646936616634,43.0,86.0,0.3706896551724138,0.05023364485981308,0.32045601031260074
394,P01899,,1.6421391780733954,43.0,86.0,0.3706896551724138,0.05023364485981308,0.32045601031260074
395,P35564,,1.6403511252017375,43.0,86.0,0.3706896551724138,0.05023364485981308,0.32045601031260074
396,P09671,,1.6292855734106035,43.0,86.0,0.3706896551724138,0.05023364485981308,0.32045601031260074
397,Q3U1F9,,1.629223269817363,43.0,86.0,0.3706896551724138,0.05023364485981308,0.32045601031260074
398,A0A0A6YY83,,1.626854822465284,43.0,86.0,0.3706896551724138,0.05023364485981308,0.32045601031260074
399,E9Q735,,1.626097090436595,43.0,86.0,0.3706896551724138,0.05023364485981308,0.32045601031260074
400,Q8BJS4,FP,1.6242987062471343,44.0,86.0,0.3706896551724138,0.0514018691588785,0.3192877860135353
401,Q78IS1,,1.6239064984368812,44.0,86.0,0.3706896551724138,0.0514018691588785,0.3192877860135353
402,Q76LS9,,1.620719558202181,44.0,86.0,0.3706896551724138,0.0514018691588785,0.3192877860135353
403,Q9JI78,,1.6178119096519703,44.0,86.0,0.3706896551724138,0.0514018691588785,0.3192877860135353
404,Q8BGT1,TP,1.609447246958663,44.0,87.0,0.375,0.0514018691588785,0.3235981308411215
405,Q9Z0F7,FP,1.6053620585506252,45.0,87.0,0.375,0.052570093457943924,0.32242990654205606
406,P08226,TP,1.6046375531450414,45.0,88.0,0.3793103448275862,0.052570093457943924,0.32674025136964224
407,Q921X9,,1.602963586192234,45.0,88.0,0.3793103448275862,0.052570093457943924,0.32674025136964224
408,Q64735,,1.6012443132952023,45.0,88.0,0.3793103448275862,0.052570093457943924,0.32674025136964224
409,Q61391,,1.5979302906864488,45.0,88.0,0.3793103448275862,0.052570093457943924,0.32674025136964224
410,Q3TA38,FP,1.5976996013016092,46.0,88.0,0.3793103448275862,0.053738317757009345,0.32557202707057686
411,Q9QYE6,,1.5958704520621192,46.0,88.0,0.3793103448275862,0.053738317757009345,0.32557202707057686
412,A2AVA0,TP,1.5957716663858117,46.0,89.0,0.38362068965517243,0.053738317757009345,0.3298823718981631
413,B2RX70,,1.5922857330212192,46.0,89.0,0.38362068965517243,0.053738317757009345,0.3298823718981631
414,Q8R2E9,,1.5910314381712283,46.0,89.0,0.38362068965517243,0.053738317757009345,0.3298823718981631
415,Q91XE8,,1.5906798865584328,46.0,89.0,0.38362068965517243,0.053738317757009345,0.3298823718981631
416,E9Q7M2,FP,1.5902131191048086,47.0,89.0,0.38362068965517243,0.054906542056074766,0.3287141475990977
417,P39061,TP,1.5897842119894148,47.0,90.0,0.3879310344827586,0.054906542056074766,0.33302449242668386
418,Q8CI59,,1.5890292124778242,47.0,90.0,0.3879310344827586,0.054906542056074766,0.33302449242668386
419,Q91ZX7,FP,1.5867465035588846,48.0,90.0,0.3879310344827586,0.056074766355140186,0.3318562681276184
420,Q80X50,,1.5823171253491408,48.0,90.0,0.3879310344827586,0.056074766355140186,0.3318562681276184
421,Q9EPJ9,,1.5793864291221427,48.0,90.0,0.3879310344827586,0.056074766355140186,0.3318562681276184
422,Q9D517,FP,1.5760541494085165,49.0,90.0,0.3879310344827586,0.05724299065420561,0.330688043828553
423,P62983,FP,1.5751965308968061,50.0,90.0,0.3879310344827586,0.05841121495327103,0.3295198195294876
424,Q9DBG6,,1.5738490857348553,50.0,90.0,0.3879310344827586,0.05841121495327103,0.3295198195294876
425,Q8R2G6,TP,1.5724896199282634,50.0,91.0,0.3922413793103448,0.05841121495327103,0.3338301643570738
426,Q9CZU6,,1.571386497188231,50.0,91.0,0.3922413793103448,0.05841121495327103,0.3338301643570738
427,O09159,,1.570239727487904,50.0,91.0,0.3922413793103448,0.05841121495327103,0.3338301643570738
428,Q9QYI4,FP,1.567069645588065,51.0,91.0,0.3922413793103448,0.05957943925233645,0.33266194005800837
429,Q9QZZ6,TP,1.566469597537487,51.0,92.0,0.39655172413793105,0.05957943925233645,0.3369722848855946
430,Q6Y685,FP,1.5628691129051773,52.0,92.0,0.39655172413793105,0.06074766355140187,0.3358040605865292
431,O89023,,1.556575072285738,52.0,92.0,0.39655172413793105,0.06074766355140187,0.3358040605865292
432,D3YZP9,FP,1.5495114046540757,53.0,92.0,0.39655172413793105,0.06191588785046729,0.33463583628746374
433,G5E897,,1.539016029003463,53.0,92.0,0.39655172413793105,0.06191588785046729,0.33463583628746374
434,Q99104,,1.535974518603732,53.0,92.0,0.39655172413793105,0.06191588785046729,0.33463583628746374
435,P04919,,1.5332626581280036,53.0,92.0,0.39655172413793105,0.06191588785046729,0.33463583628746374
436,Q8K358,,1.53178326343595,53.0,92.0,0.39655172413793105,0.06191588785046729,0.33463583628746374
437,Q9EQ32,,1.5315342514286179,53.0,92.0,0.39655172413793105,0.06191588785046729,0.33463583628746374
438,Q9Z2A7,,1.530427123881514,53.0,92.0,0.39655172413793105,0.06191588785046729,0.33463583628746374
439,F8VQD7,,1.5225036262193417,53.0,92.0,0.39655172413793105,0.06191588785046729,0.33463583628746374
440,E9Q512,FP,1.5214952293268313,54.0,92.0,0.39655172413793105,0.0630841121495327,0.33346761198839836
441,Q99JR5,TP,1.5200237204257645,54.0,93.0,0.40086206896551724,0.0630841121495327,0.33777795681598455
442,Q8BXV2,,1.5183663976253419,54.0,93.0,0.40086206896551724,0.0630841121495327,0.33777795681598455
443,Q8BH79,,1.5145444106010773,54.0,93.0,0.40086206896551724,0.0630841121495327,0.33777795681598455
444,Q91W90,,1.5125979028355596,54.0,93.0,0.40086206896551724,0.0630841121495327,0.33777795681598455
445,Q3UU43,,1.5079342247305263,54.0,93.0,0.40086206896551724,0.0630841121495327,0.33777795681598455
446,Q8R366,,1.50671450657329,54.0,93.0,0.40086206896551724,0.0630841121495327,0.33777795681598455
447,P42567,,1.5065359196732757,54.0,93.0,0.40086206896551724,0.0630841121495327,0.33777795681598455
448,Q8VDD5,FP,1.5061410532676696,55.0,93.0,0.40086206896551724,0.06425233644859812,0.3366097325169191
449,Q61166,FP,1.4901098642250084,56.0,93.0,0.40086206896551724,0.06542056074766354,0.3354415082178537
450,Q5SX39,,1.4898081640574388,56.0,93.0,0.40086206896551724,0.06542056074766354,0.3354415082178537
451,P00687,TP,1.4898007574509162,56.0,94.0,0.4051724137931034,0.06542056074766354,0.33975185304543987
452,Q3TWN3,,1.4888280363202981,56.0,94.0,0.4051724137931034,0.06542056074766354,0.33975185304543987
453,Q8BGD9,,1.4859383254220306,56.0,94.0,0.4051724137931034,0.06542056074766354,0.33975185304543987
454,Q8K3B1,,1.4846306647119594,56.0,94.0,0.4051724137931034,0.06542056074766354,0.33975185304543987
455,Q3U3R4,,1.476445966298975,56.0,94.0,0.4051724137931034,0.06542056074766354,0.33975185304543987
456,Q924X2,,1.4747536807270112,56.0,94.0,0.4051724137931034,0.06542056074766354,0.33975185304543987
457,P63276,,1.4735073472468363,56.0,94.0,0.4051724137931034,0.06542056074766354,0.33975185304543987
458,Q8K4Q8,,1.4681583026436782,56.0,94.0,0.4051724137931034,0.06542056074766354,0.33975185304543987
459,Q61792,FP,1.463473751577634,57.0,94.0,0.4051724137931034,0.06658878504672897,0.3385836287463745
460,Q99N32,,1.4632347212401882,57.0,94.0,0.4051724137931034,0.06658878504672897,0.3385836287463745
461,Q91YP2,,1.4620483336183197,57.0,94.0,0.4051724137931034,0.06658878504672897,0.3385836287463745
462,P10493,TP,1.4579690155955558,57.0,95.0,0.40948275862068967,0.06658878504672897,0.3428939735739607
463,P56564,,1.4492739837568813,57.0,95.0,0.40948275862068967,0.06658878504672897,0.3428939735739607
464,Q91YD9,FP,1.447450835236498,58.0,95.0,0.40948275862068967,0.06775700934579439,0.3417257492748953
465,Q9WTL7,,1.4461831145978454,58.0,95.0,0.40948275862068967,0.06775700934579439,0.3417257492748953
466,O08739,,1.445844442967034,58.0,95.0,0.40948275862068967,0.06775700934579439,0.3417257492748953
467,Q9D1K2,,1.445642696390595,58.0,95.0,0.40948275862068967,0.06775700934579439,0.3417257492748953
468,O70423,,1.4451028747347918,58.0,95.0,0.40948275862068967,0.06775700934579439,0.3417257492748953
469,Q61147,TP,1.4423957230674354,58.0,96.0,0.41379310344827586,0.06775700934579439,0.3460360941024815
470,Q8C8U0,,1.4412357414005232,58.0,96.0,0.41379310344827586,0.06775700934579439,0.3460360941024815
471,F8VQC1,,1.4391281990341425,58.0,96.0,0.41379310344827586,0.06775700934579439,0.3460360941024815
472,Q91VU0,TP,1.438565401442607,58.0,97.0,0.41810344827586204,0.06775700934579439,0.35034643893006767
473,Q60590,TP,1.4364170938261576,58.0,98.0,0.4224137931034483,0.06775700934579439,0.3546567837576539
474,O88325,,1.430493094890356,58.0,98.0,0.4224137931034483,0.06775700934579439,0.3546567837576539
475,Q91X78,,1.4271281411261834,58.0,98.0,0.4224137931034483,0.06775700934579439,0.3546567837576539
476,Q5SUH6,,1.4182291709751536,58.0,98.0,0.4224137931034483,0.06775700934579439,0.3546567837576539
477,F8VQJ3,,1.416459411908154,58.0,98.0,0.4224137931034483,0.06775700934579439,0.3546567837576539
478,Q8VCI0,,1.4147145936097172,58.0,98.0,0.4224137931034483,0.06775700934579439,0.3546567837576539
479,Q8VCF0,,1.402836966110798,58.0,98.0,0.4224137931034483,0.06775700934579439,0.3546567837576539
480,D3Z5J3,,1.4025514242568846,58.0,98.0,0.4224137931034483,0.06775700934579439,0.3546567837576539
481,O55022,,1.4019183297264588,58.0,98.0,0.4224137931034483,0.06775700934579439,0.3546567837576539
482,P14106,TP,1.4004442015541818,58.0,99.0,0.4267241379310345,0.06775700934579439,0.3589671285852401
483,Q8R3I3,,1.3996810183599713,58.0,99.0,0.4267241379310345,0.06775700934579439,0.3589671285852401
484,P56695,,1.395285336056678,58.0,99.0,0.4267241379310345,0.06775700934579439,0.3589671285852401
485,O70378,,1.3898683162584724,58.0,99.0,0.4267241379310345,0.06775700934579439,0.3589671285852401
486,P04202,TP,1.3863189187187845,58.0,100.0,0.43103448275862066,0.06775700934579439,0.3632774734128263
487,O88322,TP,1.3850823285486016,58.0,101.0,0.4353448275862069,0.06775700934579439,0.36758781824041253
488,P62751,FP,1.3850626608609509,59.0,101.0,0.4353448275862069,0.0689252336448598,0.3664195939413471
489,P55065,TP,1.3840933437397767,59.0,102.0,0.4396551724137931,0.0689252336448598,0.3707299387689333
490,Q8BGQ1,,1.382654764393234,59.0,102.0,0.4396551724137931,0.0689252336448598,0.3707299387689333
491,O88738,FP,1.3823112219379787,60.0,102.0,0.4396551724137931,0.07009345794392523,0.36956171446986785
492,Q9R233,,1.3809027473117004,60.0,102.0,0.4396551724137931,0.07009345794392523,0.36956171446986785
493,Q8BM72,,1.3775038371276536,60.0,102.0,0.4396551724137931,0.07009345794392523,0.36956171446986785
494,Q6P8X1,FP,1.3734193203551084,61.0,102.0,0.4396551724137931,0.07126168224299065,0.3683934901708025
495,Q8C1A5,,1.3664886966881695,61.0,102.0,0.4396551724137931,0.07126168224299065,0.3683934901708025
496,Q7TT37,FP,1.3621202224810602,62.0,102.0,0.4396551724137931,0.07242990654205607,0.36722526587173704
497,Q80V26,,1.3588517086892542,62.0,102.0,0.4396551724137931,0.07242990654205607,0.36722526587173704
498,Q8BML9,,1.355069732322695,62.0,102.0,0.4396551724137931,0.07242990654205607,0.36722526587173704
499,Q924Z4,FP,1.3461778061509597,63.0,102.0,0.4396551724137931,0.07359813084112149,0.3660570415726716
500,P40142,,1.3439900483281064,63.0,102.0,0.4396551724137931,0.07359813084112149,0.3660570415726716
501,A3KMP2,,1.3434070079424167,63.0,102.0,0.4396551724137931,0.07359813084112149,0.3660570415726716
502,Q62418,FP,1.3372314089931452,64.0,102.0,0.4396551724137931,0.07476635514018691,0.36488881727360617
503,Q9R001,TP,1.3343350328745138,64.0,103.0,0.44396551724137934,0.07476635514018691,0.3691991621011924
504,Q8R4H9,,1.3327555101102493,64.0,103.0,0.44396551724137934,0.07476635514018691,0.3691991621011924
505,Q9QYR6,FP,1.3324517025265645,65.0,103.0,0.44396551724137934,0.07593457943925233,0.36803093780212703
506,P54728,FP,1.3294100951294383,66.0,103.0,0.44396551724137934,0.07710280373831775,0.3668627135030616
507,Q9Z1Z0,,1.3286221577214021,66.0,103.0,0.44396551724137934,0.07710280373831775,0.3668627135030616
508,Q8BR92,,1.3267865585264833,66.0,103.0,0.44396551724137934,0.07710280373831775,0.3668627135030616
509,Q9JKX3,,1.3256355087508684,66.0,103.0,0.44396551724137934,0.07710280373831775,0.3668627135030616
510,P47857,,1.3245190324845342,66.0,103.0,0.44396551724137934,0.07710280373831775,0.3668627135030616
511,Q8K2L8,FP,1.3144724037698943,67.0,103.0,0.44396551724137934,0.07827102803738317,0.36569448920399616
512,Q9EQQ2,,1.3088987283245417,67.0,103.0,0.44396551724137934,0.07827102803738317,0.36569448920399616
513,Q6ZWN5,,1.3083496012846414,67.0,103.0,0.44396551724137934,0.07827102803738317,0.36569448920399616
514,Q8K449,,1.3076874506041078,67.0,103.0,0.44396551724137934,0.07827102803738317,0.36569448920399616
515,O54931,,1.3070679338837479,67.0,103.0,0.44396551724137934,0.07827102803738317,0.36569448920399616
516,Q3UHX2,,1.3030016349039708,67.0,103.0,0.44396551724137934,0.07827102803738317,0.36569448920399616
517,O70591,FP,1.3027823920204153,68.0,103.0,0.44396551724137934,0.0794392523364486,0.36452626490493073
518,D3YXF5,,1.2998327380202421,68.0,103.0,0.44396551724137934,0.0794392523364486,0.36452626490493073
519,O70258,FP,1.2982197292180462,69.0,103.0,0.44396551724137934,0.08060747663551401,0.3633580406058653
520,Q8K1M6,,1.2957294180750456,69.0,103.0,0.44396551724137934,0.08060747663551401,0.3633580406058653
521,O88492,,1.2946734845615864,69.0,103.0,0.44396551724137934,0.08060747663551401,0.3633580406058653
522,Q8JZU2,,1.2914526128979171,69.0,103.0,0.44396551724137934,0.08060747663551401,0.3633580406058653
523,O88307,TP,1.2855384167330781,69.0,104.0,0.4482758620689655,0.08060747663551401,0.3676683854334515
524,P48962,,1.2840612678805687,69.0,104.0,0.4482758620689655,0.08060747663551401,0.3676683854334515
525,Q8R3Q0,,1.2763955085502336,69.0,104.0,0.4482758620689655,0.08060747663551401,0.3676683854334515
526,Q14DH7,,1.2743346072924928,69.0,104.0,0.4482758620689655,0.08060747663551401,0.3676683854334515
527,Q8K4L3,FP,1.2743256577535504,70.0,104.0,0.4482758620689655,0.08177570093457943,0.3665001611343861
528,Q8R050,,1.2738074218443083,70.0,104.0,0.4482758620689655,0.08177570093457943,0.3665001611343861
529,Q91Z38,,1.2727311654866926,70.0,104.0,0.4482758620689655,0.08177570093457943,0.3665001611343861
530,Q925N0,,1.2670882187678447,70.0,104.0,0.4482758620689655,0.08177570093457943,0.3665001611343861
531,P62631,FP,1.2664001005364158,71.0,104.0,0.4482758620689655,0.08294392523364486,0.36533193683532067
532,P30412,,1.265110216911544,71.0,104.0,0.4482758620689655,0.08294392523364486,0.36533193683532067
533,Q3TMW1,,1.2639410251487866,71.0,104.0,0.4482758620689655,0.08294392523364486,0.36533193683532067
534,Q9DCN1,,1.2549259969550108,71.0,104.0,0.4482758620689655,0.08294392523364486,0.36533193683532067
535,Q8CGK3,,1.2532377092229225,71.0,104.0,0.4482758620689655,0.08294392523364486,0.36533193683532067
536,Q8BYU6,FP,1.2507786642206875,72.0,104.0,0.4482758620689655,0.08411214953271028,0.36416371253625524
537,Q9JLQ0,FP,1.2448938269323717,73.0,104.0,0.4482758620689655,0.0852803738317757,0.36299548823718986
538,Q61292,TP,1.2448075964676617,73.0,105.0,0.4525862068965517,0.0852803738317757,0.36730583306477604
539,Q8R2Y2,,1.244102753915369,73.0,105.0,0.4525862068965517,0.0852803738317757,0.36730583306477604
540,Q8BXQ2,,1.242328841444872,73.0,105.0,0.4525862068965517,0.0852803738317757,0.36730583306477604
541,P62196,FP,1.2408567921239755,74.0,105.0,0.4525862068965517,0.08644859813084112,0.3661376087657106
542,Q8BTY8,,1.2387283607338206,74.0,105.0,0.4525862068965517,0.08644859813084112,0.3661376087657106
543,P33267,,1.2383600594667863,74.0,105.0,0.4525862068965517,0.08644859813084112,0.3661376087657106
544,Q9ET30,,1.235757100551257,74.0,105.0,0.4525862068965517,0.08644859813084112,0.3661376087657106
545,Q8K2C8,,1.235537153050866,74.0,105.0,0.4525862068965517,0.08644859813084112,0.3661376087657106
546,Q8C0N2,,1.2352509493106791,74.0,105.0,0.4525862068965517,0.08644859813084112,0.3661376087657106
547,Q80VI1,,1.2330667655543552,74.0,105.0,0.4525862068965517,0.08644859813084112,0.3661376087657106
548,E9Q9B7,,1.231741638744119,74.0,105.0,0.4525862068965517,0.08644859813084112,0.3661376087657106
549,Q9WTP6,,1.229634472298821,74.0,105.0,0.4525862068965517,0.08644859813084112,0.3661376087657106
550,Q61191,FP,1.2255541961845309,75.0,105.0,0.4525862068965517,0.08761682242990654,0.3649693844666452
551,Q7TSC1,FP,1.2247747129164495,76.0,105.0,0.4525862068965517,0.08878504672897196,0.36380116016757974
552,Q91VW5,,1.2242490224007567,76.0,105.0,0.4525862068965517,0.08878504672897196,0.36380116016757974
553,Q91ZV4,,1.2180536025363444,76.0,105.0,0.4525862068965517,0.08878504672897196,0.36380116016757974
554,P51660,,1.215940155589666,76.0,105.0,0.4525862068965517,0.08878504672897196,0.36380116016757974
555,P70699,,1.21535869831606,76.0,105.0,0.4525862068965517,0.08878504672897196,0.36380116016757974
556,Q80Y98,,1.2152901047089681,76.0,105.0,0.4525862068965517,0.08878504672897196,0.36380116016757974
557,Q99L43,,1.2131100768498755,76.0,105.0,0.4525862068965517,0.08878504672897196,0.36380116016757974
558,E9PZ16,,1.2116435049730332,76.0,105.0,0.4525862068965517,0.08878504672897196,0.36380116016757974
559,Q8VBT0,,1.2103938373915821,76.0,105.0,0.4525862068965517,0.08878504672897196,0.36380116016757974
560,Q8BUK6,FP,1.208125430629147,77.0,105.0,0.4525862068965517,0.08995327102803738,0.3626329358685143
561,Q8C1E7,FP,1.2081184906599602,78.0,105.0,0.4525862068965517,0.0911214953271028,0.3614647115694489
562,Q8R2Q4,,1.2056480822486544,78.0,105.0,0.4525862068965517,0.0911214953271028,0.3614647115694489
563,Q6NZJ6,,1.2037657290168202,78.0,105.0,0.4525862068965517,0.0911214953271028,0.3614647115694489
564,Q3UKC1,,1.2032150697381545,78.0,105.0,0.4525862068965517,0.0911214953271028,0.3614647115694489
565,P20352,,1.200935525113397,78.0,105.0,0.4525862068965517,0.0911214953271028,0.3614647115694489
566,Q9JL62,,1.2006460392260467,78.0,105.0,0.4525862068965517,0.0911214953271028,0.3614647115694489
567,Q6NXL1,,1.1993467088423804,78.0,105.0,0.4525862068965517,0.0911214953271028,0.3614647115694489
568,Q8C398,,1.1954419313559463,78.0,105.0,0.4525862068965517,0.0911214953271028,0.3614647115694489
569,Q9QYI6,,1.1936269645329085,78.0,105.0,0.4525862068965517,0.0911214953271028,0.3614647115694489
570,Q91WK2,,1.1894895418635882,78.0,105.0,0.4525862068965517,0.0911214953271028,0.3614647115694489
571,Q69ZH9,,1.1881691587234031,78.0,105.0,0.4525862068965517,0.0911214953271028,0.3614647115694489
572,Q7TN22,TP,1.1879722627979679,78.0,106.0,0.45689655172413796,0.0911214953271028,0.36577505639703517
573,Q9CR67,FP,1.185962179711179,79.0,106.0,0.45689655172413796,0.09228971962616822,0.36460683209796974
574,P34914,,1.1833758888989105,79.0,106.0,0.45689655172413796,0.09228971962616822,0.36460683209796974
575,Q8CHU3,,1.1800160900299597,79.0,106.0,0.45689655172413796,0.09228971962616822,0.36460683209796974
576,E9PUJ6,,1.1798597488367815,79.0,106.0,0.45689655172413796,0.09228971962616822,0.36460683209796974
577,Q99J47,,1.178801427672412,79.0,106.0,0.45689655172413796,0.09228971962616822,0.36460683209796974
578,Q8R1U1,,1.177861669176162,79.0,106.0,0.45689655172413796,0.09228971962616822,0.36460683209796974
579,P70295,,1.1776873764402265,79.0,106.0,0.45689655172413796,0.09228971962616822,0.36460683209796974
580,P57080,FP,1.1745220049931417,80.0,106.0,0.45689655172413796,0.09345794392523364,0.3634386077989043
581,Q99K01,,1.170103013242553,80.0,106.0,0.45689655172413796,0.09345794392523364,0.3634386077989043
582,Q9Z1A1,,1.1697544426436217,80.0,106.0,0.45689655172413796,0.09345794392523364,0.3634386077989043
583,Q07797,TP,1.1684987948207215,80.0,107.0,0.46120689655172414,0.09345794392523364,0.3677489526264905
584,Q9Z0R4,FP,1.1642959153416477,81.0,107.0,0.46120689655172414,0.09462616822429906,0.36658072832742505
585,Q9EPL4,,1.1625539670452354,81.0,107.0,0.46120689655172414,0.09462616822429906,0.36658072832742505
586,Q8K3W0,FP,1.1618934981160864,82.0,107.0,0.46120689655172414,0.09579439252336448,0.3654125040283597
587,Q99P72,,1.1610648599881095,82.0,107.0,0.46120689655172414,0.09579439252336448,0.3654125040283597
588,Q5F2F2,TP,1.1606148277196104,82.0,108.0,0.46551724137931033,0.09579439252336448,0.36972284885594586
589,P62855,,1.1576620663410282,82.0,108.0,0.46551724137931033,0.09579439252336448,0.36972284885594586
590,Q8K093,,1.1557589523918004,82.0,108.0,0.46551724137931033,0.09579439252336448,0.36972284885594586
591,Q505D9,FP,1.152990767715515,83.0,108.0,0.46551724137931033,0.0969626168224299,0.36855462455688043
592,Q9CRD2,,1.1521570962047514,83.0,108.0,0.46551724137931033,0.0969626168224299,0.36855462455688043
593,Q8CIE6,TP,1.1510993395767726,83.0,109.0,0.4698275862068966,0.0969626168224299,0.37286496938446667
594,Q6ZPQ6,FP,1.1500689612686028,84.0,109.0,0.4698275862068966,0.09813084112149532,0.37169674508540124
595,Q9WU60,,1.1473605170409857,84.0,109.0,0.4698275862068966,0.09813084112149532,0.37169674508540124
596,Q8CGN5,,1.14729573046101,84.0,109.0,0.4698275862068966,0.09813084112149532,0.37169674508540124
597,Q8BHK1,,1.1465052981884705,84.0,109.0,0.4698275862068966,0.09813084112149532,0.37169674508540124
598,P00405,,1.1454798391224899,84.0,109.0,0.4698275862068966,0.09813084112149532,0.37169674508540124
599,Q3UHJ0,,1.1451338536937845,84.0,109.0,0.4698275862068966,0.09813084112149532,0.37169674508540124
600,A2A5R2,FP,1.1431891695508571,85.0,109.0,0.4698275862068966,0.09929906542056074,0.3705285207863358
601,O09012,,1.141955924297432,85.0,109.0,0.4698275862068966,0.09929906542056074,0.3705285207863358
602,Q7TNP2,,1.1403813289454912,85.0,109.0,0.4698275862068966,0.09929906542056074,0.3705285207863358
603,O70228,,1.1399761492602036,85.0,109.0,0.4698275862068966,0.09929906542056074,0.3705285207863358
604,Q8VEM8,,1.1378220775205934,85.0,109.0,0.4698275862068966,0.09929906542056074,0.3705285207863358
605,F8VPK5,,1.1351291720803112,85.0,109.0,0.4698275862068966,0.09929906542056074,0.3705285207863358
606,Q9DBG5,,1.1331580920716435,85.0,109.0,0.4698275862068966,0.09929906542056074,0.3705285207863358
607,Q9D020,,1.1327492882172263,85.0,109.0,0.4698275862068966,0.09929906542056074,0.3705285207863358
608,Q6PCX7,,1.129323073792731,85.0,109.0,0.4698275862068966,0.09929906542056074,0.3705285207863358
609,O88495,,1.1234354166809177,85.0,109.0,0.4698275862068966,0.09929906542056074,0.3705285207863358
610,A0A075B6A0,,1.1225909368806426,85.0,109.0,0.4698275862068966,0.09929906542056074,0.3705285207863358
611,B2KF50,,1.1201341920821528,85.0,109.0,0.4698275862068966,0.09929906542056074,0.3705285207863358
612,P17427,,1.1195391592477189,85.0,109.0,0.4698275862068966,0.09929906542056074,0.3705285207863358
613,Q8BP67,,1.1190558625981837,85.0,109.0,0.4698275862068966,0.09929906542056074,0.3705285207863358
614,Q9D3P8,,1.1162705938735438,85.0,109.0,0.4698275862068966,0.09929906542056074,0.3705285207863358
615,P25118,,1.1158879942959972,85.0,109.0,0.4698275862068966,0.09929906542056074,0.3705285207863358
616,O70572,,1.1154466003759966,85.0,109.0,0.4698275862068966,0.09929906542056074,0.3705285207863358
617,Q8JZU0,,1.114829767775089,85.0,109.0,0.4698275862068966,0.09929906542056074,0.3705285207863358
618,Q811D0,,1.1105362961428344,85.0,109.0,0.4698275862068966,0.09929906542056074,0.3705285207863358
619,O35206,TP,1.107595869415638,85.0,110.0,0.47413793103448276,0.09929906542056074,0.374838865613922
620,O70503,,1.1040613679627016,85.0,110.0,0.47413793103448276,0.09929906542056074,0.374838865613922
621,E9QPE7,,1.1026455475270245,85.0,110.0,0.47413793103448276,0.09929906542056074,0.374838865613922
622,Q9D4H8,,1.1023823446422918,85.0,110.0,0.47413793103448276,0.09929906542056074,0.374838865613922
623,Q9JJ06,,1.097278673808557,85.0,110.0,0.47413793103448276,0.09929906542056074,0.374838865613922
624,E9QM38,,1.0958837212018393,85.0,110.0,0.47413793103448276,0.09929906542056074,0.374838865613922
625,Q80XI3,,1.089365457128723,85.0,110.0,0.47413793103448276,0.09929906542056074,0.374838865613922
626,Q6P9P6,FP,1.0877058990769428,86.0,110.0,0.47413793103448276,0.10046728971962617,0.3736706413148566
627,Q9D5V6,,1.0869802182785666,86.0,110.0,0.47413793103448276,0.10046728971962617,0.3736706413148566
628,A3KGB4,,1.0778421707881853,86.0,110.0,0.47413793103448276,0.10046728971962617,0.3736706413148566
629,Q921G6,,1.0762574922722887,86.0,110.0,0.47413793103448276,0.10046728971962617,0.3736706413148566
630,P97333,,1.0761291125810521,86.0,110.0,0.47413793103448276,0.10046728971962617,0.3736706413148566
631,Q61879,,1.0748997549708206,86.0,110.0,0.47413793103448276,0.10046728971962617,0.3736706413148566
632,Q9Z0H4,FP,1.0745251715648405,87.0,110.0,0.47413793103448276,0.10163551401869159,0.3725024170157912
633,Q9CXT8,,1.0718406231717674,87.0,110.0,0.47413793103448276,0.10163551401869159,0.3725024170157912
634,C0HK79,,1.0715448252051876,87.0,110.0,0.47413793103448276,0.10163551401869159,0.3725024170157912
635,Q9D6Y9,,1.0712653000574748,87.0,110.0,0.47413793103448276,0.10163551401869159,0.3725024170157912
636,Q8K3K8,FP,1.068373941323583,88.0,110.0,0.47413793103448276,0.102803738317757,0.37133419271672574
637,Q9CZT5,,1.065950852866898,88.0,110.0,0.47413793103448276,0.102803738317757,0.37133419271672574
638,Q8K1E6,FP,1.0652049382767563,89.0,110.0,0.47413793103448276,0.10397196261682243,0.37016596841766036
639,P41216,,1.0647722089414657,89.0,110.0,0.47413793103448276,0.10397196261682243,0.37016596841766036
640,P62754,,1.0638748563344205,89.0,110.0,0.47413793103448276,0.10397196261682243,0.37016596841766036
641,Q8R054,TP,1.0627166765030789,89.0,111.0,0.47844827586206895,0.10397196261682243,0.37447631324524655
642,Q9DCD2,FP,1.0600428632687817,90.0,111.0,0.47844827586206895,0.10514018691588785,0.3733080889461811
643,Q9D7B7,,1.05906775237918,90.0,111.0,0.47844827586206895,0.10514018691588785,0.3733080889461811
644,Q99LM2,FP,1.0579728472113106,91.0,111.0,0.47844827586206895,0.10630841121495327,0.3721398646471157
645,Q8JZN5,,1.0573901408918973,91.0,111.0,0.47844827586206895,0.10630841121495327,0.3721398646471157
646,A2AJ15,,1.0564095934743116,91.0,111.0,0.47844827586206895,0.10630841121495327,0.3721398646471157
647,Q9R0H0,,1.0558528143588495,91.0,111.0,0.47844827586206895,0.10630841121495327,0.3721398646471157
648,Q4VBD2,FP,1.055746645866569,92.0,111.0,0.47844827586206895,0.10747663551401869,0.37097164034805025
649,F7DCH5,,1.0532815842636931,92.0,111.0,0.47844827586206895,0.10747663551401869,0.37097164034805025
650,Q9Z0X1,FP,1.0527085796502835,93.0,111.0,0.47844827586206895,0.10864485981308411,0.3698034160489848
651,P59017,,1.0526230071313136,93.0,111.0,0.47844827586206895,0.10864485981308411,0.3698034160489848
652,E9Q411,,1.05191344145747,93.0,111.0,0.47844827586206895,0.10864485981308411,0.3698034160489848
653,Q6ZWZ7,,1.050438684332264,93.0,111.0,0.47844827586206895,0.10864485981308411,0.3698034160489848
654,Q99M51,FP,1.0499081289915932,94.0,111.0,0.47844827586206895,0.10981308411214953,0.36863519174991943
655,Q8BR63,,1.0499036540603315,94.0,111.0,0.47844827586206895,0.10981308411214953,0.36863519174991943
656,G3X928,,1.0463537385195472,94.0,111.0,0.47844827586206895,0.10981308411214953,0.36863519174991943
657,Q99K28,FP,1.0453518974246574,95.0,111.0,0.47844827586206895,0.11098130841121495,0.367466967450854
658,Q8VE11,,1.044416205584858,95.0,111.0,0.47844827586206895,0.11098130841121495,0.367466967450854
659,Q8K348,,1.043940955651246,95.0,111.0,0.47844827586206895,0.11098130841121495,0.367466967450854
660,P21278,,1.0418253784302605,95.0,111.0,0.47844827586206895,0.11098130841121495,0.367466967450854
661,Q9EQY0,,1.0408134532489033,95.0,111.0,0.47844827586206895,0.11098130841121495,0.367466967450854
662,Q64511,FP,1.0406078512555885,96.0,111.0,0.47844827586206895,0.11214953271028037,0.36629874315178856
663,Q9WVK4,,1.0378656694350492,96.0,111.0,0.47844827586206895,0.11214953271028037,0.36629874315178856
664,Q7TMQ7,,1.0354568099444184,96.0,111.0,0.47844827586206895,0.11214953271028037,0.36629874315178856
665,E9Q5D6,,1.0351333888435548,96.0,111.0,0.47844827586206895,0.11214953271028037,0.36629874315178856
666,E9QLQ3,,1.0336462924187748,96.0,111.0,0.47844827586206895,0.11214953271028037,0.36629874315178856
667,P70207,,1.0332659817056045,96.0,111.0,0.47844827586206895,0.11214953271028037,0.36629874315178856
668,Q9DB60,,1.0295498861196108,96.0,111.0,0.47844827586206895,0.11214953271028037,0.36629874315178856
669,Q6ZWQ7,,1.02543143492068,96.0,111.0,0.47844827586206895,0.11214953271028037,0.36629874315178856
670,P46735,,1.0234659899231644,96.0,111.0,0.47844827586206895,0.11214953271028037,0.36629874315178856
671,Q60865,,1.0233351463879063,96.0,111.0,0.47844827586206895,0.11214953271028037,0.36629874315178856
672,E9QKE4,,1.0228157446257242,96.0,111.0,0.47844827586206895,0.11214953271028037,0.36629874315178856
673,P47934,,1.0227963795825827,96.0,111.0,0.47844827586206895,0.11214953271028037,0.36629874315178856
674,Q91VH2,,1.0207092903162442,96.0,111.0,0.47844827586206895,0.11214953271028037,0.36629874315178856
675,Q8BGS7,FP,1.0206108658594724,97.0,111.0,0.47844827586206895,0.1133177570093458,0.3651305188527232
676,Q99LC8,,1.0200396005996815,97.0,111.0,0.47844827586206895,0.1133177570093458,0.3651305188527232
677,P62334,FP,1.0198064634933954,98.0,111.0,0.47844827586206895,0.11448598130841121,0.36396229455365775
678,Q9CZ44,FP,1.0195597219238455,99.0,111.0,0.47844827586206895,0.11565420560747663,0.3627940702545923
679,Q8C147,,1.018875177969808,99.0,111.0,0.47844827586206895,0.11565420560747663,0.3627940702545923
680,Q9ESX5,FP,1.0175697622623248,100.0,111.0,0.47844827586206895,0.11682242990654206,0.3616258459555269
681,Q62419,,1.016010918704814,100.0,111.0,0.47844827586206895,0.11682242990654206,0.3616258459555269
682,Q9JHI5,,1.015552337247831,100.0,111.0,0.47844827586206895,0.11682242990654206,0.3616258459555269
683,Q9ERB0,,1.0131766518648917,100.0,111.0,0.47844827586206895,0.11682242990654206,0.3616258459555269
684,Q8K3K7,,1.0125588433059776,100.0,111.0,0.47844827586206895,0.11682242990654206,0.3616258459555269
685,P70245,FP,1.0106032183477365,101.0,111.0,0.47844827586206895,0.11799065420560748,0.36045762165646145
686,Q91ZU6,FP,1.0098256260357148,102.0,111.0,0.47844827586206895,0.1191588785046729,0.35928939735739607
687,O88393,TP,1.008491098390237,102.0,112.0,0.4827586206896552,0.1191588785046729,0.3635997421849823
688,Q9DC16,,1.004654011615596,102.0,112.0,0.4827586206896552,0.1191588785046729,0.3635997421849823
689,Q8BKC5,FP,1.0030262295551806,103.0,112.0,0.4827586206896552,0.12032710280373832,0.3624315178859169
690,P06151,,0.9992539834230706,103.0,112.0,0.4827586206896552,0.12032710280373832,0.3624315178859169
691,Q8BK72,,0.9972123863010398,103.0,112.0,0.4827586206896552,0.12032710280373832,0.3624315178859169
692,Q9D881,,0.9971422877855803,103.0,112.0,0.4827586206896552,0.12032710280373832,0.3624315178859169
693,Q99KY4,,0.9963755905961501,103.0,112.0,0.4827586206896552,0.12032710280373832,0.3624315178859169
694,Q9WTX6,,0.9955628247558267,103.0,112.0,0.4827586206896552,0.12032710280373832,0.3624315178859169
695,Q01705,FP,0.993723509949412,104.0,112.0,0.4827586206896552,0.12149532710280374,0.36126329358685144
696,P97873,TP,0.9930295882591937,104.0,113.0,0.4870689655172414,0.12149532710280374,0.36557363841443763
697,Q9CY27,,0.9905391505002722,104.0,113.0,0.4870689655172414,0.12149532710280374,0.36557363841443763
698,Q8VC04,,0.9858358162071496,104.0,113.0,0.4870689655172414,0.12149532710280374,0.36557363841443763
699,Q9CRC0,,0.9822142460343669,104.0,113.0,0.4870689655172414,0.12149532710280374,0.36557363841443763
700,Q99LD4,FP,0.98137617524863,105.0,113.0,0.4870689655172414,0.12266355140186916,0.3644054141153722
701,Q9D8S3,,0.9782192081724488,105.0,113.0,0.4870689655172414,0.12266355140186916,0.3644054141153722
702,Q8C129,,0.974613669161263,105.0,113.0,0.4870689655172414,0.12266355140186916,0.3644054141153722
703,Q8VC70,FP,0.9743569876127922,106.0,113.0,0.4870689655172414,0.12383177570093458,0.3632371898163068
704,Q8R0N6,,0.9741470437370822,106.0,113.0,0.4870689655172414,0.12383177570093458,0.3632371898163068
705,Q8BVA5,,0.9741350119012225,106.0,113.0,0.4870689655172414,0.12383177570093458,0.3632371898163068
706,P55937,,0.9720165509888801,106.0,113.0,0.4870689655172414,0.12383177570093458,0.3632371898163068
707,Q9ES52,FP,0.9705065012180739,107.0,113.0,0.4870689655172414,0.125,0.3620689655172414
708,P48722,FP,0.9692914027564978,108.0,113.0,0.4870689655172414,0.1261682242990654,0.36090074121817595
709,P26039,FP,0.9680931418088934,109.0,113.0,0.4870689655172414,0.12733644859813084,0.35973251691911057
710,Q6NVF0,,0.9665248059248743,109.0,113.0,0.4870689655172414,0.12733644859813084,0.35973251691911057
711,Q60598,FP,0.9663263925624831,110.0,113.0,0.4870689655172414,0.12850467289719625,0.35856429262004513
712,P45952,,0.9660135178695191,110.0,113.0,0.4870689655172414,0.12850467289719625,0.35856429262004513
713,Q9WVC3,FP,0.9656403681266315,111.0,113.0,0.4870689655172414,0.12967289719626168,0.3573960683209797
714,P60882,,0.9652469072710808,111.0,113.0,0.4870689655172414,0.12967289719626168,0.3573960683209797
715,Q9CZR8,,0.9636011624675112,111.0,113.0,0.4870689655172414,0.12967289719626168,0.3573960683209797
716,Q9WTI7,FP,0.9613320823199458,112.0,113.0,0.4870689655172414,0.1308411214953271,0.3562278440219143
717,P97447,FP,0.9600595304188161,113.0,113.0,0.4870689655172414,0.13200934579439252,0.35505961972284883
718,P46935,,0.9589629540864286,113.0,113.0,0.4870689655172414,0.13200934579439252,0.35505961972284883
719,Q8K370,,0.9583914590741764,113.0,113.0,0.4870689655172414,0.13200934579439252,0.35505961972284883
720,Q923J1,,0.9572116901195113,113.0,113.0,0.4870689655172414,0.13200934579439252,0.35505961972284883
721,Q3UH93,,0.9557458111161271,113.0,113.0,0.4870689655172414,0.13200934579439252,0.35505961972284883
722,Q8CI71,,0.9539383488435003,113.0,113.0,0.4870689655172414,0.13200934579439252,0.35505961972284883
723,Q9WTW5,,0.9534580763278432,113.0,113.0,0.4870689655172414,0.13200934579439252,0.35505961972284883
724,P59325,,0.9532947994272558,113.0,113.0,0.4870689655172414,0.13200934579439252,0.35505961972284883
725,Q9CZN7,FP,0.9528881648892561,114.0,113.0,0.4870689655172414,0.13317757009345793,0.35389139542378345
726,Q566J8,,0.951558488733443,114.0,113.0,0.4870689655172414,0.13317757009345793,0.35389139542378345
727,Q8VHY0,,0.9510911754730278,114.0,113.0,0.4870689655172414,0.13317757009345793,0.35389139542378345
728,Q9QY81,FP,0.9508498990163201,115.0,113.0,0.4870689655172414,0.13434579439252337,0.352723171124718
729,Q99KK7,,0.9491612439530851,115.0,113.0,0.4870689655172414,0.13434579439252337,0.352723171124718
730,Q9Z1R2,TP,0.9480184575565564,115.0,114.0,0.49137931034482757,0.13434579439252337,0.3570335159523042
731,P51174,,0.9467792431501488,115.0,114.0,0.49137931034482757,0.13434579439252337,0.3570335159523042
732,P46978,,0.9452045089366315,115.0,114.0,0.49137931034482757,0.13434579439252337,0.3570335159523042
733,Q9WUK2,,0.9430992772143799,115.0,114.0,0.49137931034482757,0.13434579439252337,0.3570335159523042
734,Q8CD76,,0.9423887721319152,115.0,114.0,0.49137931034482757,0.13434579439252337,0.3570335159523042
735,Q76MZ3,FP,0.9415249628358451,116.0,114.0,0.49137931034482757,0.13551401869158877,0.35586529165323877
736,P05202,,0.9410542758091258,116.0,114.0,0.49137931034482757,0.13551401869158877,0.35586529165323877
737,Q6PGF7,,0.9394829596869949,116.0,114.0,0.49137931034482757,0.13551401869158877,0.35586529165323877
738,Q01279,FP,0.936755322073614,117.0,114.0,0.49137931034482757,0.1366822429906542,0.3546970673541734
739,P36371,,0.9355373825823674,117.0,114.0,0.49137931034482757,0.1366822429906542,0.3546970673541734
740,O35114,,0.9352586228009065,117.0,114.0,0.49137931034482757,0.1366822429906542,0.3546970673541734
741,Q924L1,,0.9331942051314529,117.0,114.0,0.49137931034482757,0.1366822429906542,0.3546970673541734
742,O88587,,0.9316579884185332,117.0,114.0,0.49137931034482757,0.1366822429906542,0.3546970673541734
743,E9QL10,,0.9311632598526836,117.0,114.0,0.49137931034482757,0.1366822429906542,0.3546970673541734
744,Q8BMS1,,0.9311608188937486,117.0,114.0,0.49137931034482757,0.1366822429906542,0.3546970673541734
745,Q62165,TP,0.9244482924721866,117.0,115.0,0.4956896551724138,0.1366822429906542,0.3590074121817596
746,Q4FE56,,0.9237383745086631,117.0,115.0,0.4956896551724138,0.1366822429906542,0.3590074121817596
747,A6X935,TP,0.9232820431833834,117.0,116.0,0.5,0.1366822429906542,0.36331775700934577
748,Q99LL3,,0.9216612184519481,117.0,116.0,0.5,0.1366822429906542,0.36331775700934577
749,O35451,FP,0.920042710144449,118.0,116.0,0.5,0.1378504672897196,0.3621495327102804
750,E9PYR1,,0.9192341601278723,118.0,116.0,0.5,0.1378504672897196,0.3621495327102804
751,Q5SW19,,0.9172367263558205,118.0,116.0,0.5,0.1378504672897196,0.3621495327102804
752,O08547,,0.917202705775041,118.0,116.0,0.5,0.1378504672897196,0.3621495327102804
753,Q99J23,FP,0.9170803659395029,119.0,116.0,0.5,0.13901869158878505,0.36098130841121495
754,Q80YQ1,,0.9161956549516266,119.0,116.0,0.5,0.13901869158878505,0.36098130841121495
755,Q99KJ8,FP,0.9134934302368413,120.0,116.0,0.5,0.14018691588785046,0.3598130841121495
756,O35250,,0.9133341976849735,120.0,116.0,0.5,0.14018691588785046,0.3598130841121495
757,Q9JID9,,0.9124628608738682,120.0,116.0,0.5,0.14018691588785046,0.3598130841121495
758,Q5FWK3,,0.9114052854567456,120.0,116.0,0.5,0.14018691588785046,0.3598130841121495
759,Q8R2Y3,,0.9087163052766364,120.0,116.0,0.5,0.14018691588785046,0.3598130841121495
760,Q8C5W0,,0.9085066450682028,120.0,116.0,0.5,0.14018691588785046,0.3598130841121495
761,Q61559,,0.9065370061714265,120.0,116.0,0.5,0.14018691588785046,0.3598130841121495
762,G5E899,,0.9023693070597416,120.0,116.0,0.5,0.14018691588785046,0.3598130841121495
763,Q6KAR6,,0.900850872107879,120.0,116.0,0.5,0.14018691588785046,0.3598130841121495
764,B2RXC1,,0.898312224351318,120.0,116.0,0.5,0.14018691588785046,0.3598130841121495
765,P28301,TP,0.8961941783013437,120.0,117.0,0.5043103448275862,0.14018691588785046,0.3641234289397357
766,Q923B6,,0.8957539189512125,120.0,117.0,0.5043103448275862,0.14018691588785046,0.3641234289397357
767,Q9CQN6,,0.8951924028773699,120.0,117.0,0.5043103448275862,0.14018691588785046,0.3641234289397357
768,Q14C51,,0.8932458456621655,120.0,117.0,0.5043103448275862,0.14018691588785046,0.3641234289397357
769,Q9WVH9,TP,0.8931787829306442,120.0,118.0,0.5086206896551724,0.14018691588785046,0.3684337737673219
770,Q8VDM4,,0.8917696457342087,120.0,118.0,0.5086206896551724,0.14018691588785046,0.3684337737673219
771,Q6PDJ1,,0.8910684982482517,120.0,118.0,0.5086206896551724,0.14018691588785046,0.3684337737673219
772,Q91VJ2,,0.8884008074528026,120.0,118.0,0.5086206896551724,0.14018691588785046,0.3684337737673219
773,Q9ET54,FP,0.8882637439758886,121.0,118.0,0.5086206896551724,0.1413551401869159,0.3672655494682565
774,Q69ZW3,,0.887559196824069,121.0,118.0,0.5086206896551724,0.1413551401869159,0.3672655494682565
775,Q99JR1,,0.8848105038816847,121.0,118.0,0.5086206896551724,0.1413551401869159,0.3672655494682565
776,Q9Z108,,0.8847861156417922,121.0,118.0,0.5086206896551724,0.1413551401869159,0.3672655494682565
777,Q8VDC0,,0.8845847203680807,121.0,118.0,0.5086206896551724,0.1413551401869159,0.3672655494682565
778,Q8BZA9,FP,0.8842491675624071,122.0,118.0,0.5086206896551724,0.1425233644859813,0.3660973251691911
779,O08529,,0.883249298667232,122.0,118.0,0.5086206896551724,0.1425233644859813,0.3660973251691911
780,Q9DBG7,,0.882971770522529,122.0,118.0,0.5086206896551724,0.1425233644859813,0.3660973251691911
781,Q9CWE0,,0.8821834495921403,122.0,118.0,0.5086206896551724,0.1425233644859813,0.3660973251691911
782,A6H611,,0.8790534370168498,122.0,118.0,0.5086206896551724,0.1425233644859813,0.3660973251691911
783,Q9CR89,FP,0.8774461236304615,123.0,118.0,0.5086206896551724,0.14369158878504673,0.36492910087012564
784,Q5XPI3,,0.8758876367383598,123.0,118.0,0.5086206896551724,0.14369158878504673,0.36492910087012564
785,Q9CQ01,,0.87478851614917,123.0,118.0,0.5086206896551724,0.14369158878504673,0.36492910087012564
786,Q6PD03,FP,0.8745971935488677,124.0,118.0,0.5086206896551724,0.14485981308411214,0.36376087657106027
787,P20060,,0.8700584507176606,124.0,118.0,0.5086206896551724,0.14485981308411214,0.36376087657106027
788,Q8R3V5,,0.8695727944722351,124.0,118.0,0.5086206896551724,0.14485981308411214,0.36376087657106027
789,A2ALW5,,0.8695298103088712,124.0,118.0,0.5086206896551724,0.14485981308411214,0.36376087657106027
790,O70496,,0.8693630784045906,124.0,118.0,0.5086206896551724,0.14485981308411214,0.36376087657106027
791,Q9JHB3,TP,0.8679754226918147,124.0,119.0,0.5129310344827587,0.14485981308411214,0.36807122139864656
792,Q9DCJ9,,0.8650497658131839,124.0,119.0,0.5129310344827587,0.14485981308411214,0.36807122139864656
793,O88685,FP,0.864939250422934,125.0,119.0,0.5129310344827587,0.14602803738317757,0.3669029970995811
794,Q8BUV3,FP,0.8644762819008148,126.0,119.0,0.5129310344827587,0.14719626168224298,0.3657347728005157
795,E9Q912,FP,0.8637812265482914,127.0,119.0,0.5129310344827587,0.1483644859813084,0.36456654850145026
796,Q80WQ2,,0.8616064404980769,127.0,119.0,0.5129310344827587,0.1483644859813084,0.36456654850145026
797,Q91YM2,FP,0.8571344721708068,128.0,119.0,0.5129310344827587,0.14953271028037382,0.3633983242023848
798,Q6P9Q6,,0.857032312114259,128.0,119.0,0.5129310344827587,0.14953271028037382,0.3633983242023848
799,Q9DBC3,FP,0.8536792535217894,129.0,119.0,0.5129310344827587,0.15070093457943926,0.36223009990331945
800,Q8R1B4,,0.8497410717368187,129.0,119.0,0.5129310344827587,0.15070093457943926,0.36223009990331945
801,Q921T2,FP,0.8494118239037965,130.0,119.0,0.5129310344827587,0.15186915887850466,0.361061875604254
802,Q6ZQ08,FP,0.8478500187404392,131.0,119.0,0.5129310344827587,0.1530373831775701,0.3598936513051886
803,Q9DBS1,FP,0.8467256707319017,132.0,119.0,0.5129310344827587,0.1542056074766355,0.3587254270061232
804,P97298,TP,0.8446376977044736,132.0,120.0,0.5172413793103449,0.1542056074766355,0.3630357718337094
805,Q9CQC6,,0.843994768442548,132.0,120.0,0.5172413793103449,0.1542056074766355,0.3630357718337094
806,Q8K1N1,,0.8434416144867863,132.0,120.0,0.5172413793103449,0.1542056074766355,0.3630357718337094
807,Q9Z1Q9,,0.8433271367581622,132.0,120.0,0.5172413793103449,0.1542056074766355,0.3630357718337094
808,P21958,,0.8429742416757761,132.0,120.0,0.5172413793103449,0.1542056074766355,0.3630357718337094
809,Q61699,FP,0.8428867744456325,133.0,120.0,0.5172413793103449,0.15537383177570094,0.3618675475346439
810,P58281,,0.8428587576971119,133.0,120.0,0.5172413793103449,0.15537383177570094,0.3618675475346439
811,Q9WVB0,FP,0.8410852012048168,134.0,120.0,0.5172413793103449,0.15654205607476634,0.3606993232355785
812,Q8BJM5,,0.8380029812203124,134.0,120.0,0.5172413793103449,0.15654205607476634,0.3606993232355785
813,E9PVZ8,,0.8357204637771468,134.0,120.0,0.5172413793103449,0.15654205607476634,0.3606993232355785
814,P58871,FP,0.8354264465124013,135.0,120.0,0.5172413793103449,0.15771028037383178,0.3595310989365131
815,Q9EQ08,,0.8351141752825522,135.0,120.0,0.5172413793103449,0.15771028037383178,0.3595310989365131
816,J3QNN8,,0.8346243078379496,135.0,120.0,0.5172413793103449,0.15771028037383178,0.3595310989365131
817,Q9JHU2,,0.834461158731073,135.0,120.0,0.5172413793103449,0.15771028037383178,0.3595310989365131
818,Q6X893,,0.8321339924246415,135.0,120.0,0.5172413793103449,0.15771028037383178,0.3595310989365131
819,E9QP49,,0.831573613641262,135.0,120.0,0.5172413793103449,0.15771028037383178,0.3595310989365131
820,Q9JMH9,FP,0.8290908120951133,136.0,120.0,0.5172413793103449,0.1588785046728972,0.35836287463744765
821,E9QAZ2,,0.8259438256789974,136.0,120.0,0.5172413793103449,0.1588785046728972,0.35836287463744765
822,Q6A065,FP,0.8257733762066659,137.0,120.0,0.5172413793103449,0.16004672897196262,0.35719465033838227
823,Q6P9S7,,0.8251076241202078,137.0,120.0,0.5172413793103449,0.16004672897196262,0.35719465033838227
824,Q9WV32,FP,0.8241847447194258,138.0,120.0,0.5172413793103449,0.16121495327102803,0.35602642603931683
825,A2ATK9,,0.8240789897225611,138.0,120.0,0.5172413793103449,0.16121495327102803,0.35602642603931683
826,Q8BIW1,FP,0.8223822959904931,139.0,120.0,0.5172413793103449,0.16238317757009346,0.3548582017402514
827,Q921M4,FP,0.8221303217482637,140.0,120.0,0.5172413793103449,0.16355140186915887,0.353689977441186
828,Q8R4W6,TP,0.822064640138201,140.0,121.0,0.521551724137931,0.16355140186915887,0.3580003222687722
829,Q922E4,,0.821519238005488,140.0,121.0,0.521551724137931,0.16355140186915887,0.3580003222687722
830,Q00724,TP,0.8182861654284133,140.0,122.0,0.5258620689655172,0.16355140186915887,0.3623106670963584
831,O08532,,0.8174723423952988,140.0,122.0,0.5258620689655172,0.16355140186915887,0.3623106670963584
832,Q61838,TP,0.8174460002987414,140.0,123.0,0.5301724137931034,0.16355140186915887,0.3666210119239446
833,Q3UQ84,,0.817005547096167,140.0,123.0,0.5301724137931034,0.16355140186915887,0.3666210119239446
834,Q8C033,,0.8145990320858723,140.0,123.0,0.5301724137931034,0.16355140186915887,0.3666210119239446
835,P19096,,0.8144397326630193,140.0,123.0,0.5301724137931034,0.16355140186915887,0.3666210119239446
836,Q921G7,,0.814176171510335,140.0,123.0,0.5301724137931034,0.16355140186915887,0.3666210119239446
837,Q6QD59,,0.8136012214650151,140.0,123.0,0.5301724137931034,0.16355140186915887,0.3666210119239446
838,Q61703,TP,0.8129916057870832,140.0,124.0,0.5344827586206896,0.16355140186915887,0.37093135675153077
839,Q9QXG4,,0.8125031133970676,140.0,124.0,0.5344827586206896,0.16355140186915887,0.37093135675153077
840,Q8VHH7,,0.8124962011848714,140.0,124.0,0.5344827586206896,0.16355140186915887,0.37093135675153077
841,O08915,,0.8113413716718776,140.0,124.0,0.5344827586206896,0.16355140186915887,0.37093135675153077
842,P24527,,0.8109349448861255,140.0,124.0,0.5344827586206896,0.16355140186915887,0.37093135675153077
843,P23116,FP,0.8100325775313448,141.0,124.0,0.5344827586206896,0.1647196261682243,0.3697631324524653
844,E9QA15,,0.8099473072971686,141.0,124.0,0.5344827586206896,0.1647196261682243,0.3697631324524653
845,Q8BHC9,,0.8086265781821105,141.0,124.0,0.5344827586206896,0.1647196261682243,0.3697631324524653
846,Q9R1J0,,0.8084987857236697,141.0,124.0,0.5344827586206896,0.1647196261682243,0.3697631324524653
847,Q3UM29,,0.8052704382429955,141.0,124.0,0.5344827586206896,0.1647196261682243,0.3697631324524653
848,Q9DBR3,FP,0.8049308911423246,142.0,124.0,0.5344827586206896,0.1658878504672897,0.3685949081533999
849,B1AYL1,,0.8046551064468446,142.0,124.0,0.5344827586206896,0.1658878504672897,0.3685949081533999
850,Q8VDV3,,0.8044362938908657,142.0,124.0,0.5344827586206896,0.1658878504672897,0.3685949081533999
851,P31324,,0.8029668292853617,142.0,124.0,0.5344827586206896,0.1658878504672897,0.3685949081533999
852,Q8BTV1,,0.8025639808580667,142.0,124.0,0.5344827586206896,0.1658878504672897,0.3685949081533999
853,Q921C5,FP,0.8018640028377393,143.0,124.0,0.5344827586206896,0.16705607476635514,0.36742668385433447
854,Q60864,FP,0.8002658621847115,144.0,124.0,0.5344827586206896,0.16822429906542055,0.36625845955526903
855,P27612,FP,0.7997172421097036,145.0,124.0,0.5344827586206896,0.169392523364486,0.36509023525620365
856,E9PWG2,,0.7973637534824023,145.0,124.0,0.5344827586206896,0.169392523364486,0.36509023525620365
857,Q9D9V3,,0.7956357465164148,145.0,124.0,0.5344827586206896,0.169392523364486,0.36509023525620365
858,Q3TPX4,,0.79523019375146,145.0,124.0,0.5344827586206896,0.169392523364486,0.36509023525620365
859,Q61247,TP,0.7949493484171758,145.0,125.0,0.5387931034482759,0.169392523364486,0.36940058008378995
860,P54775,FP,0.7872723770994646,146.0,125.0,0.5387931034482759,0.1705607476635514,0.3682323557847245
861,Q5SYL3,TP,0.7871521843656412,146.0,126.0,0.5431034482758621,0.1705607476635514,0.3725427006123107
862,Q99JY9,FP,0.7870907201740194,147.0,126.0,0.5431034482758621,0.17172897196261683,0.37137447631324527
863,Q62086,,0.7865889272424614,147.0,126.0,0.5431034482758621,0.17172897196261683,0.37137447631324527
864,E9PVA8,,0.7853194077157336,147.0,126.0,0.5431034482758621,0.17172897196261683,0.37137447631324527
865,Q61112,,0.7846511918056727,147.0,126.0,0.5431034482758621,0.17172897196261683,0.37137447631324527
866,Q91VI7,,0.7843600303288998,147.0,126.0,0.5431034482758621,0.17172897196261683,0.37137447631324527
867,P30999,FP,0.782128082271247,148.0,126.0,0.5431034482758621,0.17289719626168223,0.3702062520141799
868,P42125,,0.781377737947085,148.0,126.0,0.5431034482758621,0.17289719626168223,0.3702062520141799
869,O35643,,0.7811218841966706,148.0,126.0,0.5431034482758621,0.17289719626168223,0.3702062520141799
870,P01898,,0.7794776371286234,148.0,126.0,0.5431034482758621,0.17289719626168223,0.3702062520141799
871,Q8BMD8,,0.7786637780967289,148.0,126.0,0.5431034482758621,0.17289719626168223,0.3702062520141799
872,Q8R3H7,,0.7779346446916013,148.0,126.0,0.5431034482758621,0.17289719626168223,0.3702062520141799
873,Q6PDI5,FP,0.7759666081161691,149.0,126.0,0.5431034482758621,0.17406542056074767,0.3690380277151144
874,Q8C522,TP,0.7748858852716974,149.0,127.0,0.5474137931034483,0.17406542056074767,0.3733483725427006
875,Q9CPQ3,,0.7741920633657453,149.0,127.0,0.5474137931034483,0.17406542056074767,0.3733483725427006
876,P16406,,0.7738651581800681,149.0,127.0,0.5474137931034483,0.17406542056074767,0.3733483725427006
877,Q8BMA6,FP,0.7728512073701874,150.0,127.0,0.5474137931034483,0.17523364485981308,0.3721801482436352
878,O70318,FP,0.7705975783007181,151.0,127.0,0.5474137931034483,0.1764018691588785,0.3710119239445698
879,E9Q394,FP,0.7698976054888566,152.0,127.0,0.5474137931034483,0.17757009345794392,0.36984369964550434
880,P50543,FP,0.7697504666292199,153.0,127.0,0.5474137931034483,0.17873831775700935,0.36867547534643896
881,Q8R1J9,,0.7694809568704756,153.0,127.0,0.5474137931034483,0.17873831775700935,0.36867547534643896
882,E9PYP2,,0.7694448113244887,153.0,127.0,0.5474137931034483,0.17873831775700935,0.36867547534643896
883,Q9ESB3,TP,0.7681848948235623,153.0,128.0,0.5517241379310345,0.17873831775700935,0.37298582017402515
884,Q9CRD0,,0.7679139246639878,153.0,128.0,0.5517241379310345,0.17873831775700935,0.37298582017402515
885,Q9Z2I8,,0.7666314280972633,153.0,128.0,0.5517241379310345,0.17873831775700935,0.37298582017402515
886,Q78IK4,,0.7658359591896496,153.0,128.0,0.5517241379310345,0.17873831775700935,0.37298582017402515
887,P58021,FP,0.7653625106897661,154.0,128.0,0.5517241379310345,0.17990654205607476,0.3718175958749597
888,P97379,,0.7649200389399271,154.0,128.0,0.5517241379310345,0.17990654205607476,0.3718175958749597
889,Q9JJ28,FP,0.7643064077003402,155.0,128.0,0.5517241379310345,0.1810747663551402,0.3706493715758943
890,Q8BMP6,,0.7641696815242066,155.0,128.0,0.5517241379310345,0.1810747663551402,0.3706493715758943
891,Q6GT24,,0.7633319389864354,155.0,128.0,0.5517241379310345,0.1810747663551402,0.3706493715758943
892,A2ARP1,,0.7622118365443562,155.0,128.0,0.5517241379310345,0.1810747663551402,0.3706493715758943
893,Q8R2R6,,0.7601849829197316,155.0,128.0,0.5517241379310345,0.1810747663551402,0.3706493715758943
894,O88876,,0.7595079979761858,155.0,128.0,0.5517241379310345,0.1810747663551402,0.3706493715758943
895,Q91YE8,FP,0.7576546533202242,156.0,128.0,0.5517241379310345,0.1822429906542056,0.3694811472768289
896,Q62230,TP,0.7576398727201604,156.0,129.0,0.5560344827586207,0.1822429906542056,0.3737914921044151
897,Q9D0S9,,0.7566391009455169,156.0,129.0,0.5560344827586207,0.1822429906542056,0.3737914921044151
898,Q9QX60,,0.7540893332694821,156.0,129.0,0.5560344827586207,0.1822429906542056,0.3737914921044151
899,Q9WUM3,FP,0.7533551543821488,157.0,129.0,0.5560344827586207,0.18341121495327103,0.3726232678053496
900,Q9CQ60,,0.7495461360755984,157.0,129.0,0.5560344827586207,0.18341121495327103,0.3726232678053496
901,Q8VIM9,,0.7492562910960852,157.0,129.0,0.5560344827586207,0.18341121495327103,0.3726232678053496
902,Q99JB2,FP,0.748960469624176,158.0,129.0,0.5560344827586207,0.18457943925233644,0.3714550435062842
903,Q8CHQ0,,0.7488916131688054,158.0,129.0,0.5560344827586207,0.18457943925233644,0.3714550435062842
904,Q9CVB6,FP,0.7485167241327705,159.0,129.0,0.5560344827586207,0.18574766355140188,0.3702868192072188
905,Q8BYA0,FP,0.74795853429449,160.0,129.0,0.5560344827586207,0.18691588785046728,0.36911859490815335
906,Q91W50,,0.7465297004166156,160.0,129.0,0.5560344827586207,0.18691588785046728,0.36911859490815335
907,Q9D706,,0.7455853459976288,160.0,129.0,0.5560344827586207,0.18691588785046728,0.36911859490815335
908,Q9CQS4,,0.7427856520752896,160.0,129.0,0.5560344827586207,0.18691588785046728,0.36911859490815335
909,Q3U0P5,TP,0.7394042904967916,160.0,130.0,0.5603448275862069,0.18691588785046728,0.37342893973573954
910,Q8R3S6,,0.7393065928011684,160.0,130.0,0.5603448275862069,0.18691588785046728,0.37342893973573954
911,P14142,,0.7391166851712893,160.0,130.0,0.5603448275862069,0.18691588785046728,0.37342893973573954
912,Q8C845,,0.7386973137389095,160.0,130.0,0.5603448275862069,0.18691588785046728,0.37342893973573954
913,Q8BIJ6,,0.7382200910623019,160.0,130.0,0.5603448275862069,0.18691588785046728,0.37342893973573954
914,Q78IK2,,0.736690071514577,160.0,130.0,0.5603448275862069,0.18691588785046728,0.37342893973573954
915,Q8BSK8,,0.7349859345889349,160.0,130.0,0.5603448275862069,0.18691588785046728,0.37342893973573954
916,Q99KC8,,0.734806076105706,160.0,130.0,0.5603448275862069,0.18691588785046728,0.37342893973573954
917,E9PVY8,,0.7331908511862817,160.0,130.0,0.5603448275862069,0.18691588785046728,0.37342893973573954
918,P35235,,0.7329179331536059,160.0,130.0,0.5603448275862069,0.18691588785046728,0.37342893973573954
919,Q99K23,FP,0.732200733445857,161.0,130.0,0.5603448275862069,0.18808411214953272,0.37226071543667416
920,Q8BL66,,0.732055109430801,161.0,130.0,0.5603448275862069,0.18808411214953272,0.37226071543667416
921,Q8R151,,0.7311169338885781,161.0,130.0,0.5603448275862069,0.18808411214953272,0.37226071543667416
922,Q8CC88,,0.7310930209850017,161.0,130.0,0.5603448275862069,0.18808411214953272,0.37226071543667416
923,A2ASQ1,,0.7303703829340935,161.0,130.0,0.5603448275862069,0.18808411214953272,0.37226071543667416
924,Q3URE1,,0.7301806195072648,161.0,130.0,0.5603448275862069,0.18808411214953272,0.37226071543667416
925,Q8CAK1,,0.7299825979277326,161.0,130.0,0.5603448275862069,0.18808411214953272,0.37226071543667416
926,O89051,TP,0.729794813623612,161.0,131.0,0.5646551724137931,0.18808411214953272,0.37657106026426046
927,A2AJ88,,0.7290624237927259,161.0,131.0,0.5646551724137931,0.18808411214953272,0.37657106026426046
928,Q60634,,0.728136071093238,161.0,131.0,0.5646551724137931,0.18808411214953272,0.37657106026426046
929,P62849,,0.7264059254112509,161.0,131.0,0.5646551724137931,0.18808411214953272,0.37657106026426046
930,Q8CEE7,,0.7249733147887463,161.0,131.0,0.5646551724137931,0.18808411214953272,0.37657106026426046
931,Q9JM96,FP,0.7247278985261414,162.0,131.0,0.5646551724137931,0.18925233644859812,0.375402835965195
932,Q543K9,,0.7247259668498149,162.0,131.0,0.5646551724137931,0.18925233644859812,0.375402835965195
933,P06800,,0.7230069713670645,162.0,131.0,0.5646551724137931,0.18925233644859812,0.375402835965195
934,Q9CQM8,,0.7229583942071316,162.0,131.0,0.5646551724137931,0.18925233644859812,0.375402835965195
935,Q8QZY1,,0.7222843476657742,162.0,131.0,0.5646551724137931,0.18925233644859812,0.375402835965195
936,Q8C0L8,,0.7218613443332805,162.0,131.0,0.5646551724137931,0.18925233644859812,0.375402835965195
937,Q8HWB2,,0.7206314638018589,162.0,131.0,0.5646551724137931,0.18925233644859812,0.375402835965195
938,Q8C5P7,FP,0.7203992977409097,163.0,131.0,0.5646551724137931,0.19042056074766356,0.3742346116661296
939,Q9DD06,TP,0.717985722972222,163.0,132.0,0.5689655172413793,0.19042056074766356,0.3785449564937158
940,A2AIX1,,0.7168509092495889,163.0,132.0,0.5689655172413793,0.19042056074766356,0.3785449564937158
941,Q8BX02,,0.7166160635102472,163.0,132.0,0.5689655172413793,0.19042056074766356,0.3785449564937158
942,P53995,,0.7156592638898395,163.0,132.0,0.5689655172413793,0.19042056074766356,0.3785449564937158
943,G3X9K3,FP,0.7152644497452069,164.0,132.0,0.5689655172413793,0.19158878504672897,0.3773767321946504
944,O35465,,0.7152269929434748,164.0,132.0,0.5689655172413793,0.19158878504672897,0.3773767321946504
945,Q921I1,TP,0.714732571851563,164.0,133.0,0.5732758620689655,0.19158878504672897,0.3816870770222366
