,uniprot,annotation,iWAT_chow_cre+_3/iWAT_chow_cre-_2_ratio,FP,TP,TPR,FPR,TPR-FPR
0,Q4FZC9,FP,3.3174487052643062,0.0,0.0,0.0,0.0,0.0
1,P09671,,3.130577443726087,1.0,0.0,0.0,0.0013089005235602095,-0.0013089005235602095
2,Q61792,FP,3.1130697856609038,1.0,0.0,0.0,0.0013089005235602095,-0.0013089005235602095
3,Q8VBZ3,,3.0449829559555637,2.0,0.0,0.0,0.002617801047120419,-0.002617801047120419
4,Q02248,FP,2.9374205041105284,2.0,0.0,0.0,0.002617801047120419,-0.002617801047120419
5,Q8BYB9,,2.85176533215824,3.0,0.0,0.0,0.003926701570680628,-0.003926701570680628
6,P08553,FP,2.841102905371525,3.0,0.0,0.0,0.003926701570680628,-0.003926701570680628
7,P26231,FP,2.829652865348349,4.0,0.0,0.0,0.005235602094240838,-0.005235602094240838
8,E9QPE7,,2.6292432423010825,5.0,0.0,0.0,0.006544502617801047,-0.006544502617801047
9,Q8BFR4,,2.6009864139916443,5.0,0.0,0.0,0.006544502617801047,-0.006544502617801047
10,D3Z2R5,,2.59881948740979,5.0,0.0,0.0,0.006544502617801047,-0.006544502617801047
11,Q3UHC7,,2.5469914815491825,5.0,0.0,0.0,0.006544502617801047,-0.006544502617801047
12,P08551,FP,2.4764561034626063,5.0,0.0,0.0,0.006544502617801047,-0.006544502617801047
13,E9Q4X2,,2.2815119846113414,6.0,0.0,0.0,0.007853403141361256,-0.007853403141361256
14,P19246,FP,2.279519913774918,6.0,0.0,0.0,0.007853403141361256,-0.007853403141361256
15,Q80X71,,2.2482731968679306,7.0,0.0,0.0,0.009162303664921465,-0.009162303664921465
16,Q8BSY0,,2.228733973410174,7.0,0.0,0.0,0.009162303664921465,-0.009162303664921465
17,Q8CFG0,,2.2169147417791777,7.0,0.0,0.0,0.009162303664921465,-0.009162303664921465
18,Q9QZQ1,FP,2.2040760434356237,7.0,0.0,0.0,0.009162303664921465,-0.009162303664921465
19,F8VPV0,,2.1627616164241354,8.0,0.0,0.0,0.010471204188481676,-0.010471204188481676
20,Q7TQ62,TP,2.146491128140487,8.0,0.0,0.0,0.010471204188481676,-0.010471204188481676
21,P39447,,2.1169318800174675,8.0,1.0,0.004807692307692308,0.010471204188481676,-0.005663511880789368
22,P21981,TP,2.0761068523933504,8.0,1.0,0.004807692307692308,0.010471204188481676,-0.005663511880789368
23,Q9Z1E4,,2.0719561477193564,8.0,2.0,0.009615384615384616,0.010471204188481676,-0.0008558195730970601
24,Q8VCF1,,2.0542049326714977,8.0,2.0,0.009615384615384616,0.010471204188481676,-0.0008558195730970601
25,A1L3P4,,2.045338082117198,8.0,2.0,0.009615384615384616,0.010471204188481676,-0.0008558195730970601
26,Q9JMG3,FP,2.034662270222323,8.0,2.0,0.009615384615384616,0.010471204188481676,-0.0008558195730970601
27,P15208,,1.9952205929983606,9.0,2.0,0.009615384615384616,0.011780104712041885,-0.002164720096657269
28,Q8K297,,1.9866398762623951,9.0,2.0,0.009615384615384616,0.011780104712041885,-0.002164720096657269
29,P29416,,1.960629413132218,9.0,2.0,0.009615384615384616,0.011780104712041885,-0.002164720096657269
30,Q9CQE7,,1.9372579138411057,9.0,2.0,0.009615384615384616,0.011780104712041885,-0.002164720096657269
31,Q91WU0,,1.9345063035053196,9.0,2.0,0.009615384615384616,0.011780104712041885,-0.002164720096657269
32,P16406,,1.932399511871178,9.0,2.0,0.009615384615384616,0.011780104712041885,-0.002164720096657269
33,Q80XI3,,1.9047928142247874,9.0,2.0,0.009615384615384616,0.011780104712041885,-0.002164720096657269
34,O35206,TP,1.8996364130105154,9.0,2.0,0.009615384615384616,0.011780104712041885,-0.002164720096657269
35,Q5DTX6,,1.886510720379582,9.0,3.0,0.014423076923076924,0.011780104712041885,0.0026429722110350388
36,Q9Z0R4,FP,1.8705677538249115,9.0,3.0,0.014423076923076924,0.011780104712041885,0.0026429722110350388
37,A2A863,,1.869656131996903,10.0,3.0,0.014423076923076924,0.013089005235602094,0.0013340716874748297
38,Q921M4,FP,1.8602168788398534,10.0,3.0,0.014423076923076924,0.013089005235602094,0.0013340716874748297
39,Q8CGB3,FP,1.855135777389603,11.0,3.0,0.014423076923076924,0.014397905759162303,2.517116391462064e-05
40,Q9Z247,,1.8493118254546597,12.0,3.0,0.014423076923076924,0.015706806282722512,-0.0012837293596455884
41,O88531,TP,1.8452729015919207,12.0,3.0,0.014423076923076924,0.015706806282722512,-0.0012837293596455884
42,Q5FWH6,,1.838969892293376,12.0,4.0,0.019230769230769232,0.015706806282722512,0.0035239629480467195
43,Q9JHP7,,1.828367997759952,12.0,4.0,0.019230769230769232,0.015706806282722512,0.0035239629480467195
44,Q8VHI3,,1.824618760277491,12.0,4.0,0.019230769230769232,0.015706806282722512,0.0035239629480467195
45,Q9WV54,TP,1.8220742152797615,12.0,4.0,0.019230769230769232,0.015706806282722512,0.0035239629480467195
46,B1AYL1,,1.8109839737445537,12.0,5.0,0.02403846153846154,0.015706806282722512,0.008331655255739027
47,Q9CQ45,TP,1.8107971857163072,12.0,5.0,0.02403846153846154,0.015706806282722512,0.008331655255739027
48,Q80Z24,,1.805870079756876,12.0,6.0,0.028846153846153848,0.015706806282722512,0.013139347563431335
49,Q9QZ25,,1.795027149859908,12.0,6.0,0.028846153846153848,0.015706806282722512,0.013139347563431335
50,E9Q8I9,FP,1.7941317297582138,12.0,6.0,0.028846153846153848,0.015706806282722512,0.013139347563431335
51,Q9CXE7,,1.787964204012379,13.0,6.0,0.028846153846153848,0.017015706806282723,0.011830447039871125
52,Q9QZW0,,1.785053910613861,13.0,6.0,0.028846153846153848,0.017015706806282723,0.011830447039871125
53,P55302,,1.7827767078299284,13.0,6.0,0.028846153846153848,0.017015706806282723,0.011830447039871125
54,P19096,,1.7697013089341933,13.0,6.0,0.028846153846153848,0.017015706806282723,0.011830447039871125
55,Q8VCT4,,1.7657515132763637,13.0,6.0,0.028846153846153848,0.017015706806282723,0.011830447039871125
56,Q8BRH0,,1.7619327521247747,13.0,6.0,0.028846153846153848,0.017015706806282723,0.011830447039871125
57,Q8R1V4,,1.7581304614123652,13.0,6.0,0.028846153846153848,0.017015706806282723,0.011830447039871125
58,J3KMH5,,1.757467385360527,13.0,6.0,0.028846153846153848,0.017015706806282723,0.011830447039871125
59,Q3UW53,,1.7525540621325815,13.0,6.0,0.028846153846153848,0.017015706806282723,0.011830447039871125
60,E9PWI3,,1.7396655281407973,13.0,6.0,0.028846153846153848,0.017015706806282723,0.011830447039871125
61,P08003,,1.7242166139569102,13.0,6.0,0.028846153846153848,0.017015706806282723,0.011830447039871125
62,Q9DAU1,FP,1.7226793824746878,13.0,6.0,0.028846153846153848,0.017015706806282723,0.011830447039871125
63,P67984,,1.718740495662989,14.0,6.0,0.028846153846153848,0.01832460732984293,0.010521546516310917
64,P03953,TP,1.7143937757632335,14.0,6.0,0.028846153846153848,0.01832460732984293,0.010521546516310917
65,Q8CFX1,,1.7115710010042968,14.0,7.0,0.03365384615384615,0.01832460732984293,0.015329238824003222
66,A2AQ25,,1.7071310777155149,14.0,7.0,0.03365384615384615,0.01832460732984293,0.015329238824003222
67,E9Q6C2,,1.7067973803639518,14.0,7.0,0.03365384615384615,0.01832460732984293,0.015329238824003222
68,Q91ZX7,FP,1.7042952185464073,14.0,7.0,0.03365384615384615,0.01832460732984293,0.015329238824003222
69,Q62261,FP,1.7023489126513285,15.0,7.0,0.03365384615384615,0.01963350785340314,0.014020338300443011
70,Q91ZW2,,1.6956432681169273,16.0,7.0,0.03365384615384615,0.020942408376963352,0.0127114377768828
71,Q07113,,1.6894999247233966,16.0,7.0,0.03365384615384615,0.020942408376963352,0.0127114377768828
72,Q8BJS4,FP,1.682043861522629,16.0,7.0,0.03365384615384615,0.020942408376963352,0.0127114377768828
73,Q8CIZ8,TP,1.672036018981911,17.0,7.0,0.03365384615384615,0.02225130890052356,0.011402537253322593
74,G3X9B1,,1.6682908822150437,17.0,8.0,0.038461538461538464,0.02225130890052356,0.016210229561014904
75,Q5RIM6,FP,1.664840045813442,17.0,8.0,0.038461538461538464,0.02225130890052356,0.016210229561014904
76,Q9Z0F8,TP,1.663913005087325,18.0,8.0,0.038461538461538464,0.02356020942408377,0.014901329037454693
77,A2AIX1,,1.6574312735340302,18.0,9.0,0.04326923076923077,0.02356020942408377,0.019709021345146998
78,Q9ER39,FP,1.650799879792982,18.0,9.0,0.04326923076923077,0.02356020942408377,0.019709021345146998
79,Q9R045,TP,1.6324375449041817,19.0,9.0,0.04326923076923077,0.024869109947643978,0.01840012082158679
80,Q4VBD2,FP,1.6260461627326983,19.0,10.0,0.04807692307692308,0.024869109947643978,0.023207813129279102
81,Q91V92,,1.624659627739226,20.0,10.0,0.04807692307692308,0.02617801047120419,0.02189891260571889
82,Q91W39,FP,1.6028722562570454,20.0,10.0,0.04807692307692308,0.02617801047120419,0.02189891260571889
83,Q6GQT9,,1.5921903898262633,21.0,10.0,0.04807692307692308,0.0274869109947644,0.02059001208215868
84,Q8VDD5,FP,1.5886016587261338,21.0,10.0,0.04807692307692308,0.0274869109947644,0.02059001208215868
85,Q60875,FP,1.5883876116167819,22.0,10.0,0.04807692307692308,0.028795811518324606,0.019281111558598473
86,Q68FF6,FP,1.5856593302924105,23.0,10.0,0.04807692307692308,0.030104712041884817,0.017972211035038262
87,Q6A065,FP,1.5710501585816856,24.0,10.0,0.04807692307692308,0.031413612565445025,0.016663310511478055
88,Q8K093,,1.5692726044549605,25.0,10.0,0.04807692307692308,0.032722513089005235,0.015354409987917844
89,Q5SUH6,,1.5583868864033725,25.0,10.0,0.04807692307692308,0.032722513089005235,0.015354409987917844
90,P21447,,1.554415762378455,25.0,10.0,0.04807692307692308,0.032722513089005235,0.015354409987917844
91,Q8BFZ9,,1.5503646580216028,25.0,10.0,0.04807692307692308,0.032722513089005235,0.015354409987917844
92,P02469,TP,1.5418260909306385,25.0,10.0,0.04807692307692308,0.032722513089005235,0.015354409987917844
93,Q2HXL6,,1.5399548289273748,25.0,11.0,0.052884615384615384,0.032722513089005235,0.02016210229561015
94,Q9Z2A9,,1.536621430554488,25.0,11.0,0.052884615384615384,0.032722513089005235,0.02016210229561015
95,D3YZP9,FP,1.5327331541628706,25.0,11.0,0.052884615384615384,0.032722513089005235,0.02016210229561015
96,Q8C650,FP,1.5224405791344444,26.0,11.0,0.052884615384615384,0.034031413612565446,0.018853201772049938
97,G3XA17,,1.5163388250025451,27.0,11.0,0.052884615384615384,0.03534031413612566,0.017544301248489727
98,Q9DBS1,FP,1.5154919921579744,27.0,11.0,0.052884615384615384,0.03534031413612566,0.017544301248489727
99,Q8VCM7,TP,1.5138650046827669,28.0,11.0,0.052884615384615384,0.03664921465968586,0.016235400724929523
100,Q8BX80,,1.5125704670223783,28.0,12.0,0.057692307692307696,0.03664921465968586,0.021043093032621835
101,O54991,,1.5082849655561292,28.0,12.0,0.057692307692307696,0.03664921465968586,0.021043093032621835
102,Q8BHN3,,1.5074042857271608,28.0,12.0,0.057692307692307696,0.03664921465968586,0.021043093032621835
103,P09055,,1.5038872840922857,28.0,12.0,0.057692307692307696,0.03664921465968586,0.021043093032621835
104,Q9ERE7,,1.503035824304219,28.0,12.0,0.057692307692307696,0.03664921465968586,0.021043093032621835
105,P59017,,1.5009308390331817,28.0,12.0,0.057692307692307696,0.03664921465968586,0.021043093032621835
106,Q9Z2A7,,1.4958338708178402,28.0,12.0,0.057692307692307696,0.03664921465968586,0.021043093032621835
107,Q91YW3,,1.4860974805848857,28.0,12.0,0.057692307692307696,0.03664921465968586,0.021043093032621835
108,Q8VCM8,,1.4839558783482314,28.0,12.0,0.057692307692307696,0.03664921465968586,0.021043093032621835
109,Q8BLY1,TP,1.4762266908016726,28.0,12.0,0.057692307692307696,0.03664921465968586,0.021043093032621835
110,Q3UHH8,,1.4688527003826934,28.0,13.0,0.0625,0.03664921465968586,0.02585078534031414
111,P62631,FP,1.462213446674257,28.0,13.0,0.0625,0.03664921465968586,0.02585078534031414
112,Q8CIF4,TP,1.4587749030106567,29.0,13.0,0.0625,0.03795811518324607,0.02454188481675393
113,Q68FH0,FP,1.4584095266059849,29.0,14.0,0.0673076923076923,0.03795811518324607,0.029349577124446233
114,Q60865,,1.4575224184954418,30.0,14.0,0.0673076923076923,0.03926701570680628,0.028040676600886022
115,P16675,,1.4532526861781367,30.0,14.0,0.0673076923076923,0.03926701570680628,0.028040676600886022
116,Q6PAR5,,1.4462577518600708,30.0,14.0,0.0673076923076923,0.03926701570680628,0.028040676600886022
117,Q14C51,,1.4457379527281733,30.0,14.0,0.0673076923076923,0.03926701570680628,0.028040676600886022
118,P04919,,1.4280903489521777,30.0,14.0,0.0673076923076923,0.03926701570680628,0.028040676600886022
119,Q99KX1,FP,1.4228809765227175,30.0,14.0,0.0673076923076923,0.03926701570680628,0.028040676600886022
120,O08601,,1.4216528465977651,31.0,14.0,0.0673076923076923,0.04057591623036649,0.02673177607732581
121,Q8C341,,1.419286817429355,31.0,14.0,0.0673076923076923,0.04057591623036649,0.02673177607732581
122,Q8VCC9,TP,1.4027431180578598,31.0,14.0,0.0673076923076923,0.04057591623036649,0.02673177607732581
123,Q8VI36,FP,1.40126634240581,31.0,15.0,0.07211538461538461,0.04057591623036649,0.031539468385018116
124,A0A1D5RMD1,,1.397221960635572,32.0,15.0,0.07211538461538461,0.041884816753926704,0.030230567861457905
125,P10810,TP,1.39642874407362,32.0,15.0,0.07211538461538461,0.041884816753926704,0.030230567861457905
126,Q91V89,,1.3900218670047775,32.0,16.0,0.07692307692307693,0.041884816753926704,0.03503826016915022
127,P57780,FP,1.3856610549620234,32.0,16.0,0.07692307692307693,0.041884816753926704,0.03503826016915022
128,Q69ZN7,FP,1.384119793026352,33.0,16.0,0.07692307692307693,0.04319371727748691,0.03372935964559002
129,Q8K4L3,FP,1.383194820154019,34.0,16.0,0.07692307692307693,0.04450261780104712,0.03242045912202981
130,E9PV24,TP,1.382510991891613,35.0,16.0,0.07692307692307693,0.04581151832460733,0.031111558598469598
131,P01029,TP,1.3794122424487847,35.0,17.0,0.08173076923076923,0.04581151832460733,0.0359192509061619
132,P82347,FP,1.3739564583689599,35.0,18.0,0.08653846153846154,0.04581151832460733,0.04072694321385421
133,Q62009,TP,1.3686135083304036,36.0,18.0,0.08653846153846154,0.04712041884816754,0.039418042690293996
134,Q9ES89,,1.3667649162231807,36.0,19.0,0.09134615384615384,0.04712041884816754,0.0442257349979863
135,Q61147,TP,1.3639568874439285,36.0,19.0,0.09134615384615384,0.04712041884816754,0.0442257349979863
136,Q9D1Q6,,1.3636742785905698,36.0,20.0,0.09615384615384616,0.04712041884816754,0.04903342730567862
137,Q61166,FP,1.3606787929935913,36.0,20.0,0.09615384615384616,0.04712041884816754,0.04903342730567862
138,Q8K4G5,FP,1.3591516108662973,37.0,20.0,0.09615384615384616,0.04842931937172775,0.04772452678211841
139,P50172,,1.355615348086442,38.0,20.0,0.09615384615384616,0.049738219895287955,0.046415626258558204
140,P39061,TP,1.3546954161561373,38.0,20.0,0.09615384615384616,0.049738219895287955,0.046415626258558204
141,Q8K0E8,TP,1.3522159111366872,38.0,21.0,0.10096153846153846,0.049738219895287955,0.05122331856625051
142,Q91XD7,,1.345549604507516,38.0,22.0,0.10576923076923077,0.049738219895287955,0.05603101087394281
143,Q05421,,1.3367175679265233,38.0,22.0,0.10576923076923077,0.049738219895287955,0.05603101087394281
144,G5E897,,1.3360991169103213,38.0,22.0,0.10576923076923077,0.049738219895287955,0.05603101087394281
145,P08113,,1.3275341615701282,38.0,22.0,0.10576923076923077,0.049738219895287955,0.05603101087394281
146,Q8BUR4,,1.3258151459649048,38.0,22.0,0.10576923076923077,0.049738219895287955,0.05603101087394281
147,P81122,,1.3250470607640354,38.0,22.0,0.10576923076923077,0.049738219895287955,0.05603101087394281
148,P21619,FP,1.3241054356011002,38.0,22.0,0.10576923076923077,0.049738219895287955,0.05603101087394281
149,Q9WUK2,,1.3239792537075183,39.0,22.0,0.10576923076923077,0.051047120418848166,0.0547221103503826
150,Q02819,TP,1.3235460033083,39.0,22.0,0.10576923076923077,0.051047120418848166,0.0547221103503826
151,P09103,,1.3211482471770146,39.0,23.0,0.11057692307692307,0.051047120418848166,0.05952980265807491
152,E9PYV1,,1.3195916223243085,39.0,23.0,0.11057692307692307,0.051047120418848166,0.05952980265807491
153,Q6ZWQ0,FP,1.3138468797548257,39.0,23.0,0.11057692307692307,0.051047120418848166,0.05952980265807491
154,Q9CQY5,,1.313552422147744,40.0,23.0,0.11057692307692307,0.05235602094240838,0.058220902134514696
155,P08121,TP,1.3113455674225771,40.0,23.0,0.11057692307692307,0.05235602094240838,0.058220902134514696
156,O08795,,1.310933810335722,40.0,24.0,0.11538461538461539,0.05235602094240838,0.06302859444220701
157,P62342,,1.3098462024443809,40.0,24.0,0.11538461538461539,0.05235602094240838,0.06302859444220701
158,Q8BYW9,,1.3084231140189937,40.0,24.0,0.11538461538461539,0.05235602094240838,0.06302859444220701
159,Q60598,FP,1.3055918184433764,40.0,24.0,0.11538461538461539,0.05235602094240838,0.06302859444220701
160,Q6DVA0,FP,1.3031760835615709,41.0,24.0,0.11538461538461539,0.05366492146596859,0.061719693918646804
161,Q9Z2G6,,1.3028436494835336,42.0,24.0,0.11538461538461539,0.0549738219895288,0.06041079339508659
162,Q9WUZ9,TP,1.3026424566159582,42.0,24.0,0.11538461538461539,0.0549738219895288,0.06041079339508659
163,Q80X90,FP,1.3025116755675399,42.0,25.0,0.1201923076923077,0.0549738219895288,0.0652184857027789
164,Q60605,,1.2995691223621988,43.0,25.0,0.1201923076923077,0.056282722513089,0.06390958517921869
165,Q9EPK6,,1.2980344702241746,43.0,25.0,0.1201923076923077,0.056282722513089,0.06390958517921869
166,G3X8T9,,1.2979009435403537,43.0,25.0,0.1201923076923077,0.056282722513089,0.06390958517921869
167,D3Z5J3,,1.2971041079095942,43.0,25.0,0.1201923076923077,0.056282722513089,0.06390958517921869
168,Q8BKC5,FP,1.296559292622645,43.0,25.0,0.1201923076923077,0.056282722513089,0.06390958517921869
169,Q3TMX5,,1.2944821548717342,44.0,25.0,0.1201923076923077,0.05759162303664921,0.06260068465565849
170,Q9JMH9,FP,1.2904608802699504,44.0,25.0,0.1201923076923077,0.05759162303664921,0.06260068465565849
171,Q3UVK0,FP,1.2888756246997297,45.0,25.0,0.1201923076923077,0.058900523560209424,0.06129178413209827
172,Q8BGD9,,1.2871795143039035,46.0,25.0,0.1201923076923077,0.060209424083769635,0.05998288360853806
173,Q9JLQ0,FP,1.2841000910726945,46.0,25.0,0.1201923076923077,0.060209424083769635,0.05998288360853806
174,Q8R332,FP,1.281123196673774,47.0,25.0,0.1201923076923077,0.061518324607329845,0.05867398308497785
175,Q3TDQ1,,1.2803175229759995,48.0,25.0,0.1201923076923077,0.06282722513089005,0.057365082561417646
176,Q9D666,FP,1.2769873704863286,48.0,25.0,0.1201923076923077,0.06282722513089005,0.057365082561417646
177,Q9CZU6,,1.2759083450264646,49.0,25.0,0.1201923076923077,0.06413612565445026,0.056056182037857435
178,Q6URW6,,1.2741526956277256,49.0,25.0,0.1201923076923077,0.06413612565445026,0.056056182037857435
179,Q80TN4,,1.269278474733211,49.0,25.0,0.1201923076923077,0.06413612565445026,0.056056182037857435
180,P98083,,1.2646270335433232,49.0,25.0,0.1201923076923077,0.06413612565445026,0.056056182037857435
181,P70699,,1.2528498748257786,49.0,25.0,0.1201923076923077,0.06413612565445026,0.056056182037857435
182,O09117,,1.2495208419612454,49.0,25.0,0.1201923076923077,0.06413612565445026,0.056056182037857435
183,Q05186,,1.2475893747017683,49.0,25.0,0.1201923076923077,0.06413612565445026,0.056056182037857435
184,Q6P5E4,,1.2366507298417275,49.0,25.0,0.1201923076923077,0.06413612565445026,0.056056182037857435
185,P82349,FP,1.2315717919917617,49.0,25.0,0.1201923076923077,0.06413612565445026,0.056056182037857435
186,O88572,,1.230440718499736,50.0,25.0,0.1201923076923077,0.06544502617801047,0.054747281514297225
187,Q922Q9,TP,1.2280866606808276,50.0,25.0,0.1201923076923077,0.06544502617801047,0.054747281514297225
188,Q61879,,1.2262541915852396,50.0,26.0,0.125,0.06544502617801047,0.05955497382198953
189,Q9JIM1,,1.2209868177491858,50.0,26.0,0.125,0.06544502617801047,0.05955497382198953
190,Q9Z1D1,FP,1.2200851118209473,50.0,26.0,0.125,0.06544502617801047,0.05955497382198953
191,Q8C3B8,,1.2194460585519742,51.0,26.0,0.125,0.06675392670157068,0.05824607329842932
192,O70228,,1.2186442710322964,51.0,26.0,0.125,0.06675392670157068,0.05824607329842932
193,P29341,FP,1.2183203024268534,51.0,26.0,0.125,0.06675392670157068,0.05824607329842932
194,Q3TVI8,FP,1.217257243375384,52.0,26.0,0.125,0.06806282722513089,0.05693717277486911
195,Q9JHU2,,1.2106880432359797,53.0,26.0,0.125,0.0693717277486911,0.0556282722513089
196,Q76LS9,,1.2106483899437577,53.0,26.0,0.125,0.0693717277486911,0.0556282722513089
197,E9PVB5,FP,1.208602339296734,53.0,26.0,0.125,0.0693717277486911,0.0556282722513089
198,Q01705,FP,1.2044654746063683,54.0,26.0,0.125,0.07068062827225131,0.054319371727748686
199,Q61335,,1.2022673327786726,55.0,26.0,0.125,0.07198952879581152,0.053010471204188475
200,Q99LJ6,TP,1.201647510763103,55.0,26.0,0.125,0.07198952879581152,0.053010471204188475
201,E9PZ16,,1.2004639525333134,55.0,27.0,0.12980769230769232,0.07198952879581152,0.057818163511880794
202,Q99L43,,1.1993601594151764,55.0,27.0,0.12980769230769232,0.07198952879581152,0.057818163511880794
203,G5E8A0,,1.1952261491226732,55.0,27.0,0.12980769230769232,0.07198952879581152,0.057818163511880794
204,F8VQJ3,,1.1914582052155045,55.0,27.0,0.12980769230769232,0.07198952879581152,0.057818163511880794
205,Q91YQ5,,1.1892144980518387,55.0,27.0,0.12980769230769232,0.07198952879581152,0.057818163511880794
206,Q9D7B7,,1.1869431132150075,55.0,27.0,0.12980769230769232,0.07198952879581152,0.057818163511880794
207,P48410,,1.1857848625910885,55.0,27.0,0.12980769230769232,0.07198952879581152,0.057818163511880794
208,E9PYH0,,1.1816962404773692,55.0,27.0,0.12980769230769232,0.07198952879581152,0.057818163511880794
209,P24369,,1.1813314454881298,55.0,27.0,0.12980769230769232,0.07198952879581152,0.057818163511880794
210,Q9R0E1,TP,1.178415473601705,55.0,27.0,0.12980769230769232,0.07198952879581152,0.057818163511880794
211,Q80X50,,1.1757675566867958,55.0,28.0,0.1346153846153846,0.07198952879581152,0.06262585581957308
212,Q9QXT0,,1.174923148328213,55.0,28.0,0.1346153846153846,0.07198952879581152,0.06262585581957308
213,P56959,FP,1.1734741020016528,55.0,28.0,0.1346153846153846,0.07198952879581152,0.06262585581957308
214,G3X981,,1.1690568653716351,56.0,28.0,0.1346153846153846,0.07329842931937172,0.06131695529601289
215,Q8BGS7,FP,1.1594828000902464,56.0,28.0,0.1346153846153846,0.07329842931937172,0.06131695529601289
216,Q91YP2,,1.1558774868787376,57.0,28.0,0.1346153846153846,0.07460732984293193,0.060008054772452676
217,Q9JM96,FP,1.1519257673641177,57.0,28.0,0.1346153846153846,0.07460732984293193,0.060008054772452676
218,O55103,FP,1.1511291424242491,58.0,28.0,0.1346153846153846,0.07591623036649214,0.058699154248892466
219,E9Q723,,1.1497709540092007,59.0,28.0,0.1346153846153846,0.07722513089005235,0.057390253725332255
220,P10493,TP,1.1483992910697527,59.0,28.0,0.1346153846153846,0.07722513089005235,0.057390253725332255
221,Q8VHK1,,1.1409330623686793,59.0,29.0,0.13942307692307693,0.07722513089005235,0.06219794603302457
222,Q60994,TP,1.139101310742406,59.0,29.0,0.13942307692307693,0.07722513089005235,0.06219794603302457
223,P03911,,1.138776227150203,59.0,30.0,0.14423076923076922,0.07722513089005235,0.06700563834071686
224,Q8K449,,1.1365457678046198,59.0,30.0,0.14423076923076922,0.07722513089005235,0.06700563834071686
225,Q8VDN2,,1.134902741354421,59.0,30.0,0.14423076923076922,0.07722513089005235,0.06700563834071686
226,Q80W54,FP,1.1341197101880294,59.0,30.0,0.14423076923076922,0.07722513089005235,0.06700563834071686
227,Q61508,TP,1.1264505345924438,60.0,30.0,0.14423076923076922,0.07853403141361257,0.06569673781715665
228,Q3U4G3,,1.1249465674092525,60.0,31.0,0.14903846153846154,0.07853403141361257,0.07050443012484897
229,Q924Z4,FP,1.120807139653067,60.0,31.0,0.14903846153846154,0.07853403141361257,0.07050443012484897
230,A3KMP2,,1.1189692073588346,61.0,31.0,0.14903846153846154,0.07984293193717278,0.06919552960128876
231,G3X9Q1,,1.117043593155961,61.0,31.0,0.14903846153846154,0.07984293193717278,0.06919552960128876
232,Q64521,,1.109630717138353,61.0,31.0,0.14903846153846154,0.07984293193717278,0.06919552960128876
233,Q3TA38,FP,1.10934664291965,61.0,31.0,0.14903846153846154,0.07984293193717278,0.06919552960128876
234,Q8K2C8,,1.1085079046230468,62.0,31.0,0.14903846153846154,0.08115183246073299,0.06788662907772855
235,O54931,,1.1082051371738473,62.0,31.0,0.14903846153846154,0.08115183246073299,0.06788662907772855
236,Q80UJ7,,1.1053790104365688,62.0,31.0,0.14903846153846154,0.08115183246073299,0.06788662907772855
237,Q04857,TP,1.10228018068241,62.0,31.0,0.14903846153846154,0.08115183246073299,0.06788662907772855
238,Q3U0J8,,1.1005995773729018,62.0,32.0,0.15384615384615385,0.08115183246073299,0.07269432138542087
239,P47750,,1.098415413145991,62.0,32.0,0.15384615384615385,0.08115183246073299,0.07269432138542087
240,Q6ZQK5,,1.0913021959821558,62.0,32.0,0.15384615384615385,0.08115183246073299,0.07269432138542087
241,Q9D024,,1.0882352964768016,62.0,32.0,0.15384615384615385,0.08115183246073299,0.07269432138542087
242,Q3TMX7,,1.0877849835523692,62.0,32.0,0.15384615384615385,0.08115183246073299,0.07269432138542087
243,Q9R1Z8,FP,1.0850384211165438,62.0,32.0,0.15384615384615385,0.08115183246073299,0.07269432138542087
244,Q0VBL3,FP,1.0848208992609816,63.0,32.0,0.15384615384615385,0.0824607329842932,0.07138542086186066
245,P16546,FP,1.0835914629504095,64.0,32.0,0.15384615384615385,0.08376963350785341,0.07007652033830045
246,Q6PDQ2,FP,1.083057128497799,65.0,32.0,0.15384615384615385,0.08507853403141362,0.06876761981474024
247,Q91X78,,1.076237654297052,66.0,32.0,0.15384615384615385,0.08638743455497382,0.06745871929118004
248,P01027,TP,1.0742444994240987,66.0,32.0,0.15384615384615385,0.08638743455497382,0.06745871929118004
249,Q9CQM8,,1.0709288972307485,66.0,33.0,0.15865384615384615,0.08638743455497382,0.07226641159887233
250,Q64310,,1.0699141731586186,66.0,33.0,0.15865384615384615,0.08638743455497382,0.07226641159887233
251,Q9Z0J0,TP,1.069562187016353,66.0,33.0,0.15865384615384615,0.08638743455497382,0.07226641159887233
252,Q9CXS4,FP,1.0682104215421926,66.0,34.0,0.16346153846153846,0.08638743455497382,0.07707410390656465
253,Q9Z2G9,FP,1.0675905118084945,67.0,34.0,0.16346153846153846,0.08769633507853403,0.07576520338300444
254,P46735,,1.0670260210531464,68.0,34.0,0.16346153846153846,0.08900523560209424,0.07445630285944423
255,Q9QXG4,,1.0663258619546088,68.0,34.0,0.16346153846153846,0.08900523560209424,0.07445630285944423
256,Q8C7X2,,1.0591499585782926,68.0,34.0,0.16346153846153846,0.08900523560209424,0.07445630285944423
257,Q6NZJ6,,1.0554025518604715,68.0,34.0,0.16346153846153846,0.08900523560209424,0.07445630285944423
258,Q60715,,1.055396853045851,68.0,34.0,0.16346153846153846,0.08900523560209424,0.07445630285944423
259,Q9ET30,,1.0552614655498418,68.0,34.0,0.16346153846153846,0.08900523560209424,0.07445630285944423
260,Q8BIJ6,,1.0523881006253806,68.0,34.0,0.16346153846153846,0.08900523560209424,0.07445630285944423
261,P14873,FP,1.0509647023563662,68.0,34.0,0.16346153846153846,0.08900523560209424,0.07445630285944423
262,P48962,,1.0508413520522375,69.0,34.0,0.16346153846153846,0.09031413612565445,0.07314740233588402
263,Q9Z0K8,,1.047482382064261,69.0,34.0,0.16346153846153846,0.09031413612565445,0.07314740233588402
264,O54734,,1.0442263457496503,69.0,34.0,0.16346153846153846,0.09031413612565445,0.07314740233588402
265,Q6P4T2,FP,1.043163457994871,69.0,34.0,0.16346153846153846,0.09031413612565445,0.07314740233588402
266,Q3U9G9,FP,1.040518749520393,70.0,34.0,0.16346153846153846,0.09162303664921466,0.0718385018123238
267,P16125,,1.0390144838617277,71.0,34.0,0.16346153846153846,0.09293193717277487,0.0705296012887636
268,Q91YR7,FP,1.0383243556721284,71.0,34.0,0.16346153846153846,0.09293193717277487,0.0705296012887636
269,Q3UH68,FP,1.0379993903730278,72.0,34.0,0.16346153846153846,0.09424083769633508,0.06922070076520338
270,F7DCH5,,1.0356069036242939,73.0,34.0,0.16346153846153846,0.09554973821989529,0.06791180024164317
271,Q922I7,,1.0348139335665065,73.0,34.0,0.16346153846153846,0.09554973821989529,0.06791180024164317
272,Q8K2I4,,1.034232124863619,73.0,34.0,0.16346153846153846,0.09554973821989529,0.06791180024164317
273,E9Q3Y4,,1.0340356704719256,73.0,34.0,0.16346153846153846,0.09554973821989529,0.06791180024164317
274,P82198,TP,1.0317361293704723,73.0,34.0,0.16346153846153846,0.09554973821989529,0.06791180024164317
275,Q921C5,FP,1.0291692620790107,73.0,35.0,0.16826923076923078,0.09554973821989529,0.07271949254933549
276,E9Q9B7,,1.0271143201477315,74.0,35.0,0.16826923076923078,0.0968586387434555,0.07141059202577528
277,P83741,,1.026428802921839,74.0,35.0,0.16826923076923078,0.0968586387434555,0.07141059202577528
278,Q9QX60,,1.0258192114776097,74.0,35.0,0.16826923076923078,0.0968586387434555,0.07141059202577528
279,Q8K0L9,FP,1.0246857229232813,74.0,35.0,0.16826923076923078,0.0968586387434555,0.07141059202577528
280,Q8JZQ9,,1.0245893308838956,75.0,35.0,0.16826923076923078,0.09816753926701571,0.07010169150221507
281,Q61292,TP,1.0221352033744993,75.0,35.0,0.16826923076923078,0.09816753926701571,0.07010169150221507
282,Q59IW6,,1.01251577510202,75.0,36.0,0.17307692307692307,0.09816753926701571,0.07490938380990736
283,F6ZDS4,FP,1.0111720648291316,75.0,36.0,0.17307692307692307,0.09816753926701571,0.07490938380990736
284,B1ATG9,,1.0069196051147011,76.0,36.0,0.17307692307692307,0.09947643979057591,0.07360048328634716
285,P97927,TP,1.003498312165705,76.0,36.0,0.17307692307692307,0.09947643979057591,0.07360048328634716
286,Q8R0F3,,1.0013284373550584,76.0,37.0,0.1778846153846154,0.09947643979057591,0.07840817559403948
287,Q8C8U0,,1.0000740996935582,76.0,37.0,0.1778846153846154,0.09947643979057591,0.07840817559403948
288,Q8R326,FP,0.9994068371676975,76.0,37.0,0.1778846153846154,0.09947643979057591,0.07840817559403948
289,Q921G8,FP,0.9990438608158468,77.0,37.0,0.1778846153846154,0.10078534031413612,0.07709927507047927
290,P20029,,0.9947338769746116,78.0,37.0,0.1778846153846154,0.10209424083769633,0.07579037454691906
291,Q9JIY5,,0.9895109243089746,78.0,37.0,0.1778846153846154,0.10209424083769633,0.07579037454691906
292,Q8BPG6,,0.9881026940042772,78.0,37.0,0.1778846153846154,0.10209424083769633,0.07579037454691906
293,Q6PB66,FP,0.9840029565087272,78.0,37.0,0.1778846153846154,0.10209424083769633,0.07579037454691906
294,Q9QYB5,FP,0.9806759899081807,79.0,37.0,0.1778846153846154,0.10340314136125654,0.07448147402335885
295,P43406,,0.9788389267008049,80.0,37.0,0.1778846153846154,0.10471204188481675,0.07317257349979864
296,Q3U0S6,,0.9786407943032026,80.0,37.0,0.1778846153846154,0.10471204188481675,0.07317257349979864
297,Q8C7K6,TP,0.978088213580297,80.0,37.0,0.1778846153846154,0.10471204188481675,0.07317257349979864
298,P70302,FP,0.977813487614751,80.0,38.0,0.18269230769230768,0.10471204188481675,0.07798026580749093
299,Q9JMG2,,0.9743148465936595,81.0,38.0,0.18269230769230768,0.10602094240837696,0.07667136528393072
300,Q9CZ44,FP,0.97254290089271,81.0,38.0,0.18269230769230768,0.10602094240837696,0.07667136528393072
301,P01901,,0.9723237122415394,82.0,38.0,0.18269230769230768,0.10732984293193717,0.0753624647603705
302,Q91XU0,FP,0.9713883577382003,82.0,38.0,0.18269230769230768,0.10732984293193717,0.0753624647603705
303,Q8R0N6,,0.9659818792223179,83.0,38.0,0.18269230769230768,0.10863874345549739,0.0740535642368103
304,Q8K2F8,FP,0.9631393684073298,83.0,38.0,0.18269230769230768,0.10863874345549739,0.0740535642368103
305,Q9Z0M6,TP,0.9572413332347183,84.0,38.0,0.18269230769230768,0.1099476439790576,0.07274466371325009
306,Q9Z1Z0,,0.9553633004386543,84.0,39.0,0.1875,0.1099476439790576,0.0775523560209424
307,A0A075B5P3,,0.9550865614601785,84.0,39.0,0.1875,0.1099476439790576,0.0775523560209424
308,Q6ZWR6,FP,0.9506466286639514,84.0,39.0,0.1875,0.1099476439790576,0.0775523560209424
309,F6XJP7,,0.9474056866288744,85.0,39.0,0.1875,0.11125654450261781,0.07624345549738219
310,B1AVH7,,0.9461687100987578,85.0,39.0,0.1875,0.11125654450261781,0.07624345549738219
311,Q9WTZ2,,0.9448274869287042,85.0,39.0,0.1875,0.11125654450261781,0.07624345549738219
312,Q3UM45,FP,0.9436233444514462,85.0,39.0,0.1875,0.11125654450261781,0.07624345549738219
313,P17809,,0.9365457811057037,86.0,39.0,0.1875,0.112565445026178,0.074934554973822
314,Q6PB44,FP,0.9354280179792758,86.0,39.0,0.1875,0.112565445026178,0.074934554973822
315,O08807,,0.932448871783431,87.0,39.0,0.1875,0.11387434554973822,0.07362565445026178
316,Q6PDJ1,,0.9237667869868837,87.0,39.0,0.1875,0.11387434554973822,0.07362565445026178
317,P70168,FP,0.9220508490869274,87.0,39.0,0.1875,0.11387434554973822,0.07362565445026178
318,Q9D0F3,,0.916045116207304,88.0,39.0,0.1875,0.11518324607329843,0.07231675392670157
319,Q91YX5,,0.9106370041840532,88.0,39.0,0.1875,0.11518324607329843,0.07231675392670157
320,Q9Z1G4,,0.9068669381677943,88.0,39.0,0.1875,0.11518324607329843,0.07231675392670157
321,Q8CGF1,,0.9063479660694863,88.0,39.0,0.1875,0.11518324607329843,0.07231675392670157
322,Q3UTJ2,FP,0.9043364855617727,88.0,39.0,0.1875,0.11518324607329843,0.07231675392670157
323,Q149L6,FP,0.9033292697312508,89.0,39.0,0.1875,0.11649214659685864,0.07100785340314136
324,Q5SSH8,TP,0.9014562386983915,90.0,39.0,0.1875,0.11780104712041885,0.06969895287958115
325,Q91VN0,,0.900832085496841,90.0,40.0,0.19230769230769232,0.11780104712041885,0.07450664518727347
326,E9PVZ8,,0.898801122717796,90.0,40.0,0.19230769230769232,0.11780104712041885,0.07450664518727347
327,Q9DCC8,,0.8944887814651508,90.0,40.0,0.19230769230769232,0.11780104712041885,0.07450664518727347
328,Q8BMP6,,0.8936361739528433,90.0,40.0,0.19230769230769232,0.11780104712041885,0.07450664518727347
329,Q6P5H2,,0.892171338980522,90.0,40.0,0.19230769230769232,0.11780104712041885,0.07450664518727347
330,Q9Z2I8,,0.8912456682581164,90.0,40.0,0.19230769230769232,0.11780104712041885,0.07450664518727347
331,Q9ERS2,FP,0.8907300241994655,90.0,40.0,0.19230769230769232,0.11780104712041885,0.07450664518727347
332,E9QNN1,,0.8904979655502029,91.0,40.0,0.19230769230769232,0.11910994764397906,0.07319774466371326
333,Q8CFI7,FP,0.8901057864162073,91.0,40.0,0.19230769230769232,0.11910994764397906,0.07319774466371326
334,Q6P9S7,,0.8887794539144347,92.0,40.0,0.19230769230769232,0.12041884816753927,0.07188884414015305
335,Q61074,FP,0.8856818597743359,92.0,40.0,0.19230769230769232,0.12041884816753927,0.07188884414015305
336,Q9JM51,,0.8850861036393878,93.0,40.0,0.19230769230769232,0.12172774869109948,0.07057994361659284
337,P42230,FP,0.8846680000274367,93.0,40.0,0.19230769230769232,0.12172774869109948,0.07057994361659284
338,Q8C0E2,,0.8846135487220702,94.0,40.0,0.19230769230769232,0.12303664921465969,0.06927104309303263
339,Q62419,,0.8804175472186743,94.0,40.0,0.19230769230769232,0.12303664921465969,0.06927104309303263
340,Q9D2R0,,0.8789942276266498,94.0,40.0,0.19230769230769232,0.12303664921465969,0.06927104309303263
341,Q7TQK5,,0.8769734664168961,94.0,40.0,0.19230769230769232,0.12303664921465969,0.06927104309303263
342,Q91XL1,,0.8769682863108209,94.0,40.0,0.19230769230769232,0.12303664921465969,0.06927104309303263
343,O35452,,0.8764166208021393,94.0,40.0,0.19230769230769232,0.12303664921465969,0.06927104309303263
344,Q99LI2,FP,0.8756888123455305,94.0,40.0,0.19230769230769232,0.12303664921465969,0.06927104309303263
345,Q9D8S3,,0.8731451571213905,95.0,40.0,0.19230769230769232,0.1243455497382199,0.06796214256947242
346,Q9Z1A1,,0.8683991398425802,95.0,40.0,0.19230769230769232,0.1243455497382199,0.06796214256947242
347,Q60902,FP,0.8670426877802294,95.0,40.0,0.19230769230769232,0.1243455497382199,0.06796214256947242
348,O54998,,0.8660767971568564,96.0,40.0,0.19230769230769232,0.1256544502617801,0.06665324204591222
349,Q6P1H4,,0.864986167846242,96.0,40.0,0.19230769230769232,0.1256544502617801,0.06665324204591222
350,Q8BFW7,FP,0.8643477771075708,96.0,40.0,0.19230769230769232,0.1256544502617801,0.06665324204591222
351,P23116,FP,0.860470683451622,97.0,40.0,0.19230769230769232,0.12696335078534032,0.065344341522352
352,Q99KF1,,0.8600828562020294,98.0,40.0,0.19230769230769232,0.12827225130890052,0.0640354409987918
353,Q9CXT8,,0.8594187752202078,98.0,40.0,0.19230769230769232,0.12827225130890052,0.0640354409987918
354,Q02788,TP,0.8573372688377905,98.0,40.0,0.19230769230769232,0.12827225130890052,0.0640354409987918
355,E9PWQ3,,0.8565286615893166,98.0,41.0,0.1971153846153846,0.12827225130890052,0.06884313330648409
356,P81117,TP,0.8541725907838447,98.0,41.0,0.1971153846153846,0.12827225130890052,0.06884313330648409
357,Q64735,,0.8528858643567135,98.0,42.0,0.20192307692307693,0.12827225130890052,0.07365082561417641
358,P11276,TP,0.852408498264719,98.0,42.0,0.20192307692307693,0.12827225130890052,0.07365082561417641
359,Q99NB1,,0.8514074527545542,98.0,43.0,0.20673076923076922,0.12827225130890052,0.0784585179218687
360,O88322,TP,0.8509134574960354,98.0,43.0,0.20673076923076922,0.12827225130890052,0.0784585179218687
361,Q9QXS6,,0.8467367093687445,98.0,44.0,0.21153846153846154,0.12827225130890052,0.08326621022956102
362,O88544,FP,0.8446841666150141,98.0,44.0,0.21153846153846154,0.12827225130890052,0.08326621022956102
363,P33267,,0.840341679296108,99.0,44.0,0.21153846153846154,0.12958115183246074,0.08195730970600079
364,Q8BH01,,0.839276794043686,99.0,44.0,0.21153846153846154,0.12958115183246074,0.08195730970600079
365,Q91W90,,0.8388099272224722,99.0,44.0,0.21153846153846154,0.12958115183246074,0.08195730970600079
366,Q99104,,0.8373828352163671,99.0,44.0,0.21153846153846154,0.12958115183246074,0.08195730970600079
367,P35550,FP,0.8368704605962236,99.0,44.0,0.21153846153846154,0.12958115183246074,0.08195730970600079
368,P70261,,0.8354436499969218,100.0,44.0,0.21153846153846154,0.13089005235602094,0.0806484091824406
369,O09111,,0.8353912225451289,100.0,44.0,0.21153846153846154,0.13089005235602094,0.0806484091824406
370,Q9CQ19,FP,0.8331627071618593,100.0,44.0,0.21153846153846154,0.13089005235602094,0.0806484091824406
371,O55131,FP,0.8311386723900533,101.0,44.0,0.21153846153846154,0.13219895287958114,0.0793395086588804
372,E9Q6R7,,0.814645898872583,102.0,44.0,0.21153846153846154,0.13350785340314136,0.07803060813532017
373,P37040,,0.8143287256456961,102.0,44.0,0.21153846153846154,0.13350785340314136,0.07803060813532017
374,D3YV00,,0.814300702050541,102.0,44.0,0.21153846153846154,0.13350785340314136,0.07803060813532017
375,P97379,,0.813858872172101,102.0,44.0,0.21153846153846154,0.13350785340314136,0.07803060813532017
376,Q9JHL1,FP,0.8124925679139124,102.0,44.0,0.21153846153846154,0.13350785340314136,0.07803060813532017
377,Q4FE56,,0.8115398345242726,103.0,44.0,0.21153846153846154,0.13481675392670156,0.07672170761175998
378,P58871,FP,0.8094312883813886,103.0,44.0,0.21153846153846154,0.13481675392670156,0.07672170761175998
379,Q62188,,0.8086781145728076,104.0,44.0,0.21153846153846154,0.13612565445026178,0.07541280708819975
380,P28798,TP,0.8068343622491283,104.0,44.0,0.21153846153846154,0.13612565445026178,0.07541280708819975
381,Q3UZ09,TP,0.8066710585351041,104.0,45.0,0.21634615384615385,0.13612565445026178,0.08022049939589207
382,Q9Z0Z4,,0.8024598180529475,104.0,46.0,0.22115384615384615,0.13612565445026178,0.08502819170358436
383,Q64213,FP,0.8000544107754954,104.0,46.0,0.22115384615384615,0.13612565445026178,0.08502819170358436
384,Q6ZQI3,,0.7944813081061701,105.0,46.0,0.22115384615384615,0.13743455497382198,0.08371929118002416
385,F8VQL0,,0.7903577722331322,105.0,46.0,0.22115384615384615,0.13743455497382198,0.08371929118002416
386,Q8VD75,FP,0.7900060337622724,105.0,46.0,0.22115384615384615,0.13743455497382198,0.08371929118002416
387,E9Q7G0,FP,0.7891222985044916,106.0,46.0,0.22115384615384615,0.1387434554973822,0.08241039065646394
388,Q6PDH0,,0.78853295287612,107.0,46.0,0.22115384615384615,0.1400523560209424,0.08110149013290374
389,Q6PDG5,FP,0.7868185993015042,107.0,46.0,0.22115384615384615,0.1400523560209424,0.08110149013290374
390,Q68FD5,FP,0.7843173410730934,108.0,46.0,0.22115384615384615,0.14136125654450263,0.07979258960934352
391,A2A5R2,FP,0.7839339103869711,109.0,46.0,0.22115384615384615,0.14267015706806283,0.07848368908578332
392,Q8BGT1,TP,0.7831883061549318,110.0,46.0,0.22115384615384615,0.14397905759162305,0.0771747885622231
393,Q9DBC3,FP,0.7829503624244337,110.0,47.0,0.22596153846153846,0.14397905759162305,0.08198248086991541
394,Q8BIF0,,0.7824985241673963,111.0,47.0,0.22596153846153846,0.14528795811518325,0.08067358034635522
395,F8VQ05,,0.7816040035105946,111.0,47.0,0.22596153846153846,0.14528795811518325,0.08067358034635522
396,Q9DBG9,FP,0.7810487815421446,111.0,47.0,0.22596153846153846,0.14528795811518325,0.08067358034635522
397,Q3TAS6,TP,0.7809833702364972,112.0,47.0,0.22596153846153846,0.14659685863874344,0.07936467982279502
398,Q6DFZ1,,0.7780571232443784,112.0,48.0,0.23076923076923078,0.14659685863874344,0.08417237213048734
399,Q80X19,TP,0.7767024021073091,112.0,48.0,0.23076923076923078,0.14659685863874344,0.08417237213048734
400,Q8BJ56,,0.7752066495144111,112.0,49.0,0.23557692307692307,0.14659685863874344,0.08898006443817963
401,O88738,FP,0.7749228649212042,112.0,49.0,0.23557692307692307,0.14659685863874344,0.08898006443817963
402,Q8K1X4,,0.773020207468751,113.0,49.0,0.23557692307692307,0.14790575916230367,0.0876711639146194
403,L7N451,,0.7721317948029001,113.0,49.0,0.23557692307692307,0.14790575916230367,0.0876711639146194
404,P23780,,0.7713747879233841,113.0,49.0,0.23557692307692307,0.14790575916230367,0.0876711639146194
405,A6X8Z5,,0.7707438433395988,113.0,49.0,0.23557692307692307,0.14790575916230367,0.0876711639146194
406,Q8VEM8,,0.7644723177430952,113.0,49.0,0.23557692307692307,0.14790575916230367,0.0876711639146194
407,Q60716,,0.7637037745704554,113.0,49.0,0.23557692307692307,0.14790575916230367,0.0876711639146194
408,Q9DBH5,,0.7611765653388843,113.0,49.0,0.23557692307692307,0.14790575916230367,0.0876711639146194
409,Q80UU9,FP,0.7605841987944628,113.0,49.0,0.23557692307692307,0.14790575916230367,0.0876711639146194
410,Q8C6K9,TP,0.759165096881038,114.0,49.0,0.23557692307692307,0.14921465968586387,0.08636226339105921
411,O54782,TP,0.7583532948545948,114.0,50.0,0.2403846153846154,0.14921465968586387,0.09116995569875153
412,Q64FW2,,0.7564819786488906,114.0,51.0,0.24519230769230768,0.14921465968586387,0.09597764800644382
413,Q6P9J9,,0.7562731792774203,114.0,51.0,0.24519230769230768,0.14921465968586387,0.09597764800644382
414,Q8VDM4,,0.7556902978395836,114.0,51.0,0.24519230769230768,0.14921465968586387,0.09597764800644382
415,P70313,FP,0.7539462770614427,114.0,51.0,0.24519230769230768,0.14921465968586387,0.09597764800644382
416,Q8R180,TP,0.7539420107350335,115.0,51.0,0.24519230769230768,0.1505235602094241,0.09466874748288359
417,Q9CXF4,,0.7455527948577325,115.0,52.0,0.25,0.1505235602094241,0.09947643979057591
418,Q6Q899,FP,0.7445680333450593,115.0,52.0,0.25,0.1505235602094241,0.09947643979057591
419,Q70IV5,FP,0.7440221259867703,116.0,52.0,0.25,0.1518324607329843,0.09816753926701571
420,O08532,,0.743847039035582,117.0,52.0,0.25,0.1531413612565445,0.09685863874345549
421,Q61334,,0.7434444305086237,117.0,52.0,0.25,0.1531413612565445,0.09685863874345549
422,Q7TMB8,FP,0.7418541307310454,117.0,52.0,0.25,0.1531413612565445,0.09685863874345549
423,Q78ZM0,,0.7409257176476088,118.0,52.0,0.25,0.1544502617801047,0.09554973821989529
424,Q9D881,,0.7402198406133683,118.0,52.0,0.25,0.1544502617801047,0.09554973821989529
425,Q9ERU9,FP,0.7379174834477293,118.0,52.0,0.25,0.1544502617801047,0.09554973821989529
426,P29621,TP,0.7370654200046756,119.0,52.0,0.25,0.15575916230366493,0.09424083769633507
427,Q8VE19,,0.7366531037921988,119.0,53.0,0.2548076923076923,0.15575916230366493,0.09904853000402736
428,Q9Z0M5,,0.7362573177872851,119.0,53.0,0.2548076923076923,0.15575916230366493,0.09904853000402736
429,Q60714,,0.7354916809179868,119.0,53.0,0.2548076923076923,0.15575916230366493,0.09904853000402736
430,Q61464,FP,0.734532516537376,119.0,53.0,0.2548076923076923,0.15575916230366493,0.09904853000402736
431,P27773,,0.732093422578698,120.0,53.0,0.2548076923076923,0.15706806282722513,0.09773962948046716
432,Q9EPS3,,0.7316809442127399,120.0,53.0,0.2548076923076923,0.15706806282722513,0.09773962948046716
433,O35855,,0.7299440958460234,120.0,53.0,0.2548076923076923,0.15706806282722513,0.09773962948046716
434,Q9Z1M7,,0.7291328430581344,120.0,53.0,0.2548076923076923,0.15706806282722513,0.09773962948046716
435,Q03311,TP,0.7242886661333829,120.0,53.0,0.2548076923076923,0.15706806282722513,0.09773962948046716
436,P15306,,0.723369953929936,120.0,54.0,0.25961538461538464,0.15706806282722513,0.1025473217881595
437,E9QKZ2,,0.72309283149565,120.0,54.0,0.25961538461538464,0.15706806282722513,0.1025473217881595
438,Q04207,FP,0.7224157561248284,120.0,54.0,0.25961538461538464,0.15706806282722513,0.1025473217881595
439,Q60675,TP,0.7205070097380273,121.0,54.0,0.25961538461538464,0.15837696335078533,0.10123842126459931
440,Q9QYA2,,0.7196991440443414,121.0,55.0,0.2644230769230769,0.15837696335078533,0.1060461135722916
441,Q8BIX9,,0.7182322353077996,121.0,55.0,0.2644230769230769,0.15837696335078533,0.1060461135722916
442,P31001,FP,0.7179181391672875,121.0,55.0,0.2644230769230769,0.15837696335078533,0.1060461135722916
443,Q9ERR7,,0.7152342386915668,122.0,55.0,0.2644230769230769,0.15968586387434555,0.10473721304873138
444,Q8BGQ6,,0.709379143735665,122.0,55.0,0.2644230769230769,0.15968586387434555,0.10473721304873138
445,P08730,,0.7083935989674173,122.0,55.0,0.2644230769230769,0.15968586387434555,0.10473721304873138
446,P15116,,0.7061199151187221,122.0,55.0,0.2644230769230769,0.15968586387434555,0.10473721304873138
447,P00405,,0.7030701156123312,122.0,55.0,0.2644230769230769,0.15968586387434555,0.10473721304873138
448,Q64727,FP,0.7003541621771403,122.0,55.0,0.2644230769230769,0.15968586387434555,0.10473721304873138
449,Q8VEH8,,0.699655233596762,123.0,55.0,0.2644230769230769,0.16099476439790575,0.10342831252517118
450,Q9WUM3,FP,0.6989680734640421,123.0,55.0,0.2644230769230769,0.16099476439790575,0.10342831252517118
451,Q9DBG6,,0.6987544891338809,124.0,55.0,0.2644230769230769,0.16230366492146597,0.10211941200161095
452,P42567,,0.6942894638030687,124.0,55.0,0.2644230769230769,0.16230366492146597,0.10211941200161095
453,Q8C3J5,FP,0.6941963179059496,124.0,55.0,0.2644230769230769,0.16230366492146597,0.10211941200161095
454,A2AWA9,FP,0.6932821246097782,125.0,55.0,0.2644230769230769,0.16361256544502617,0.10081051147805076
455,Q60936,,0.6927505262044737,126.0,55.0,0.2644230769230769,0.1649214659685864,0.09950161095449053
456,P56960,FP,0.6923278062744467,126.0,55.0,0.2644230769230769,0.1649214659685864,0.09950161095449053
457,Q8VDL4,TP,0.6910398143652947,127.0,55.0,0.2644230769230769,0.1662303664921466,0.09819271043093034
458,Q8BH43,FP,0.690127465246095,127.0,56.0,0.2692307692307692,0.1662303664921466,0.10300040273862263
459,Q5XG73,,0.689191103779874,128.0,56.0,0.2692307692307692,0.16753926701570682,0.1016915022150624
460,Q7TMF3,,0.6887223557677772,128.0,56.0,0.2692307692307692,0.16753926701570682,0.1016915022150624
461,Q8C0N2,,0.688002674850333,128.0,56.0,0.2692307692307692,0.16753926701570682,0.1016915022150624
462,Q3UQ28,TP,0.6875750426538848,128.0,56.0,0.2692307692307692,0.16753926701570682,0.1016915022150624
463,Q8BJU0,FP,0.6873421806724811,128.0,57.0,0.27403846153846156,0.16753926701570682,0.10649919452275475
464,Q3UJB0,,0.6871920055308157,129.0,57.0,0.27403846153846156,0.168848167539267,0.10519029399919455
465,Q6ZQM8,,0.6870527814345867,129.0,57.0,0.27403846153846156,0.168848167539267,0.10519029399919455
466,P70206,,0.6863166572138629,129.0,57.0,0.27403846153846156,0.168848167539267,0.10519029399919455
467,Q9D6I7,,0.6842086589156054,129.0,57.0,0.27403846153846156,0.168848167539267,0.10519029399919455
468,Q9D0R2,,0.6801574862803461,129.0,57.0,0.27403846153846156,0.168848167539267,0.10519029399919455
469,Q9CPV7,,0.6788785834097504,129.0,57.0,0.27403846153846156,0.168848167539267,0.10519029399919455
470,Q9D6Z1,FP,0.6748952583802644,129.0,57.0,0.27403846153846156,0.168848167539267,0.10519029399919455
471,Q3U487,,0.6723316016624387,130.0,57.0,0.27403846153846156,0.17015706806282724,0.10388139347563433
472,Q923B6,,0.6715155704120749,130.0,57.0,0.27403846153846156,0.17015706806282724,0.10388139347563433
473,Q99PV0,FP,0.6711035326104943,130.0,57.0,0.27403846153846156,0.17015706806282724,0.10388139347563433
474,Q8R023,FP,0.6696907836247746,131.0,57.0,0.27403846153846156,0.17146596858638743,0.10257249295207413
475,Q9WV32,FP,0.6690753031340785,132.0,57.0,0.27403846153846156,0.17277486910994763,0.10126359242851393
476,Q9JIK5,FP,0.6685463017672828,133.0,57.0,0.27403846153846156,0.17408376963350786,0.09995469190495371
477,Q9QYY0,,0.667946192885742,134.0,57.0,0.27403846153846156,0.17539267015706805,0.09864579138139351
478,Q9D7N9,,0.6672947880223652,134.0,57.0,0.27403846153846156,0.17539267015706805,0.09864579138139351
479,Q8BLI4,,0.6655837580718383,134.0,57.0,0.27403846153846156,0.17539267015706805,0.09864579138139351
480,Q62318,FP,0.6650023382515977,134.0,57.0,0.27403846153846156,0.17539267015706805,0.09864579138139351
481,Q62190,,0.6611120905373122,135.0,57.0,0.27403846153846156,0.17670157068062828,0.09733689085783329
482,Q8BU30,,0.6610848572262157,135.0,57.0,0.27403846153846156,0.17670157068062828,0.09733689085783329
483,Q9ESD7,,0.6599876579901259,135.0,57.0,0.27403846153846156,0.17670157068062828,0.09733689085783329
484,Q8BVU5,,0.6597745924217544,135.0,57.0,0.27403846153846156,0.17670157068062828,0.09733689085783329
485,F6VUT6,,0.6563034817929232,135.0,57.0,0.27403846153846156,0.17670157068062828,0.09733689085783329
486,O35892,FP,0.6558755513657499,135.0,57.0,0.27403846153846156,0.17670157068062828,0.09733689085783329
487,Q80Y17,FP,0.6558643025431165,136.0,57.0,0.27403846153846156,0.17801047120418848,0.09602799033427309
488,Q9JLI2,,0.6552646766397543,137.0,57.0,0.27403846153846156,0.1793193717277487,0.09471908981071286
489,P47941,,0.6541766107450113,137.0,57.0,0.27403846153846156,0.1793193717277487,0.09471908981071286
490,Q5I012,,0.6519920411545386,137.0,57.0,0.27403846153846156,0.1793193717277487,0.09471908981071286
491,Q80UG5,FP,0.6509730929504305,137.0,57.0,0.27403846153846156,0.1793193717277487,0.09471908981071286
492,Q8BTM8,FP,0.6499141762494003,138.0,57.0,0.27403846153846156,0.1806282722513089,0.09341018928715267
493,P32020,,0.6495110946893015,139.0,57.0,0.27403846153846156,0.18193717277486912,0.09210128876359244
494,A6H611,,0.6478146731681967,139.0,57.0,0.27403846153846156,0.18193717277486912,0.09210128876359244
495,Q6PD26,,0.6476743284697217,139.0,57.0,0.27403846153846156,0.18193717277486912,0.09210128876359244
496,O35857,,0.6455352303924402,139.0,57.0,0.27403846153846156,0.18193717277486912,0.09210128876359244
497,P61979,FP,0.6411868317438275,139.0,57.0,0.27403846153846156,0.18193717277486912,0.09210128876359244
498,Q9D4V7,,0.6400802835850982,140.0,57.0,0.27403846153846156,0.18324607329842932,0.09079238824003225
499,E9QAZ2,,0.6398305031825718,140.0,57.0,0.27403846153846156,0.18324607329842932,0.09079238824003225
500,Q9ESU7,,0.6380428822295213,140.0,57.0,0.27403846153846156,0.18324607329842932,0.09079238824003225
501,Q8VDV3,,0.6380026449971032,140.0,57.0,0.27403846153846156,0.18324607329842932,0.09079238824003225
502,Q9R0L6,FP,0.6378760492889466,140.0,57.0,0.27403846153846156,0.18324607329842932,0.09079238824003225
503,F8VQ06,,0.6378193715579974,141.0,57.0,0.27403846153846156,0.18455497382198952,0.08948348771647205
504,Q8BGQ1,,0.6366984190288627,141.0,57.0,0.27403846153846156,0.18455497382198952,0.08948348771647205
505,Q8K124,,0.6361723935263668,141.0,57.0,0.27403846153846156,0.18455497382198952,0.08948348771647205
506,Q922P9,FP,0.6358195359629708,141.0,57.0,0.27403846153846156,0.18455497382198952,0.08948348771647205
507,Q3UKC1,,0.6354870748739754,142.0,57.0,0.27403846153846156,0.18586387434554974,0.08817458719291182
508,Q8R2E9,,0.6351300506078056,142.0,57.0,0.27403846153846156,0.18586387434554974,0.08817458719291182
509,Q9ER00,,0.6343177161165338,142.0,57.0,0.27403846153846156,0.18586387434554974,0.08817458719291182
510,P26039,FP,0.6339147631097033,142.0,57.0,0.27403846153846156,0.18586387434554974,0.08817458719291182
511,Q8CI59,,0.6320327099874715,143.0,57.0,0.27403846153846156,0.18717277486910994,0.08686568666935163
512,Q8BR92,,0.6304866212589124,143.0,57.0,0.27403846153846156,0.18717277486910994,0.08686568666935163
513,Q8K2K6,FP,0.6302360450397814,143.0,57.0,0.27403846153846156,0.18717277486910994,0.08686568666935163
514,Q80VP0,FP,0.6296208828612796,144.0,57.0,0.27403846153846156,0.18848167539267016,0.0855567861457914
515,Q61545,FP,0.6286540336401046,145.0,57.0,0.27403846153846156,0.18979057591623036,0.0842478856222312
516,P28828,,0.6283816193954356,146.0,57.0,0.27403846153846156,0.19109947643979058,0.08293898509867098
517,Q6DIC0,FP,0.6277772843622959,146.0,57.0,0.27403846153846156,0.19109947643979058,0.08293898509867098
518,Q8VC70,FP,0.6271144878748622,147.0,57.0,0.27403846153846156,0.19240837696335078,0.08163008457511078
519,Q8BX02,,0.6249096288766187,148.0,57.0,0.27403846153846156,0.193717277486911,0.08032118405155056
520,Q3UHJ0,,0.6248794625677577,148.0,57.0,0.27403846153846156,0.193717277486911,0.08032118405155056
521,Q8K358,,0.6241122977111208,148.0,57.0,0.27403846153846156,0.193717277486911,0.08032118405155056
522,P05202,,0.6227039914040526,148.0,57.0,0.27403846153846156,0.193717277486911,0.08032118405155056
523,Q69ZN6,,0.6167280582075514,148.0,57.0,0.27403846153846156,0.193717277486911,0.08032118405155056
524,Q9EPL0,TP,0.6163861563274401,148.0,57.0,0.27403846153846156,0.193717277486911,0.08032118405155056
525,Q8BP92,,0.6161063162569969,148.0,58.0,0.27884615384615385,0.193717277486911,0.08512887635924285
526,P11531,FP,0.6153125011477442,148.0,58.0,0.27884615384615385,0.193717277486911,0.08512887635924285
527,Q3UJU9,FP,0.6148380503700751,149.0,58.0,0.27884615384615385,0.1950261780104712,0.08381997583568265
528,Q6P9Q6,,0.6142997394488221,150.0,58.0,0.27884615384615385,0.19633507853403143,0.08251107531212243
529,Q9D824,FP,0.6142723233978402,150.0,58.0,0.27884615384615385,0.19633507853403143,0.08251107531212243
530,Q9DBG3,,0.6135574741265594,151.0,58.0,0.27884615384615385,0.19764397905759162,0.08120217478856223
531,Q8VCT3,TP,0.6132590201423205,151.0,58.0,0.27884615384615385,0.19764397905759162,0.08120217478856223
532,G3X928,,0.6113834489801954,151.0,59.0,0.28365384615384615,0.19764397905759162,0.08600986709625452
533,O08553,FP,0.6112457014499673,151.0,59.0,0.28365384615384615,0.19764397905759162,0.08600986709625452
534,Q8CCK0,FP,0.6046404684365411,152.0,59.0,0.28365384615384615,0.19895287958115182,0.08470096657269433
535,P42125,,0.6044873009492207,153.0,59.0,0.28365384615384615,0.20026178010471204,0.0833920660491341
536,Q80Y98,,0.6010335751784495,153.0,59.0,0.28365384615384615,0.20026178010471204,0.0833920660491341
537,E9PYB0,,0.6004838903388267,153.0,59.0,0.28365384615384615,0.20026178010471204,0.0833920660491341
538,P21958,,0.6000262754758103,153.0,59.0,0.28365384615384615,0.20026178010471204,0.0833920660491341
539,Q8C398,,0.5979853061188575,153.0,59.0,0.28365384615384615,0.20026178010471204,0.0833920660491341
540,Q9D6Y9,,0.5962283187616011,153.0,59.0,0.28365384615384615,0.20026178010471204,0.0833920660491341
541,D3Z656,,0.5961511041058882,153.0,59.0,0.28365384615384615,0.20026178010471204,0.0833920660491341
542,A2A9M4,,0.5954827855964607,153.0,59.0,0.28365384615384615,0.20026178010471204,0.0833920660491341
543,Q924T7,,0.5934619536611072,153.0,59.0,0.28365384615384615,0.20026178010471204,0.0833920660491341
544,Q7TN22,TP,0.5916208941474369,153.0,59.0,0.28365384615384615,0.20026178010471204,0.0833920660491341
545,Q8R0S2,FP,0.5902519796838015,153.0,60.0,0.28846153846153844,0.20026178010471204,0.08819975835682639
546,Q08761,TP,0.5896826362577646,154.0,60.0,0.28846153846153844,0.20157068062827224,0.0868908578332662
547,Q3TDD9,,0.5852559254532277,154.0,61.0,0.2932692307692308,0.20157068062827224,0.09169855014095854
548,Q9QXS1,FP,0.5831363562640239,154.0,61.0,0.2932692307692308,0.20157068062827224,0.09169855014095854
549,O35643,,0.58304715400221,155.0,61.0,0.2932692307692308,0.20287958115183247,0.09038964961739832
550,Q8K2W3,,0.5785543044466874,155.0,61.0,0.2932692307692308,0.20287958115183247,0.09038964961739832
551,Q62356,TP,0.5785398025577674,155.0,61.0,0.2932692307692308,0.20287958115183247,0.09038964961739832
552,O70566,,0.578274693406164,155.0,62.0,0.2980769230769231,0.20287958115183247,0.0951973419250906
553,Q9Z1M4,FP,0.5766870255744446,155.0,62.0,0.2980769230769231,0.20287958115183247,0.0951973419250906
554,Q9D1B9,,0.5742568492701422,156.0,62.0,0.2980769230769231,0.20418848167539266,0.09388844140153041
555,P08122,TP,0.574253564258629,156.0,62.0,0.2980769230769231,0.20418848167539266,0.09388844140153041
556,Q8VDC1,,0.5729955267325864,156.0,63.0,0.30288461538461536,0.20418848167539266,0.0986961337092227
557,Q9QXK3,,0.566371549150033,156.0,63.0,0.30288461538461536,0.20418848167539266,0.0986961337092227
558,Q8BW41,,0.5660944541638954,156.0,63.0,0.30288461538461536,0.20418848167539266,0.0986961337092227
559,O35286,FP,0.565409552773642,156.0,63.0,0.30288461538461536,0.20418848167539266,0.0986961337092227
560,P97863,FP,0.565351681737023,157.0,63.0,0.30288461538461536,0.2054973821989529,0.09738723318566248
561,Q3UHK6,FP,0.5645824943127447,158.0,63.0,0.30288461538461536,0.20680628272251309,0.09607833266210228
562,Q922B1,FP,0.5643967885310384,159.0,63.0,0.30288461538461536,0.2081151832460733,0.09476943213854205
563,Q3TRM8,,0.5630038557086129,160.0,63.0,0.30288461538461536,0.2094240837696335,0.09346053161498186
564,E9QA15,,0.5624139807979353,160.0,63.0,0.30288461538461536,0.2094240837696335,0.09346053161498186
565,O89023,,0.5617044439769876,160.0,63.0,0.30288461538461536,0.2094240837696335,0.09346053161498186
566,Q9ERN0,,0.5614065701337181,160.0,63.0,0.30288461538461536,0.2094240837696335,0.09346053161498186
567,Q9Z2B5,,0.5609984542138747,160.0,63.0,0.30288461538461536,0.2094240837696335,0.09346053161498186
568,Q8C5W0,,0.5602832939267904,160.0,63.0,0.30288461538461536,0.2094240837696335,0.09346053161498186
569,Q61735,,0.5574790545051065,160.0,63.0,0.30288461538461536,0.2094240837696335,0.09346053161498186
570,Q8VIJ6,FP,0.5548846315029535,160.0,63.0,0.30288461538461536,0.2094240837696335,0.09346053161498186
571,E9Q555,,0.5544824028641057,161.0,63.0,0.30288461538461536,0.2107329842931937,0.09215163109142166
572,Q9CQW1,,0.5526197290800718,161.0,63.0,0.30288461538461536,0.2107329842931937,0.09215163109142166
573,P70255,FP,0.5523559635390819,161.0,63.0,0.30288461538461536,0.2107329842931937,0.09215163109142166
574,Q6PIE5,,0.5523231667069698,162.0,63.0,0.30288461538461536,0.21204188481675393,0.09084273056786143
575,Q8R1X6,,0.552145968718239,162.0,63.0,0.30288461538461536,0.21204188481675393,0.09084273056786143
576,Q9JK53,TP,0.5520615141975862,162.0,63.0,0.30288461538461536,0.21204188481675393,0.09084273056786143
577,Q6ZQ08,FP,0.5515094170991114,162.0,64.0,0.3076923076923077,0.21204188481675393,0.09565042287555378
578,Q8R3V5,,0.5514956395718036,163.0,64.0,0.3076923076923077,0.21335078534031413,0.09434152235199358
579,Q32NY4,,0.5511341230201996,163.0,64.0,0.3076923076923077,0.21335078534031413,0.09434152235199358
580,Q9R1C7,FP,0.5510630244228776,163.0,64.0,0.3076923076923077,0.21335078534031413,0.09434152235199358
581,Q3TML0,,0.5509406030819322,164.0,64.0,0.3076923076923077,0.21465968586387435,0.09303262182843336
582,Q8VDM6,FP,0.5508944933366635,164.0,64.0,0.3076923076923077,0.21465968586387435,0.09303262182843336
583,Q8BJF9,,0.5500228055636556,165.0,64.0,0.3076923076923077,0.21596858638743455,0.09172372130487316
584,P24668,,0.5490130007005926,165.0,64.0,0.3076923076923077,0.21596858638743455,0.09172372130487316
585,Q99020,FP,0.5487441211828957,165.0,64.0,0.3076923076923077,0.21596858638743455,0.09172372130487316
586,Q6PD03,FP,0.5449910897535237,166.0,64.0,0.3076923076923077,0.21727748691099477,0.09041482078131294
587,Q8BUK6,FP,0.542437423423642,167.0,64.0,0.3076923076923077,0.21858638743455497,0.08910592025775274
588,Q61418,,0.5387627391722911,168.0,64.0,0.3076923076923077,0.2198952879581152,0.08779701973419252
589,E9QLA5,,0.5379213317640165,168.0,64.0,0.3076923076923077,0.2198952879581152,0.08779701973419252
590,P97873,TP,0.5378915379380929,168.0,64.0,0.3076923076923077,0.2198952879581152,0.08779701973419252
591,O35841,FP,0.5368762397723176,168.0,65.0,0.3125,0.2198952879581152,0.0926047120418848
592,Q9CQF9,,0.5359012529220177,169.0,65.0,0.3125,0.2212041884816754,0.09129581151832461
593,P26450,,0.5357956660421306,169.0,65.0,0.3125,0.2212041884816754,0.09129581151832461
594,Q91VN4,,0.5336778188529676,169.0,65.0,0.3125,0.2212041884816754,0.09129581151832461
595,Q9R190,FP,0.5320161779092814,169.0,65.0,0.3125,0.2212041884816754,0.09129581151832461
596,Q3V1T4,TP,0.5302663593881057,170.0,65.0,0.3125,0.22251308900523561,0.08998691099476439
597,Q9D1D4,,0.5293801702678412,170.0,66.0,0.3173076923076923,0.22251308900523561,0.09479460330245668
598,Q80V26,,0.5284079447863037,170.0,66.0,0.3173076923076923,0.22251308900523561,0.09479460330245668
599,Q8R4H9,,0.5280827257112215,170.0,66.0,0.3173076923076923,0.22251308900523561,0.09479460330245668
600,Q9Z1Q9,,0.527443374918179,170.0,66.0,0.3173076923076923,0.22251308900523561,0.09479460330245668
601,Q7TMC8,,0.5261492160473384,170.0,66.0,0.3173076923076923,0.22251308900523561,0.09479460330245668
602,F8VPR1,,0.5251363388287333,170.0,66.0,0.3173076923076923,0.22251308900523561,0.09479460330245668
603,O35382,,0.5243683042882565,170.0,66.0,0.3173076923076923,0.22251308900523561,0.09479460330245668
604,Q80W45,,0.5236952837743063,170.0,66.0,0.3173076923076923,0.22251308900523561,0.09479460330245668
605,Q8R1J9,,0.5225105427069571,170.0,66.0,0.3173076923076923,0.22251308900523561,0.09479460330245668
606,Q8VCS3,,0.519580210700628,170.0,66.0,0.3173076923076923,0.22251308900523561,0.09479460330245668
607,P59266,,0.5182184280343983,170.0,66.0,0.3173076923076923,0.22251308900523561,0.09479460330245668
608,P14142,,0.5152316673687082,170.0,66.0,0.3173076923076923,0.22251308900523561,0.09479460330245668
609,Q9CQW0,,0.5140170045494392,170.0,66.0,0.3173076923076923,0.22251308900523561,0.09479460330245668
610,Q8CIE6,TP,0.5133639795426376,170.0,66.0,0.3173076923076923,0.22251308900523561,0.09479460330245668
611,O08917,,0.5129532008579628,170.0,67.0,0.32211538461538464,0.22251308900523561,0.09960229561014902
612,Q6IFZ6,,0.510796126901647,170.0,67.0,0.32211538461538464,0.22251308900523561,0.09960229561014902
613,Q8BMK4,FP,0.5101928225578789,170.0,67.0,0.32211538461538464,0.22251308900523561,0.09960229561014902
614,P29351,FP,0.5097631341878194,171.0,67.0,0.32211538461538464,0.2238219895287958,0.09829339508658883
615,Q6PHU5,FP,0.5092555444278761,172.0,67.0,0.32211538461538464,0.225130890052356,0.09698449456302863
616,Q7TT50,,0.5056081726143267,173.0,67.0,0.32211538461538464,0.22643979057591623,0.0956755940394684
617,E9QM38,,0.5025937581488079,173.0,67.0,0.32211538461538464,0.22643979057591623,0.0956755940394684
618,E9Q238,,0.5013503303809788,173.0,67.0,0.32211538461538464,0.22643979057591623,0.0956755940394684
619,P58854,FP,0.5013284847342171,173.0,67.0,0.32211538461538464,0.22643979057591623,0.0956755940394684
620,P08103,FP,0.5006610832666307,174.0,67.0,0.32211538461538464,0.22774869109947643,0.0943666935159082
621,O09159,,0.4998575432462795,175.0,67.0,0.32211538461538464,0.22905759162303665,0.09305779299234798
622,P29788,TP,0.4988390308678501,175.0,67.0,0.32211538461538464,0.22905759162303665,0.09305779299234798
623,Q99JR1,,0.49687259534336736,175.0,68.0,0.3269230769230769,0.22905759162303665,0.09786548530004027
624,Q3U2G2,,0.4942518951842316,175.0,68.0,0.3269230769230769,0.22905759162303665,0.09786548530004027
625,B2RX70,,0.49024764547775057,175.0,68.0,0.3269230769230769,0.22905759162303665,0.09786548530004027
626,Q5SYL3,TP,0.4899558475381244,175.0,68.0,0.3269230769230769,0.22905759162303665,0.09786548530004027
627,Q91VW5,,0.4884218549215308,175.0,69.0,0.3317307692307692,0.22905759162303665,0.10267317760773256
628,Q8BQ47,TP,0.48809194216262247,175.0,69.0,0.3317307692307692,0.22905759162303665,0.10267317760773256
629,A2AKG8,,0.48750137484448286,175.0,70.0,0.33653846153846156,0.22905759162303665,0.10748086991542491
630,Q9EQH2,,0.4827294738802852,175.0,70.0,0.33653846153846156,0.22905759162303665,0.10748086991542491
631,O88325,,0.48269496749275675,175.0,70.0,0.33653846153846156,0.22905759162303665,0.10748086991542491
632,Q9JLQ2,,0.48121023885614034,175.0,70.0,0.33653846153846156,0.22905759162303665,0.10748086991542491
633,P34152,FP,0.47984885434458924,175.0,70.0,0.33653846153846156,0.22905759162303665,0.10748086991542491
634,Q6PCX7,,0.477835465467192,176.0,70.0,0.33653846153846156,0.23036649214659685,0.10617196939186471
635,Q8C7V8,TP,0.4778274143554747,176.0,70.0,0.33653846153846156,0.23036649214659685,0.10617196939186471
636,Q8CFB4,,0.4774695319112522,176.0,71.0,0.34134615384615385,0.23036649214659685,0.110979661699557
637,Q9QY73,,0.47702499349875827,176.0,71.0,0.34134615384615385,0.23036649214659685,0.110979661699557
638,Q6P5F9,FP,0.476845985725348,176.0,71.0,0.34134615384615385,0.23036649214659685,0.110979661699557
639,Q91XX3,,0.47494314928765796,177.0,71.0,0.34134615384615385,0.23167539267015708,0.10967076117599678
640,Q80XR2,,0.4740806115911365,177.0,71.0,0.34134615384615385,0.23167539267015708,0.10967076117599678
641,Q8R3I3,,0.4731013341492476,177.0,71.0,0.34134615384615385,0.23167539267015708,0.10967076117599678
642,Q9WTX6,,0.47140175321043526,177.0,71.0,0.34134615384615385,0.23167539267015708,0.10967076117599678
643,Q7TPV4,FP,0.47057193152900423,177.0,71.0,0.34134615384615385,0.23167539267015708,0.10967076117599678
644,Q61193,FP,0.4704013855028526,178.0,71.0,0.34134615384615385,0.23298429319371727,0.10836186065243658
645,Q8C050,FP,0.46844275556414544,179.0,71.0,0.34134615384615385,0.2342931937172775,0.10705296012887636
646,Q571K4,,0.4664992216167882,180.0,71.0,0.34134615384615385,0.2356020942408377,0.10574405960531616
647,Q9Z160,,0.46589734595593535,180.0,71.0,0.34134615384615385,0.2356020942408377,0.10574405960531616
648,Q8CGK3,,0.4651677288956072,180.0,71.0,0.34134615384615385,0.2356020942408377,0.10574405960531616
649,P35564,,0.463291436464735,180.0,71.0,0.34134615384615385,0.2356020942408377,0.10574405960531616
650,Q99LR1,,0.46261676123055073,180.0,71.0,0.34134615384615385,0.2356020942408377,0.10574405960531616
651,P40124,,0.4626073628710973,180.0,71.0,0.34134615384615385,0.2356020942408377,0.10574405960531616
652,Q9JI78,,0.4606090513565957,180.0,71.0,0.34134615384615385,0.2356020942408377,0.10574405960531616
653,Q9JID9,,0.4605823945128394,180.0,71.0,0.34134615384615385,0.2356020942408377,0.10574405960531616
654,O89110,FP,0.4603972732484521,180.0,71.0,0.34134615384615385,0.2356020942408377,0.10574405960531616
655,Q5SSH7,,0.4592504747443356,181.0,71.0,0.34134615384615385,0.2369109947643979,0.10443515908175596
656,Q9CXR1,,0.45909210311423065,181.0,71.0,0.34134615384615385,0.2369109947643979,0.10443515908175596
657,Q8BTI8,FP,0.4578511099224974,181.0,71.0,0.34134615384615385,0.2369109947643979,0.10443515908175596
658,Q8VDP4,FP,0.4574426431258597,182.0,71.0,0.34134615384615385,0.23821989528795812,0.10312625855819574
659,Q8C129,,0.45660408535216535,183.0,71.0,0.34134615384615385,0.2395287958115183,0.10181735803463554
660,Q9QYC0,FP,0.4559279523820745,183.0,71.0,0.34134615384615385,0.2395287958115183,0.10181735803463554
661,Q8BH24,,0.4558998446700024,184.0,71.0,0.34134615384615385,0.24083769633507854,0.10050845751107532
662,Q9DBZ1,,0.4557124033950317,184.0,71.0,0.34134615384615385,0.24083769633507854,0.10050845751107532
663,P57759,,0.4556296934927062,184.0,71.0,0.34134615384615385,0.24083769633507854,0.10050845751107532
664,O70258,FP,0.45538653692492015,184.0,71.0,0.34134615384615385,0.24083769633507854,0.10050845751107532
665,P45952,,0.4549975103513791,185.0,71.0,0.34134615384615385,0.24214659685863874,0.09919955698751512
666,D3Z3N4,,0.45075806033705695,185.0,71.0,0.34134615384615385,0.24214659685863874,0.09919955698751512
667,Q69ZH9,,0.45009859023500554,185.0,71.0,0.34134615384615385,0.24214659685863874,0.09919955698751512
668,Q91VZ6,,0.4475154377101377,185.0,71.0,0.34134615384615385,0.24214659685863874,0.09919955698751512
669,Q8K3K8,FP,0.4461584305975426,185.0,71.0,0.34134615384615385,0.24214659685863874,0.09919955698751512
670,Q9CQN6,,0.4454576687719532,186.0,71.0,0.34134615384615385,0.24345549738219896,0.0978906564639549
671,A0A087WRT4,,0.4407108459716395,186.0,71.0,0.34134615384615385,0.24345549738219896,0.0978906564639549
672,Q3UQ84,,0.43931221260826536,186.0,71.0,0.34134615384615385,0.24345549738219896,0.0978906564639549
673,Q8BH79,,0.4382588370516639,186.0,71.0,0.34134615384615385,0.24345549738219896,0.0978906564639549
674,Q6P549,FP,0.4362529198931869,186.0,71.0,0.34134615384615385,0.24345549738219896,0.0978906564639549
675,P06800,,0.43405802426974405,187.0,71.0,0.34134615384615385,0.24476439790575916,0.0965817559403947
676,Q8CI51,FP,0.4339105376263524,187.0,71.0,0.34134615384615385,0.24476439790575916,0.0965817559403947
677,Q3UDP0,,0.4335635154012038,188.0,71.0,0.34134615384615385,0.24607329842931938,0.09527285541683447
678,Q9WU79,,0.4329094943375043,188.0,71.0,0.34134615384615385,0.24607329842931938,0.09527285541683447
679,Q9JK48,,0.4324978660950821,188.0,71.0,0.34134615384615385,0.24607329842931938,0.09527285541683447
680,Q07797,TP,0.43179265973145436,188.0,71.0,0.34134615384615385,0.24607329842931938,0.09527285541683447
681,Q8R0A0,FP,0.43100351122374386,188.0,72.0,0.34615384615384615,0.24607329842931938,0.10008054772452676
682,F8VPN7,,0.4309110611427783,189.0,72.0,0.34615384615384615,0.24738219895287958,0.09877164720096657
683,Q3UPL0,,0.42906485860513927,189.0,72.0,0.34615384615384615,0.24738219895287958,0.09877164720096657
684,P35585,,0.42845008492234393,189.0,72.0,0.34615384615384615,0.24738219895287958,0.09877164720096657
685,O08599,,0.42819179300223265,189.0,72.0,0.34615384615384615,0.24738219895287958,0.09877164720096657
686,O35682,,0.42695406267056096,189.0,72.0,0.34615384615384615,0.24738219895287958,0.09877164720096657
687,P51885,TP,0.4255477514263104,189.0,72.0,0.34615384615384615,0.24738219895287958,0.09877164720096657
688,O09164,TP,0.4235433201073805,189.0,73.0,0.35096153846153844,0.24738219895287958,0.10357933950865886
689,Q8BHT6,,0.42282232848036405,189.0,74.0,0.3557692307692308,0.24738219895287958,0.1083870318163512
690,Q91ZW3,FP,0.4205292011945858,189.0,74.0,0.3557692307692308,0.24738219895287958,0.1083870318163512
691,Q99K48,FP,0.4202593182847619,190.0,74.0,0.3557692307692308,0.2486910994764398,0.10707813129279098
692,Q3UDW8,,0.419097991825746,191.0,74.0,0.3557692307692308,0.25,0.10576923076923078
693,Q8K3G9,FP,0.4172854432266567,191.0,74.0,0.3557692307692308,0.25,0.10576923076923078
694,O89032,,0.41670616346609335,192.0,74.0,0.3557692307692308,0.2513089005235602,0.10446033024567059
695,P62315,FP,0.41514884363750437,192.0,74.0,0.3557692307692308,0.2513089005235602,0.10446033024567059
696,Q8VBT0,,0.41428635903513755,193.0,74.0,0.3557692307692308,0.2526178010471204,0.10315142972211039
697,Q9JKR6,,0.41025983554784,193.0,74.0,0.3557692307692308,0.2526178010471204,0.10315142972211039
698,Q9JIX8,FP,0.40921853726607116,193.0,74.0,0.3557692307692308,0.2526178010471204,0.10315142972211039
699,Q9D4H4,,0.40881502584717644,194.0,74.0,0.3557692307692308,0.25392670157068065,0.10184252919855014
700,Q8R2G4,,0.4087140359655851,194.0,74.0,0.3557692307692308,0.25392670157068065,0.10184252919855014
701,P28271,,0.407903137216492,194.0,74.0,0.3557692307692308,0.25392670157068065,0.10184252919855014
702,G3X9H5,,0.40745936224915374,194.0,74.0,0.3557692307692308,0.25392670157068065,0.10184252919855014
703,Q91XH6,,0.40703867860520104,194.0,74.0,0.3557692307692308,0.25392670157068065,0.10184252919855014
704,P14733,FP,0.40662390387876823,194.0,74.0,0.3557692307692308,0.25392670157068065,0.10184252919855014
705,Q9WTX2,FP,0.4038968936674457,195.0,74.0,0.3557692307692308,0.25523560209424084,0.10053362867498994
706,Q924C1,FP,0.403855393613187,196.0,74.0,0.3557692307692308,0.25654450261780104,0.09922472815142974
707,P20060,,0.4031099792998451,197.0,74.0,0.3557692307692308,0.25785340314136124,0.09791582762786954
708,Q9WTK3,,0.4030050747805315,197.0,74.0,0.3557692307692308,0.25785340314136124,0.09791582762786954
709,Q8CE80,,0.4021830952070001,197.0,74.0,0.3557692307692308,0.25785340314136124,0.09791582762786954
710,O88569,TP,0.4017469928165919,197.0,74.0,0.3557692307692308,0.25785340314136124,0.09791582762786954
711,O70423,,0.401724006552852,197.0,75.0,0.3605769230769231,0.25785340314136124,0.10272351993556184
712,Q8K1F9,,0.3991041238217393,197.0,75.0,0.3605769230769231,0.25785340314136124,0.10272351993556184
713,E9QLQ3,,0.39804352288504924,197.0,75.0,0.3605769230769231,0.25785340314136124,0.10272351993556184
714,Q61543,FP,0.3971347462945947,197.0,75.0,0.3605769230769231,0.25785340314136124,0.10272351993556184
715,O35887,TP,0.3964068541753956,198.0,75.0,0.3605769230769231,0.2591623036649215,0.10141461941200158
716,Q9CR68,,0.39536004740388914,198.0,76.0,0.36538461538461536,0.2591623036649215,0.10622231171969387
717,P01899,,0.39277925522799667,198.0,76.0,0.36538461538461536,0.2591623036649215,0.10622231171969387
718,Q9EPE9,,0.3902007405108243,198.0,76.0,0.36538461538461536,0.2591623036649215,0.10622231171969387
719,P14106,TP,0.38903416865538115,198.0,76.0,0.36538461538461536,0.2591623036649215,0.10622231171969387
720,Q8VIM9,,0.3881174260103353,198.0,77.0,0.3701923076923077,0.2591623036649215,0.11103000402738622
721,Q501J6,FP,0.3872243340284434,198.0,77.0,0.3701923076923077,0.2591623036649215,0.11103000402738622
722,Q9EPJ9,,0.38610799595015544,199.0,77.0,0.3701923076923077,0.2604712041884817,0.10972110350382602
723,Q9EPL4,,0.38422851520091206,199.0,77.0,0.3701923076923077,0.2604712041884817,0.10972110350382602
724,Q6X893,,0.3830146236487159,199.0,77.0,0.3701923076923077,0.2604712041884817,0.10972110350382602
725,Q8K010,,0.38270991235693624,199.0,77.0,0.3701923076923077,0.2604712041884817,0.10972110350382602
726,Q9D710,,0.38147052590148545,199.0,77.0,0.3701923076923077,0.2604712041884817,0.10972110350382602
727,Q9ER41,FP,0.3814094437474216,199.0,77.0,0.3701923076923077,0.2604712041884817,0.10972110350382602
728,Q9DBL1,,0.3811229284258052,200.0,77.0,0.3701923076923077,0.2617801047120419,0.10841220298026583
729,A2AN08,FP,0.38042103700795726,200.0,77.0,0.3701923076923077,0.2617801047120419,0.10841220298026583
730,Q3U0V1,FP,0.379915977408912,201.0,77.0,0.3701923076923077,0.2630890052356021,0.10710330245670563
731,P45878,,0.37770481232449815,202.0,77.0,0.3701923076923077,0.2643979057591623,0.10579440193314543
732,E9PUM4,,0.3776207761496551,202.0,77.0,0.3701923076923077,0.2643979057591623,0.10579440193314543
733,P61963,FP,0.37750296568748787,202.0,77.0,0.3701923076923077,0.2643979057591623,0.10579440193314543
734,F8VQK3,,0.3740389704899282,203.0,77.0,0.3701923076923077,0.26570680628272253,0.10448550140958518
735,Q9Z1N5,FP,0.3726652694376108,203.0,77.0,0.3701923076923077,0.26570680628272253,0.10448550140958518
736,Q99KC8,,0.37254959804704557,204.0,77.0,0.3701923076923077,0.2670157068062827,0.10317660088602498
737,Q9DC69,,0.3724671247405178,204.0,77.0,0.3701923076923077,0.2670157068062827,0.10317660088602498
738,Q0P5W1,,0.3714934864681852,204.0,77.0,0.3701923076923077,0.2670157068062827,0.10317660088602498
739,P14115,,0.37073604538133553,204.0,77.0,0.3701923076923077,0.2670157068062827,0.10317660088602498
740,Q8BK67,FP,0.37051928669046696,204.0,77.0,0.3701923076923077,0.2670157068062827,0.10317660088602498
741,Q566J8,,0.37041563743223455,205.0,77.0,0.3701923076923077,0.2683246073298429,0.10186770036246479
742,Q9CPT4,TP,0.3675844564491099,205.0,77.0,0.3701923076923077,0.2683246073298429,0.10186770036246479
743,P21550,,0.36589977254483624,205.0,78.0,0.375,0.2683246073298429,0.10667539267015708
744,F8VQC7,,0.3653864380791207,205.0,78.0,0.375,0.2683246073298429,0.10667539267015708
745,Q04750,FP,0.36518034039417796,205.0,78.0,0.375,0.2683246073298429,0.10667539267015708
746,Q6ZPR5,FP,0.36497307559266495,206.0,78.0,0.375,0.2696335078534031,0.10536649214659688
747,P07744,,0.36249835897382215,207.0,78.0,0.375,0.2709424083769634,0.10405759162303663
748,P55002,TP,0.3608248373564403,207.0,78.0,0.375,0.2709424083769634,0.10405759162303663
749,Q8BFX3,,0.36047764429600787,207.0,79.0,0.3798076923076923,0.2709424083769634,0.10886528393072892
750,Q9Z0P4,,0.3600898049837455,207.0,79.0,0.3798076923076923,0.2709424083769634,0.10886528393072892
751,Q8CGY8,FP,0.35551425533972203,207.0,79.0,0.3798076923076923,0.2709424083769634,0.10886528393072892
752,Q99KY4,,0.35406861398598755,208.0,79.0,0.3798076923076923,0.27225130890052357,0.10755638340716872
753,Q8BL66,,0.35119059052175755,208.0,79.0,0.3798076923076923,0.27225130890052357,0.10755638340716872
754,Q8CI19,TP,0.3496352813612695,208.0,79.0,0.3798076923076923,0.27225130890052357,0.10755638340716872
755,Q9CQZ5,,0.3494475194685778,208.0,80.0,0.38461538461538464,0.27225130890052357,0.11236407571486107
756,Q9CRC0,,0.3493323001657036,208.0,80.0,0.38461538461538464,0.27225130890052357,0.11236407571486107
757,Q8JZN5,,0.3492562458798895,208.0,80.0,0.38461538461538464,0.27225130890052357,0.11236407571486107
758,Q6ZQH8,FP,0.34782186624227907,208.0,80.0,0.38461538461538464,0.27225130890052357,0.11236407571486107
759,P97384,FP,0.3477762466572693,209.0,80.0,0.38461538461538464,0.27356020942408377,0.11105517519130087
760,P53395,,0.34708053851636506,210.0,80.0,0.38461538461538464,0.27486910994764396,0.10974627466774067
761,P01898,,0.3452178861754644,210.0,80.0,0.38461538461538464,0.27486910994764396,0.10974627466774067
762,Q9QZA0,,0.34519665357069973,210.0,80.0,0.38461538461538464,0.27486910994764396,0.10974627466774067
763,Q8VHY0,,0.3449013391274563,210.0,80.0,0.38461538461538464,0.27486910994764396,0.10974627466774067
764,Q8BSK8,,0.34381234131739585,210.0,80.0,0.38461538461538464,0.27486910994764396,0.10974627466774067
765,Q76MZ3,FP,0.34369476992680753,210.0,80.0,0.38461538461538464,0.27486910994764396,0.10974627466774067
766,Q8K348,,0.3428651854976048,211.0,80.0,0.38461538461538464,0.2761780104712042,0.10843737414418042
767,Q9JI10,FP,0.34115672129521896,211.0,80.0,0.38461538461538464,0.2761780104712042,0.10843737414418042
768,Q3UVG3,,0.3403742636645646,212.0,80.0,0.38461538461538464,0.2774869109947644,0.10712847362062022
769,Q61550,FP,0.33985941681993553,212.0,80.0,0.38461538461538464,0.2774869109947644,0.10712847362062022
770,P14211,TP,0.3396782750124736,213.0,80.0,0.38461538461538464,0.2787958115183246,0.10581957309706003
771,P98156,,0.33872101794485215,213.0,81.0,0.3894230769230769,0.2787958115183246,0.11062726540475232
772,O88351,FP,0.33865738770495557,213.0,81.0,0.3894230769230769,0.2787958115183246,0.11062726540475232
773,Q61161,,0.3378878919396585,214.0,81.0,0.3894230769230769,0.2801047120418848,0.10931836488119212
774,Q80U93,FP,0.3369440257151979,214.0,81.0,0.3894230769230769,0.2801047120418848,0.10931836488119212
775,P46978,,0.3367634564925924,215.0,81.0,0.3894230769230769,0.281413612565445,0.10800946435763192
776,F8VPL2,,0.33592581327758403,215.0,81.0,0.3894230769230769,0.281413612565445,0.10800946435763192
777,Q3UU43,,0.33549660334251113,215.0,81.0,0.3894230769230769,0.281413612565445,0.10800946435763192
778,Q9D3P8,,0.3354213884042932,215.0,81.0,0.3894230769230769,0.281413612565445,0.10800946435763192
779,V9GX76,,0.33535472002392086,215.0,81.0,0.3894230769230769,0.281413612565445,0.10800946435763192
780,Q9QX47,FP,0.33487114347121527,215.0,81.0,0.3894230769230769,0.281413612565445,0.10800946435763192
781,Q3U3R4,,0.33250801436269317,216.0,81.0,0.3894230769230769,0.28272251308900526,0.10670056383407167
782,P70452,,0.332002874921868,216.0,81.0,0.3894230769230769,0.28272251308900526,0.10670056383407167
783,Q99LD8,,0.3319351420719467,216.0,81.0,0.3894230769230769,0.28272251308900526,0.10670056383407167
784,P27046,,0.3313359522612825,216.0,81.0,0.3894230769230769,0.28272251308900526,0.10670056383407167
785,Q8VD31,,0.33117652206399883,216.0,81.0,0.3894230769230769,0.28272251308900526,0.10670056383407167
786,Q8CHH9,FP,0.32943920787515807,216.0,81.0,0.3894230769230769,0.28272251308900526,0.10670056383407167
787,O08912,TP,0.3269902462696337,217.0,81.0,0.3894230769230769,0.28403141361256545,0.10539166331051147
788,Q60992,,0.32567598123023345,217.0,82.0,0.3942307692307692,0.28403141361256545,0.11019935561820376
789,Q80TM9,,0.32543283096808867,217.0,82.0,0.3942307692307692,0.28403141361256545,0.11019935561820376
790,Q9Z204,FP,0.32532334190609974,217.0,82.0,0.3942307692307692,0.28403141361256545,0.11019935561820376
791,Q62165,TP,0.32335691837846753,218.0,82.0,0.3942307692307692,0.28534031413612565,0.10889045509464357
792,F8VQ87,,0.32215155107394294,218.0,83.0,0.39903846153846156,0.28534031413612565,0.11369814740233591
793,Q99P65,,0.3220806935291292,218.0,83.0,0.39903846153846156,0.28534031413612565,0.11369814740233591
794,Q99JY9,FP,0.3202768731948106,218.0,83.0,0.39903846153846156,0.28534031413612565,0.11369814740233591
795,P31230,TP,0.32025896808784854,219.0,83.0,0.39903846153846156,0.28664921465968585,0.11238924687877572
796,Q7TMY8,FP,0.3196234107460128,219.0,84.0,0.40384615384615385,0.28664921465968585,0.11719693918646801
797,Q9QZS8,,0.3186863944975847,220.0,84.0,0.40384615384615385,0.2879581151832461,0.11588803866290776
798,Q8CIM8,FP,0.3175807279216122,220.0,84.0,0.40384615384615385,0.2879581151832461,0.11588803866290776
799,Q8K2C9,,0.31523476227620406,221.0,84.0,0.40384615384615385,0.2892670157068063,0.11457913813934756
800,E9PWG2,,0.31401159888797214,221.0,84.0,0.40384615384615385,0.2892670157068063,0.11457913813934756
801,O88559,FP,0.3139047716527045,221.0,84.0,0.40384615384615385,0.2892670157068063,0.11457913813934756
802,Q5SUF2,FP,0.3136563380064746,222.0,84.0,0.40384615384615385,0.2905759162303665,0.11327023761578736
803,D3Z0M9,,0.3131498117244734,223.0,84.0,0.40384615384615385,0.2918848167539267,0.11196133709222716
804,E9Q3G8,,0.31267281941291236,223.0,84.0,0.40384615384615385,0.2918848167539267,0.11196133709222716
805,Q9CQ56,FP,0.31207576383982094,223.0,84.0,0.40384615384615385,0.2918848167539267,0.11196133709222716
806,Q61072,,0.3111653800474021,224.0,84.0,0.40384615384615385,0.2931937172774869,0.11065243656866697
807,P35762,,0.3097264883053583,224.0,84.0,0.40384615384615385,0.2931937172774869,0.11065243656866697
808,Q6PHZ2,,0.3096013066569013,224.0,84.0,0.40384615384615385,0.2931937172774869,0.11065243656866697
809,Q920Q8,FP,0.30952788138465326,224.0,84.0,0.40384615384615385,0.2931937172774869,0.11065243656866697
810,Q9R1E6,TP,0.30938318206024273,225.0,84.0,0.40384615384615385,0.29450261780104714,0.10934353604510672
811,Q8CAK1,,0.3072735623111008,225.0,85.0,0.40865384615384615,0.29450261780104714,0.114151228352799
812,Q3TNH5,FP,0.30614276516793293,225.0,85.0,0.40865384615384615,0.29450261780104714,0.114151228352799
813,Q60520,FP,0.30614088321955346,226.0,85.0,0.40865384615384615,0.29581151832460734,0.11284232782923881
814,Q68FL6,FP,0.30578946548835234,227.0,85.0,0.40865384615384615,0.29712041884816753,0.11153342730567861
815,Q6P9R4,FP,0.305759578453741,228.0,85.0,0.40865384615384615,0.29842931937172773,0.11022452678211841
816,P42208,FP,0.3055712121564735,229.0,85.0,0.40865384615384615,0.299738219895288,0.10891562625855816
817,Q61838,TP,0.3044851270410168,230.0,85.0,0.40865384615384615,0.3010471204188482,0.10760672573499797
818,Q3U3J1,,0.30258723401666476,230.0,86.0,0.41346153846153844,0.3010471204188482,0.11241441804269026
819,Q9EP69,,0.3023591343839812,230.0,86.0,0.41346153846153844,0.3010471204188482,0.11241441804269026
820,Q8R361,,0.30228930926401576,230.0,86.0,0.41346153846153844,0.3010471204188482,0.11241441804269026
821,Q9D6K5,,0.30167377452218985,230.0,86.0,0.41346153846153844,0.3010471204188482,0.11241441804269026
822,P35235,,0.3015952640821362,230.0,86.0,0.41346153846153844,0.3010471204188482,0.11241441804269026
823,Q9Z315,FP,0.30090915595987633,230.0,86.0,0.41346153846153844,0.3010471204188482,0.11241441804269026
824,Q5SV02,,0.30017683421138913,231.0,86.0,0.41346153846153844,0.3023560209424084,0.11110551751913006
825,Q9D517,FP,0.3000764099071575,231.0,86.0,0.41346153846153844,0.3023560209424084,0.11110551751913006
826,Q61235,FP,0.2992472246933819,232.0,86.0,0.41346153846153844,0.3036649214659686,0.10979661699556986
827,P61804,,0.29872847586524265,233.0,86.0,0.41346153846153844,0.30497382198952877,0.10848771647200967
828,Q61554,TP,0.2987199988856309,233.0,86.0,0.41346153846153844,0.30497382198952877,0.10848771647200967
829,P03899,,0.2985281889949561,233.0,87.0,0.4182692307692308,0.30497382198952877,0.11329540877970201
830,O35309,TP,0.29751506510176234,233.0,87.0,0.4182692307692308,0.30497382198952877,0.11329540877970201
