,uniprot,annotation,iWAT_HF_cre+_2/iWAT_HF_cre-_1_ratio,FP,TP,TPR,FPR,TPR-FPR
0,Q9D3V1,FP,4.7701924616678015,0.0,0.0,0.0,0.0,0.0
1,Q99LJ6,TP,4.768691219369492,1.0,0.0,0.0,0.001199040767386091,-0.001199040767386091
2,Q9Z2G9,FP,4.67959952658978,1.0,1.0,0.004424778761061947,0.001199040767386091,0.003225737993675856
3,Q3TCN2,,4.3504660010129115,2.0,1.0,0.004424778761061947,0.002398081534772182,0.0020266972262897648
4,Q8BH01,,4.274836847933931,2.0,1.0,0.004424778761061947,0.002398081534772182,0.0020266972262897648
5,P55302,,4.273657082872154,2.0,1.0,0.004424778761061947,0.002398081534772182,0.0020266972262897648
6,J3KMH5,,4.209503213608064,2.0,1.0,0.004424778761061947,0.002398081534772182,0.0020266972262897648
7,Q8CFG0,,4.156804314274001,2.0,1.0,0.004424778761061947,0.002398081534772182,0.0020266972262897648
8,Q925U4,,4.149840263763716,2.0,1.0,0.004424778761061947,0.002398081534772182,0.0020266972262897648
9,Q9CQE7,,4.0275544972003825,2.0,1.0,0.004424778761061947,0.002398081534772182,0.0020266972262897648
10,Q6ZQI3,,3.972042383532073,2.0,1.0,0.004424778761061947,0.002398081534772182,0.0020266972262897648
11,Q9D0F3,,3.947442324082958,2.0,1.0,0.004424778761061947,0.002398081534772182,0.0020266972262897648
12,Q91ZW2,,3.945453303766259,2.0,1.0,0.004424778761061947,0.002398081534772182,0.0020266972262897648
13,Q02819,TP,3.9312997204651663,2.0,1.0,0.004424778761061947,0.002398081534772182,0.0020266972262897648
14,Q9EPK6,,3.9310581355730947,2.0,2.0,0.008849557522123894,0.002398081534772182,0.006451475987351712
15,Q640L3,,3.8980099621733664,2.0,2.0,0.008849557522123894,0.002398081534772182,0.006451475987351712
16,Q8BRH0,,3.875180577364244,2.0,2.0,0.008849557522123894,0.002398081534772182,0.006451475987351712
17,Q9DAU1,FP,3.8545474186574893,2.0,2.0,0.008849557522123894,0.002398081534772182,0.006451475987351712
18,Q9ERE7,,3.8377765930124492,3.0,2.0,0.008849557522123894,0.0035971223021582736,0.00525243521996562
19,Q3V1T4,TP,3.835172382152629,3.0,2.0,0.008849557522123894,0.0035971223021582736,0.00525243521996562
20,O54998,,3.775776136020764,3.0,3.0,0.01327433628318584,0.0035971223021582736,0.009677213981027567
21,E9Q723,,3.7274475055035805,3.0,3.0,0.01327433628318584,0.0035971223021582736,0.009677213981027567
22,P29416,,3.694299656147022,3.0,3.0,0.01327433628318584,0.0035971223021582736,0.009677213981027567
23,Q60716,,3.687917736748548,3.0,3.0,0.01327433628318584,0.0035971223021582736,0.009677213981027567
24,Q8K2C7,,3.6725240599879863,3.0,3.0,0.01327433628318584,0.0035971223021582736,0.009677213981027567
25,Q3UPY5,TP,3.6180770699564984,3.0,3.0,0.01327433628318584,0.0035971223021582736,0.009677213981027567
26,Q8BYB9,,3.6153461714066455,3.0,4.0,0.017699115044247787,0.0035971223021582736,0.014101992742089514
27,O88207,TP,3.603651237329651,3.0,4.0,0.017699115044247787,0.0035971223021582736,0.014101992742089514
28,Q4ZJN1,TP,3.542641935400383,3.0,5.0,0.022123893805309734,0.0035971223021582736,0.018526771503151462
29,P09055,,3.5412571935533923,3.0,6.0,0.02654867256637168,0.0035971223021582736,0.02295155026421341
30,Q9Z0F8,TP,3.5326601104916113,3.0,6.0,0.02654867256637168,0.0035971223021582736,0.02295155026421341
31,Q8BLY1,TP,3.5185770701780643,3.0,7.0,0.030973451327433628,0.0035971223021582736,0.027376329025275356
32,O35887,TP,3.507171863468612,3.0,8.0,0.035398230088495575,0.0035971223021582736,0.0318011077863373
33,Q9CXE7,,3.499830963706036,3.0,9.0,0.03982300884955752,0.0035971223021582736,0.03622588654739925
34,P07214,TP,3.497885805024127,3.0,9.0,0.03982300884955752,0.0035971223021582736,0.03622588654739925
35,Q9DCC8,,3.478071382792933,3.0,10.0,0.04424778761061947,0.0035971223021582736,0.0406506653084612
36,Q9DBZ1,,3.4754179288159053,3.0,10.0,0.04424778761061947,0.0035971223021582736,0.0406506653084612
37,Q8VHI3,,3.472971286346526,3.0,10.0,0.04424778761061947,0.0035971223021582736,0.0406506653084612
38,Q61334,,3.46174168005926,3.0,10.0,0.04424778761061947,0.0035971223021582736,0.0406506653084612
39,Q03311,TP,3.45932404084,3.0,10.0,0.04424778761061947,0.0035971223021582736,0.0406506653084612
40,Q8R180,TP,3.457003919516514,3.0,11.0,0.048672566371681415,0.0035971223021582736,0.04507544406952314
41,Q8BFR4,,3.4537454353136368,3.0,12.0,0.05309734513274336,0.0035971223021582736,0.04950022283058509
42,Q64449,,3.452961695593624,3.0,12.0,0.05309734513274336,0.0035971223021582736,0.04950022283058509
43,Q91YW3,,3.45035112842065,3.0,12.0,0.05309734513274336,0.0035971223021582736,0.04950022283058509
44,Q5I012,,3.4175523601732816,3.0,12.0,0.05309734513274336,0.0035971223021582736,0.04950022283058509
45,Q9DBH5,,3.413248966840163,3.0,12.0,0.05309734513274336,0.0035971223021582736,0.04950022283058509
46,P12023,TP,3.402447609243513,3.0,12.0,0.05309734513274336,0.0035971223021582736,0.04950022283058509
47,F8VQ06,,3.3651216346244253,3.0,13.0,0.05752212389380531,0.0035971223021582736,0.05392500159164704
48,Q6P5E4,,3.363453108168394,3.0,13.0,0.05752212389380531,0.0035971223021582736,0.05392500159164704
49,Q8BQ47,TP,3.3475665485915767,3.0,13.0,0.05752212389380531,0.0035971223021582736,0.05392500159164704
50,Q9Z2G6,,3.346199659397715,3.0,14.0,0.061946902654867256,0.0035971223021582736,0.058349780352708984
51,P19324,,3.345570656975555,3.0,14.0,0.061946902654867256,0.0035971223021582736,0.058349780352708984
52,Q9CQU0,,3.338185145326493,3.0,14.0,0.061946902654867256,0.0035971223021582736,0.058349780352708984
53,Q61335,,3.3369296388587806,3.0,14.0,0.061946902654867256,0.0035971223021582736,0.058349780352708984
54,Q9R0Q3,,3.324220698477673,3.0,14.0,0.061946902654867256,0.0035971223021582736,0.058349780352708984
55,O09164,TP,3.3237545892891833,3.0,14.0,0.061946902654867256,0.0035971223021582736,0.058349780352708984
56,P16675,,3.322898042448466,3.0,15.0,0.06637168141592921,0.0035971223021582736,0.06277455911377093
57,Q9WUZ9,TP,3.319182061250028,3.0,15.0,0.06637168141592921,0.0035971223021582736,0.06277455911377093
58,Q9JK53,TP,3.309380945955902,3.0,16.0,0.07079646017699115,0.0035971223021582736,0.06719933787483287
59,Q6ZQM8,,3.2867132480419015,3.0,17.0,0.0752212389380531,0.0035971223021582736,0.07162411663589482
60,Q9ES89,,3.283658690645141,3.0,17.0,0.0752212389380531,0.0035971223021582736,0.07162411663589482
61,P82349,FP,3.2732566696049568,3.0,17.0,0.0752212389380531,0.0035971223021582736,0.07162411663589482
62,P70302,FP,3.2706883627508083,4.0,17.0,0.0752212389380531,0.004796163069544364,0.07042507586850874
63,P81117,TP,3.248993565227549,5.0,17.0,0.0752212389380531,0.005995203836930456,0.06922603510112264
64,Q9EPL0,TP,3.2246298479819466,5.0,18.0,0.07964601769911504,0.005995203836930456,0.07365081386218458
65,Q9CPV7,,3.214566003588499,5.0,19.0,0.084070796460177,0.005995203836930456,0.07807559262324654
66,Q07113,,3.2116411562810416,5.0,19.0,0.084070796460177,0.005995203836930456,0.07807559262324654
67,D3Z2R5,,3.2095835848007606,5.0,19.0,0.084070796460177,0.005995203836930456,0.07807559262324654
68,Q3TDQ1,,3.20907982444957,5.0,19.0,0.084070796460177,0.005995203836930456,0.07807559262324654
69,Q2HXL6,,3.201159967354747,5.0,19.0,0.084070796460177,0.005995203836930456,0.07807559262324654
70,E9PVB5,FP,3.199519697898209,5.0,19.0,0.084070796460177,0.005995203836930456,0.07807559262324654
71,Q9QZF2,TP,3.1972906996298334,6.0,19.0,0.084070796460177,0.007194244604316547,0.07687655185586045
72,O08807,,3.1851488062907443,6.0,20.0,0.08849557522123894,0.007194244604316547,0.0813013306169224
73,P43406,,3.1759100899297033,6.0,20.0,0.08849557522123894,0.007194244604316547,0.0813013306169224
74,P82347,FP,3.168319981161418,6.0,20.0,0.08849557522123894,0.007194244604316547,0.0813013306169224
75,Q9JHP7,,3.1621676202206497,7.0,20.0,0.08849557522123894,0.008393285371702638,0.0801022898495363
76,P24668,,3.1548680525743555,7.0,20.0,0.08849557522123894,0.008393285371702638,0.0801022898495363
77,P28798,TP,3.1412351519644623,7.0,20.0,0.08849557522123894,0.008393285371702638,0.0801022898495363
78,Q61207,TP,3.139107048196225,7.0,21.0,0.09292035398230089,0.008393285371702638,0.08452706861059825
79,Q922Q9,TP,3.1388951181879414,7.0,22.0,0.09734513274336283,0.008393285371702638,0.08895184737166019
80,O88572,,3.1386883596415207,7.0,23.0,0.10176991150442478,0.008393285371702638,0.09337662613272214
81,Q91XD7,,3.13520497763297,7.0,23.0,0.10176991150442478,0.008393285371702638,0.09337662613272214
82,D3YZZ5,,3.135046859487087,7.0,23.0,0.10176991150442478,0.008393285371702638,0.09337662613272214
83,Q9Z0J0,TP,3.132074415725844,7.0,23.0,0.10176991150442478,0.008393285371702638,0.09337662613272214
84,Q3V0T4,,3.130489148452368,7.0,24.0,0.10619469026548672,0.008393285371702638,0.09780140489378408
85,Q8VEH8,,3.1277580083175676,7.0,24.0,0.10619469026548672,0.008393285371702638,0.09780140489378408
86,E9Q6D8,,3.1273871885630227,7.0,24.0,0.10619469026548672,0.008393285371702638,0.09780140489378408
87,Q9EPS3,,3.115499906828958,7.0,24.0,0.10619469026548672,0.008393285371702638,0.09780140489378408
88,F6XJP7,,3.1132791490849545,7.0,24.0,0.10619469026548672,0.008393285371702638,0.09780140489378408
89,Q8BVU5,,3.0786275333100295,7.0,24.0,0.10619469026548672,0.008393285371702638,0.09780140489378408
90,Q60715,,3.076117622401227,7.0,24.0,0.10619469026548672,0.008393285371702638,0.09780140489378408
91,Q06335,FP,3.064679946196544,7.0,24.0,0.10619469026548672,0.008393285371702638,0.09780140489378408
92,Q8C7X2,,3.0611132236556586,8.0,24.0,0.10619469026548672,0.009592326139088728,0.096602364126398
93,Q8BSY0,,3.0514808255164394,8.0,24.0,0.10619469026548672,0.009592326139088728,0.096602364126398
94,Q9WTZ2,,3.048419559373938,8.0,24.0,0.10619469026548672,0.009592326139088728,0.096602364126398
95,P97290,TP,3.0318800438605877,8.0,24.0,0.10619469026548672,0.009592326139088728,0.096602364126398
96,Q9Z247,,3.0289615667074985,8.0,25.0,0.11061946902654868,0.009592326139088728,0.10102714288745995
97,P29621,TP,3.0170004110297146,8.0,25.0,0.11061946902654868,0.009592326139088728,0.10102714288745995
98,Q9CQ45,TP,2.996279670632917,8.0,26.0,0.11504424778761062,0.009592326139088728,0.10545192164852189
99,Q8BFZ9,,2.9898381517513632,8.0,27.0,0.11946902654867257,0.009592326139088728,0.10987670040958385
100,P57759,,2.989029856190212,8.0,27.0,0.11946902654867257,0.009592326139088728,0.10987670040958385
101,Q8BLI4,,2.9857555418376323,8.0,27.0,0.11946902654867257,0.009592326139088728,0.10987670040958385
102,P27773,,2.9804679161132563,8.0,27.0,0.11946902654867257,0.009592326139088728,0.10987670040958385
103,Q6GQT9,,2.9756262575811965,8.0,27.0,0.11946902654867257,0.009592326139088728,0.10987670040958385
104,P15116,,2.9686822199034526,8.0,27.0,0.11946902654867257,0.009592326139088728,0.10987670040958385
105,Q8R242,,2.963278918145971,8.0,27.0,0.11946902654867257,0.009592326139088728,0.10987670040958385
106,Q3TMX5,,2.9481973461269533,8.0,27.0,0.11946902654867257,0.009592326139088728,0.10987670040958385
107,Q8VCT4,,2.941832619045872,8.0,27.0,0.11946902654867257,0.009592326139088728,0.10987670040958385
108,Q8BHT6,,2.938486295025782,8.0,27.0,0.11946902654867257,0.009592326139088728,0.10987670040958385
109,P08113,,2.9167457163924375,8.0,27.0,0.11946902654867257,0.009592326139088728,0.10987670040958385
110,P04925,,2.905500710082872,8.0,27.0,0.11946902654867257,0.009592326139088728,0.10987670040958385
111,Q8C341,,2.8966914202380942,8.0,27.0,0.11946902654867257,0.009592326139088728,0.10987670040958385
112,Q9QZ25,,2.888605766012942,8.0,27.0,0.11946902654867257,0.009592326139088728,0.10987670040958385
113,Q3UHK6,FP,2.881933556721003,8.0,27.0,0.11946902654867257,0.009592326139088728,0.10987670040958385
114,Q6P1H4,,2.8773607022523695,9.0,27.0,0.11946902654867257,0.01079136690647482,0.10867765964219775
115,Q9WV54,TP,2.875914749700978,9.0,27.0,0.11946902654867257,0.01079136690647482,0.10867765964219775
116,P16882,TP,2.8616103309255565,9.0,28.0,0.12389380530973451,0.01079136690647482,0.11310243840325969
117,P42932,FP,2.8603905662533258,9.0,29.0,0.12831858407079647,0.01079136690647482,0.11752721716432164
118,Q8CC36,TP,2.826749734415149,10.0,29.0,0.12831858407079647,0.011990407673860911,0.11632817639693556
119,P54818,,2.8198435144706626,10.0,30.0,0.13274336283185842,0.011990407673860911,0.12075295515799751
120,Q9D1D4,,2.810158485818564,10.0,30.0,0.13274336283185842,0.011990407673860911,0.12075295515799751
121,Q3TAS6,TP,2.808090330391706,10.0,30.0,0.13274336283185842,0.011990407673860911,0.12075295515799751
122,Q9D024,,2.803336239511961,10.0,31.0,0.13716814159292035,0.011990407673860911,0.12517773391905943
123,P23188,TP,2.80327763455612,10.0,31.0,0.13716814159292035,0.011990407673860911,0.12517773391905943
124,P23780,,2.7996080078543275,10.0,32.0,0.1415929203539823,0.011990407673860911,0.12960251268012138
125,Q9QY73,,2.791978034448474,10.0,32.0,0.1415929203539823,0.011990407673860911,0.12960251268012138
126,Q640P2,TP,2.789312455388575,10.0,32.0,0.1415929203539823,0.011990407673860911,0.12960251268012138
127,E9Q6C2,,2.77616932952149,10.0,33.0,0.14601769911504425,0.011990407673860911,0.13402729144118333
128,Q9DC23,,2.7695968954536054,10.0,33.0,0.14601769911504425,0.011990407673860911,0.13402729144118333
129,Q8VCF1,,2.7675144845429216,10.0,33.0,0.14601769911504425,0.011990407673860911,0.13402729144118333
130,Q8BHN3,,2.7658760771835835,10.0,33.0,0.14601769911504425,0.011990407673860911,0.13402729144118333
131,Q9Z2B5,,2.7605103785238465,10.0,33.0,0.14601769911504425,0.011990407673860911,0.13402729144118333
132,Q61739,,2.7550303965407656,10.0,33.0,0.14601769911504425,0.011990407673860911,0.13402729144118333
133,Q80UU9,FP,2.7413852773564362,10.0,33.0,0.14601769911504425,0.011990407673860911,0.13402729144118333
134,Q9R045,TP,2.7399508145409035,11.0,33.0,0.14601769911504425,0.013189448441247002,0.13282825067379725
135,Q61543,FP,2.7295054629226767,11.0,34.0,0.1504424778761062,0.013189448441247002,0.1372530294348592
136,P47750,,2.710233193865001,12.0,34.0,0.1504424778761062,0.014388489208633094,0.13605398866747312
137,Q3TMX7,,2.7088180623134877,12.0,34.0,0.1504424778761062,0.014388489208633094,0.13605398866747312
138,Q9CQW0,,2.708809731195603,12.0,34.0,0.1504424778761062,0.014388489208633094,0.13605398866747312
139,P11087,TP,2.705834091420897,12.0,34.0,0.1504424778761062,0.014388489208633094,0.13605398866747312
140,Q99LR1,,2.704293679960496,12.0,35.0,0.15486725663716813,0.014388489208633094,0.14047876742853505
141,Q62181,TP,2.7012896144337257,12.0,35.0,0.15486725663716813,0.014388489208633094,0.14047876742853505
142,Q99KF1,,2.6930431918832527,12.0,36.0,0.1592920353982301,0.014388489208633094,0.144903546189597
143,Q5XG73,,2.6920278798795163,12.0,36.0,0.1592920353982301,0.014388489208633094,0.144903546189597
144,E9QM38,,2.6869641970698313,12.0,36.0,0.1592920353982301,0.014388489208633094,0.144903546189597
145,P23506,,2.685127210156774,12.0,36.0,0.1592920353982301,0.014388489208633094,0.144903546189597
146,P06797,TP,2.681229178298265,12.0,36.0,0.1592920353982301,0.014388489208633094,0.144903546189597
147,P97467,,2.6724126099323993,12.0,37.0,0.16371681415929204,0.014388489208633094,0.14932832495065895
148,V9GX76,,2.665296616217406,12.0,37.0,0.16371681415929204,0.014388489208633094,0.14932832495065895
149,Q8VCM8,,2.6651748697539674,12.0,37.0,0.16371681415929204,0.014388489208633094,0.14932832495065895
150,Q8R1V4,,2.6645953220645864,12.0,37.0,0.16371681415929204,0.014388489208633094,0.14932832495065895
151,Q8CIF4,TP,2.6635953179794734,12.0,37.0,0.16371681415929204,0.014388489208633094,0.14932832495065895
152,Q91X78,,2.652382337064828,12.0,38.0,0.168141592920354,0.014388489208633094,0.1537531037117209
153,Q8VBZ3,,2.6518185090300705,12.0,38.0,0.168141592920354,0.014388489208633094,0.1537531037117209
154,Q9ER41,FP,2.650562588418523,12.0,38.0,0.168141592920354,0.014388489208633094,0.1537531037117209
155,Q8K5B2,,2.648817314121773,13.0,38.0,0.168141592920354,0.015587529976019185,0.15255406294433482
156,Q99KR8,TP,2.647450567465212,13.0,38.0,0.168141592920354,0.015587529976019185,0.15255406294433482
157,O89110,FP,2.645044953600409,13.0,39.0,0.17256637168141592,0.015587529976019185,0.15697884170539672
158,Q9QYK5,,2.6434717877882057,14.0,39.0,0.17256637168141592,0.016786570743405275,0.15577980093801064
159,Q8R0F3,,2.634941032628165,14.0,39.0,0.17256637168141592,0.016786570743405275,0.15577980093801064
160,P09103,,2.6290542085387822,14.0,39.0,0.17256637168141592,0.016786570743405275,0.15577980093801064
161,P02469,TP,2.625405527515118,14.0,39.0,0.17256637168141592,0.016786570743405275,0.15577980093801064
162,Q62190,,2.6219473940693487,14.0,40.0,0.17699115044247787,0.016786570743405275,0.1602045796990726
163,Q8K1F9,,2.6141994724461273,14.0,40.0,0.17699115044247787,0.016786570743405275,0.1602045796990726
164,Q80TN4,,2.60627884019453,14.0,40.0,0.17699115044247787,0.016786570743405275,0.1602045796990726
165,P59481,,2.6060237364402563,14.0,40.0,0.17699115044247787,0.016786570743405275,0.1602045796990726
166,Q8BGQ6,,2.6034615322645265,14.0,40.0,0.17699115044247787,0.016786570743405275,0.1602045796990726
167,Q8BP92,,2.596387695793865,14.0,40.0,0.17699115044247787,0.016786570743405275,0.1602045796990726
168,P14211,TP,2.571966304735738,14.0,40.0,0.17699115044247787,0.016786570743405275,0.1602045796990726
169,Q9CYD3,TP,2.5680064864897925,14.0,41.0,0.18141592920353983,0.016786570743405275,0.16462935846013454
170,Q99KI3,,2.5678522290895263,14.0,42.0,0.18584070796460178,0.016786570743405275,0.1690541372211965
171,P62342,,2.567156668987269,14.0,42.0,0.18584070796460178,0.016786570743405275,0.1690541372211965
172,Q8BJT9,,2.5669910999684284,14.0,42.0,0.18584070796460178,0.016786570743405275,0.1690541372211965
173,Q9R0E1,TP,2.559138870296126,14.0,42.0,0.18584070796460178,0.016786570743405275,0.1690541372211965
174,Q8CFX1,,2.551844239780623,14.0,43.0,0.1902654867256637,0.016786570743405275,0.17347891598225842
175,P70180,,2.542534856630107,14.0,43.0,0.1902654867256637,0.016786570743405275,0.17347891598225842
176,Q9ERR7,,2.5286168630341495,14.0,43.0,0.1902654867256637,0.016786570743405275,0.17347891598225842
177,P11152,TP,2.528139529181439,14.0,43.0,0.1902654867256637,0.016786570743405275,0.17347891598225842
178,P45878,,2.515360298188245,14.0,44.0,0.19469026548672566,0.016786570743405275,0.17790369474332038
179,Q8BYW9,,2.5097860242722767,14.0,44.0,0.19469026548672566,0.016786570743405275,0.17790369474332038
180,P24369,,2.505999874793388,14.0,44.0,0.19469026548672566,0.016786570743405275,0.17790369474332038
181,Q8K297,,2.4979149282029343,14.0,44.0,0.19469026548672566,0.016786570743405275,0.17790369474332038
182,Q8C7V8,TP,2.4937009773473418,14.0,44.0,0.19469026548672566,0.016786570743405275,0.17790369474332038
183,Q9CQF9,,2.478111326059686,14.0,45.0,0.19911504424778761,0.016786570743405275,0.18232847350438233
184,P08122,TP,2.4710162254943917,14.0,45.0,0.19911504424778761,0.016786570743405275,0.18232847350438233
185,Q91XL1,,2.470291522935184,14.0,46.0,0.20353982300884957,0.016786570743405275,0.1867532522654443
186,Q9Z2A9,,2.4663855108804267,14.0,46.0,0.20353982300884957,0.016786570743405275,0.1867532522654443
187,Q9WTS2,,2.461815823951211,14.0,46.0,0.20353982300884957,0.016786570743405275,0.1867532522654443
188,Q61805,TP,2.4556770202251363,14.0,46.0,0.20353982300884957,0.016786570743405275,0.1867532522654443
189,Q3UHH8,,2.452149301291862,14.0,47.0,0.2079646017699115,0.016786570743405275,0.1911780310265062
190,Q9Z0Z4,,2.4430369722043115,14.0,47.0,0.2079646017699115,0.016786570743405275,0.1911780310265062
191,P10639,TP,2.43488753243574,14.0,47.0,0.2079646017699115,0.016786570743405275,0.1911780310265062
192,O88531,TP,2.427395202227147,14.0,48.0,0.21238938053097345,0.016786570743405275,0.19560280978756817
193,Q9D7N9,,2.425360625894886,14.0,49.0,0.2168141592920354,0.016786570743405275,0.20002758854863012
194,Q91WU0,,2.4240976890705066,14.0,49.0,0.2168141592920354,0.016786570743405275,0.20002758854863012
195,Q9Z0M5,,2.415833438539241,14.0,49.0,0.2168141592920354,0.016786570743405275,0.20002758854863012
196,P49817,,2.394686170664922,14.0,49.0,0.2168141592920354,0.016786570743405275,0.20002758854863012
197,Q8BMK4,FP,2.3932147046698558,14.0,49.0,0.2168141592920354,0.016786570743405275,0.20002758854863012
198,Q9D1Q6,,2.3915002119870636,15.0,49.0,0.2168141592920354,0.017985611510791366,0.19882854778124404
199,Q8BGR2,,2.385549928349511,15.0,49.0,0.2168141592920354,0.017985611510791366,0.19882854778124404
200,O54782,TP,2.38431629004224,15.0,49.0,0.2168141592920354,0.017985611510791366,0.19882854778124404
201,P01901,,2.381991763456497,15.0,50.0,0.22123893805309736,0.017985611510791366,0.203253326542306
202,Q8R023,FP,2.3778598346663613,15.0,50.0,0.22123893805309736,0.017985611510791366,0.203253326542306
203,Q8R0X7,,2.3699512474075,16.0,50.0,0.22123893805309736,0.019184652278177457,0.2020542857749199
204,Q80UM7,,2.369416636088804,16.0,50.0,0.22123893805309736,0.019184652278177457,0.2020542857749199
205,P39061,TP,2.3650645986563443,16.0,50.0,0.22123893805309736,0.019184652278177457,0.2020542857749199
206,Q9JKR6,,2.3592209128044415,16.0,51.0,0.22566371681415928,0.019184652278177457,0.20647906453598183
207,P83093,,2.358333717940575,16.0,51.0,0.22566371681415928,0.019184652278177457,0.20647906453598183
208,Q8BIF0,,2.353869359994204,16.0,51.0,0.22566371681415928,0.019184652278177457,0.20647906453598183
209,Q6DVA0,FP,2.350294364590402,16.0,51.0,0.22566371681415928,0.019184652278177457,0.20647906453598183
210,Q6PB93,TP,2.3487312831743123,17.0,51.0,0.22566371681415928,0.02038369304556355,0.20528002376859572
211,Q60847,TP,2.346761356873862,17.0,52.0,0.23008849557522124,0.02038369304556355,0.20970480252965767
212,Q9CZX9,,2.3298372813623875,17.0,53.0,0.2345132743362832,0.02038369304556355,0.21412958129071963
213,P08003,,2.3280694048900497,17.0,53.0,0.2345132743362832,0.02038369304556355,0.21412958129071963
214,O08601,,2.32789893323707,17.0,53.0,0.2345132743362832,0.02038369304556355,0.21412958129071963
215,Q6PD26,,2.3209293005274203,17.0,53.0,0.2345132743362832,0.02038369304556355,0.21412958129071963
216,Q8BJD1,TP,2.3209031037479813,17.0,53.0,0.2345132743362832,0.02038369304556355,0.21412958129071963
217,Q99KV1,,2.3140702999747407,17.0,54.0,0.23893805309734514,0.02038369304556355,0.21855436005178158
218,Q149L6,FP,2.3111836894709876,17.0,54.0,0.23893805309734514,0.02038369304556355,0.21855436005178158
219,Q921X9,,2.307061991624594,18.0,54.0,0.23893805309734514,0.02158273381294964,0.2173553192843955
220,O08746,TP,2.304306446482047,18.0,54.0,0.23893805309734514,0.02158273381294964,0.2173553192843955
221,P39098,,2.302026043962813,18.0,55.0,0.24336283185840707,0.02158273381294964,0.22178009804545742
222,Q9CPT4,TP,2.30160038019357,18.0,55.0,0.24336283185840707,0.02158273381294964,0.22178009804545742
223,Q9EPR2,TP,2.294990985323717,18.0,56.0,0.24778761061946902,0.02158273381294964,0.22620487680651938
224,Q8BRK9,,2.293745503687099,18.0,57.0,0.252212389380531,0.02158273381294964,0.23062965556758133
225,Q8BU85,,2.292705412200345,18.0,57.0,0.252212389380531,0.02158273381294964,0.23062965556758133
226,Q61712,FP,2.290215545632036,18.0,57.0,0.252212389380531,0.02158273381294964,0.23062965556758133
227,Q69ZN6,,2.289677192156799,19.0,57.0,0.252212389380531,0.022781774580335732,0.22943061480019525
228,P97927,TP,2.288860339997953,19.0,57.0,0.252212389380531,0.022781774580335732,0.22943061480019525
229,B1ATG9,,2.2883707121299537,19.0,58.0,0.25663716814159293,0.022781774580335732,0.2338553935612572
230,Q80X71,,2.285485566915936,19.0,58.0,0.25663716814159293,0.022781774580335732,0.2338553935612572
231,P70428,,2.274377268158047,19.0,58.0,0.25663716814159293,0.022781774580335732,0.2338553935612572
232,P20029,,2.2703126580575557,19.0,58.0,0.25663716814159293,0.022781774580335732,0.2338553935612572
233,E9Q616,,2.2674703824304157,19.0,58.0,0.25663716814159293,0.022781774580335732,0.2338553935612572
234,Q8K2K6,FP,2.267007316549427,19.0,58.0,0.25663716814159293,0.022781774580335732,0.2338553935612572
235,Q8R2G4,,2.2628960682605777,20.0,58.0,0.25663716814159293,0.023980815347721823,0.23265635279387112
236,O55239,,2.2617552848553912,20.0,58.0,0.25663716814159293,0.023980815347721823,0.23265635279387112
237,Q80W54,FP,2.260905611738805,20.0,58.0,0.25663716814159293,0.023980815347721823,0.23265635279387112
238,Q9CQY5,,2.249164543487389,21.0,58.0,0.25663716814159293,0.025179856115107913,0.231457312026485
239,Q9ER39,FP,2.244712124659704,21.0,58.0,0.25663716814159293,0.025179856115107913,0.231457312026485
240,Q8BXA1,,2.2431099989125514,22.0,58.0,0.25663716814159293,0.026378896882494004,0.23025827125909892
241,Q3UZ09,TP,2.2367135486266783,22.0,58.0,0.25663716814159293,0.026378896882494004,0.23025827125909892
242,Q3TNH5,FP,2.2282682276222645,22.0,59.0,0.2610619469026549,0.026378896882494004,0.23468305002016088
243,E9PZ16,,2.225708312961794,23.0,59.0,0.2610619469026549,0.027577937649880094,0.2334840092527748
244,P12265,,2.222303906267181,23.0,59.0,0.2610619469026549,0.027577937649880094,0.2334840092527748
245,Q9JI78,,2.221842529204642,23.0,59.0,0.2610619469026549,0.027577937649880094,0.2334840092527748
246,Q8K3B1,,2.2204866635007874,23.0,59.0,0.2610619469026549,0.027577937649880094,0.2334840092527748
247,Q61292,TP,2.2158995156132875,23.0,59.0,0.2610619469026549,0.027577937649880094,0.2334840092527748
248,P70387,,2.215727648709885,23.0,60.0,0.26548672566371684,0.027577937649880094,0.23790878801383675
249,P01029,TP,2.215120555313845,23.0,60.0,0.26548672566371684,0.027577937649880094,0.23790878801383675
250,P37040,,2.207299272235695,23.0,61.0,0.26991150442477874,0.027577937649880094,0.24233356677489865
251,P51655,TP,2.20556944336619,23.0,61.0,0.26991150442477874,0.027577937649880094,0.24233356677489865
252,Q8C7K6,TP,2.2014909988642306,23.0,62.0,0.2743362831858407,0.027577937649880094,0.2467583455359606
253,Q91VN0,,2.1983239723510573,23.0,63.0,0.27876106194690264,0.027577937649880094,0.25118312429702255
254,G3X8T9,,2.1956629244872836,23.0,63.0,0.27876106194690264,0.027577937649880094,0.25118312429702255
255,Q91YQ5,,2.1938367544248307,23.0,63.0,0.27876106194690264,0.027577937649880094,0.25118312429702255
256,Q3UQ28,TP,2.1922671449808773,23.0,63.0,0.27876106194690264,0.027577937649880094,0.25118312429702255
257,Q8VDL4,TP,2.187897063959122,23.0,64.0,0.2831858407079646,0.027577937649880094,0.2556079030580845
258,Q64735,,2.1875756089987606,23.0,65.0,0.28761061946902655,0.027577937649880094,0.26003268181914646
259,P01027,TP,2.17830087641042,23.0,65.0,0.28761061946902655,0.027577937649880094,0.26003268181914646
260,P18242,TP,2.1678654882215587,23.0,66.0,0.2920353982300885,0.027577937649880094,0.2644574605802084
261,Q8BIX9,,2.1604552762623714,23.0,67.0,0.29646017699115046,0.027577937649880094,0.26888223934127037
262,Q9WUP4,,2.1586618109832965,23.0,67.0,0.29646017699115046,0.027577937649880094,0.26888223934127037
263,O88856,,2.1487778804916493,23.0,67.0,0.29646017699115046,0.027577937649880094,0.26888223934127037
264,Q9Z1M7,,2.1450843892735265,23.0,67.0,0.29646017699115046,0.027577937649880094,0.26888223934127037
265,Q9CXY9,,2.142831521164028,23.0,67.0,0.29646017699115046,0.027577937649880094,0.26888223934127037
266,O09159,,2.1336924281546983,23.0,67.0,0.29646017699115046,0.027577937649880094,0.26888223934127037
267,P36993,,2.128517801577144,23.0,67.0,0.29646017699115046,0.027577937649880094,0.26888223934127037
268,P30412,,2.128344324319584,23.0,67.0,0.29646017699115046,0.027577937649880094,0.26888223934127037
269,Q9D136,,2.126828862981529,23.0,67.0,0.29646017699115046,0.027577937649880094,0.26888223934127037
270,Q91ZX7,FP,2.125968310991273,23.0,67.0,0.29646017699115046,0.027577937649880094,0.26888223934127037
271,Q8BXV2,,2.119370649067935,24.0,67.0,0.29646017699115046,0.02877697841726619,0.2676831985738843
272,P70206,,2.1114585204022642,24.0,67.0,0.29646017699115046,0.02877697841726619,0.2676831985738843
273,Q3TWN3,,2.1093670568981975,24.0,67.0,0.29646017699115046,0.02877697841726619,0.2676831985738843
274,P98156,,2.107871752929703,24.0,67.0,0.29646017699115046,0.02877697841726619,0.2676831985738843
275,O35206,TP,2.0962016053398447,24.0,67.0,0.29646017699115046,0.02877697841726619,0.2676831985738843
276,Q3U3R4,,2.092948480725862,24.0,68.0,0.3008849557522124,0.02877697841726619,0.27210797733494624
277,Q3TVI8,FP,2.086342012806005,24.0,68.0,0.3008849557522124,0.02877697841726619,0.27210797733494624
278,Q9Z0M6,TP,2.0680217274078596,25.0,68.0,0.3008849557522124,0.02997601918465228,0.27090893656756015
279,Q6PGH2,FP,2.0672109259107683,25.0,69.0,0.3053097345132743,0.02997601918465228,0.27533371532862205
280,Q8K2I4,,2.065965085166036,26.0,69.0,0.3053097345132743,0.03117505995203837,0.27413467456123597
281,Q8BXZ1,,2.059691571253418,26.0,69.0,0.3053097345132743,0.03117505995203837,0.27413467456123597
282,Q58A65,,2.058105750760923,26.0,69.0,0.3053097345132743,0.03117505995203837,0.27413467456123597
283,Q9QXT0,,2.0544302334794797,26.0,69.0,0.3053097345132743,0.03117505995203837,0.27413467456123597
284,P01887,TP,2.053703907814639,26.0,69.0,0.3053097345132743,0.03117505995203837,0.27413467456123597
285,Q8BXA5,,2.053005728784163,26.0,70.0,0.30973451327433627,0.03117505995203837,0.2785594533222979
286,P50172,,2.049378538568904,26.0,70.0,0.30973451327433627,0.03117505995203837,0.2785594533222979
287,P27046,,2.047708128944155,26.0,70.0,0.30973451327433627,0.03117505995203837,0.2785594533222979
288,Q9WTK3,,2.0450534732100643,26.0,70.0,0.30973451327433627,0.03117505995203837,0.2785594533222979
289,P15208,,2.0387830294581866,26.0,70.0,0.30973451327433627,0.03117505995203837,0.2785594533222979
290,Q8CI59,,2.0352190769900935,26.0,70.0,0.30973451327433627,0.03117505995203837,0.2785594533222979
291,Q99LJ1,,2.0350369763264315,26.0,70.0,0.30973451327433627,0.03117505995203837,0.2785594533222979
292,Q8VD31,,2.034904237781264,26.0,70.0,0.30973451327433627,0.03117505995203837,0.2785594533222979
293,Q3UUQ7,,2.033321537479435,26.0,70.0,0.30973451327433627,0.03117505995203837,0.2785594533222979
294,Q3TRM4,,2.018887733578423,26.0,70.0,0.30973451327433627,0.03117505995203837,0.2785594533222979
295,P08226,TP,2.01186370710913,26.0,70.0,0.30973451327433627,0.03117505995203837,0.2785594533222979
296,Q8BW41,,2.0008155375402614,26.0,71.0,0.3141592920353982,0.03117505995203837,0.2829842320833599
297,Q61249,,1.9977954245216656,26.0,71.0,0.3141592920353982,0.03117505995203837,0.2829842320833599
298,Q5SSH8,TP,1.9867165752357077,26.0,71.0,0.3141592920353982,0.03117505995203837,0.2829842320833599
299,O88322,TP,1.9834580362542922,26.0,72.0,0.3185840707964602,0.03117505995203837,0.28740901084442183
300,G3X9Q1,,1.9821456858245396,26.0,73.0,0.3230088495575221,0.03117505995203837,0.2918337896054838
301,F8VQJ3,,1.9813505964378304,26.0,73.0,0.3230088495575221,0.03117505995203837,0.2918337896054838
302,Q60994,TP,1.9802819475669846,26.0,73.0,0.3230088495575221,0.03117505995203837,0.2918337896054838
303,Q8K358,,1.9710658457379413,26.0,74.0,0.3274336283185841,0.03117505995203837,0.29625856836654574
304,Q60902,FP,1.966826348478766,26.0,74.0,0.3274336283185841,0.03117505995203837,0.29625856836654574
305,P41160,TP,1.9652142388603007,27.0,74.0,0.3274336283185841,0.03237410071942446,0.2950595275991596
306,Q91XY2,,1.962179983622401,27.0,75.0,0.33185840707964603,0.03237410071942446,0.29948430636022155
307,P27546,FP,1.9614952739074452,27.0,75.0,0.33185840707964603,0.03237410071942446,0.29948430636022155
308,Q9R1E6,TP,1.944428425229352,28.0,75.0,0.33185840707964603,0.03357314148681055,0.29828526559283547
309,Q05186,,1.9405932146415512,28.0,76.0,0.336283185840708,0.03357314148681055,0.3027100443538974
310,O35409,,1.9294529746459161,28.0,76.0,0.336283185840708,0.03357314148681055,0.3027100443538974
311,O70472,,1.912076357786912,28.0,76.0,0.336283185840708,0.03357314148681055,0.3027100443538974
312,Q9JMG2,,1.9042827339627657,28.0,76.0,0.336283185840708,0.03357314148681055,0.3027100443538974
313,Q8BH24,,1.902416985753957,28.0,76.0,0.336283185840708,0.03357314148681055,0.3027100443538974
314,Q8VC60,TP,1.9016885321111494,28.0,76.0,0.336283185840708,0.03357314148681055,0.3027100443538974
315,Q6DID7,,1.898983909088917,28.0,77.0,0.3407079646017699,0.03357314148681055,0.3071348231149593
316,P10493,TP,1.8988991872199195,28.0,77.0,0.3407079646017699,0.03357314148681055,0.3071348231149593
317,Q8BSH2,,1.896670620239883,28.0,78.0,0.34513274336283184,0.03357314148681055,0.3115596018760213
318,Q8VCS3,,1.8952476057520393,28.0,78.0,0.34513274336283184,0.03357314148681055,0.3115596018760213
319,O08795,,1.8916648699225729,28.0,78.0,0.34513274336283184,0.03357314148681055,0.3115596018760213
320,Q99LI2,FP,1.8801202905732644,28.0,78.0,0.34513274336283184,0.03357314148681055,0.3115596018760213
321,O35598,,1.876635623357933,29.0,78.0,0.34513274336283184,0.03477218225419664,0.3103605611086352
322,G5E897,,1.8716021161470136,29.0,78.0,0.34513274336283184,0.03477218225419664,0.3103605611086352
323,Q91W90,,1.8689138407725516,29.0,78.0,0.34513274336283184,0.03477218225419664,0.3103605611086352
324,Q9QY81,FP,1.8647734183313187,29.0,78.0,0.34513274336283184,0.03477218225419664,0.3103605611086352
325,P97742,,1.857117612459797,30.0,78.0,0.34513274336283184,0.03597122302158273,0.3091615203412491
326,Q3V3R4,,1.852706503260301,30.0,78.0,0.34513274336283184,0.03597122302158273,0.3091615203412491
327,Q66JQ7,FP,1.8461787168970503,30.0,78.0,0.34513274336283184,0.03597122302158273,0.3091615203412491
328,Q8BJW6,,1.8353171557481802,31.0,78.0,0.34513274336283184,0.03717026378896882,0.307962479573863
329,Q9QWR8,,1.8324774989519947,31.0,78.0,0.34513274336283184,0.03717026378896882,0.307962479573863
330,Q3U1F9,,1.8296466074919897,31.0,78.0,0.34513274336283184,0.03717026378896882,0.307962479573863
331,Q6PHU5,FP,1.8206040495879248,31.0,78.0,0.34513274336283184,0.03717026378896882,0.307962479573863
332,A2A9M4,,1.8203650923395431,32.0,78.0,0.34513274336283184,0.03836930455635491,0.30676343880647694
333,Q9EQC7,TP,1.8185920560327895,32.0,78.0,0.34513274336283184,0.03836930455635491,0.30676343880647694
334,P01899,,1.8167889364254879,32.0,79.0,0.3495575221238938,0.03836930455635491,0.3111882175675389
335,E9QPE7,,1.8059459067149322,32.0,79.0,0.3495575221238938,0.03836930455635491,0.3111882175675389
336,P97946,TP,1.8042688021645261,32.0,79.0,0.3495575221238938,0.03836930455635491,0.3111882175675389
337,Q8VCI5,,1.801175278507112,32.0,80.0,0.35398230088495575,0.03836930455635491,0.31561299632860085
338,Q61824,,1.798064986795774,32.0,80.0,0.35398230088495575,0.03836930455635491,0.31561299632860085
339,Q8R087,,1.7979636216493244,32.0,80.0,0.35398230088495575,0.03836930455635491,0.31561299632860085
340,Q62087,TP,1.794479193198434,32.0,80.0,0.35398230088495575,0.03836930455635491,0.31561299632860085
341,Q8K0C4,,1.7932453640467505,32.0,81.0,0.3584070796460177,0.03836930455635491,0.3200377750896628
342,Q8VIM9,,1.7930680559657648,32.0,81.0,0.3584070796460177,0.03836930455635491,0.3200377750896628
343,E9PUJ6,,1.7894371495366184,32.0,81.0,0.3584070796460177,0.03836930455635491,0.3200377750896628
344,P35564,,1.7880916822053647,32.0,81.0,0.3584070796460177,0.03836930455635491,0.3200377750896628
345,Q62356,TP,1.7815147841234686,32.0,81.0,0.3584070796460177,0.03836930455635491,0.3200377750896628
346,Q61072,,1.7805764895870293,32.0,82.0,0.36283185840707965,0.03836930455635491,0.32446255385072476
347,Q7TT37,FP,1.7765857548400465,32.0,82.0,0.36283185840707965,0.03836930455635491,0.32446255385072476
348,P56399,,1.7715003025205482,33.0,82.0,0.36283185840707965,0.039568345323741004,0.32326351308333867
349,Q8BJS4,FP,1.7679896977412761,33.0,82.0,0.36283185840707965,0.039568345323741004,0.32326351308333867
350,P18572,,1.7677852537760226,34.0,82.0,0.36283185840707965,0.0407673860911271,0.32206447231595253
351,Q8BMD6,FP,1.7642581273931046,34.0,82.0,0.36283185840707965,0.0407673860911271,0.32206447231595253
352,Q3TML0,,1.7641935160468227,35.0,82.0,0.36283185840707965,0.04196642685851319,0.32086543154856645
353,Q3U128,,1.7572288611752664,35.0,82.0,0.36283185840707965,0.04196642685851319,0.32086543154856645
354,P16092,FP,1.754187819936047,35.0,82.0,0.36283185840707965,0.04196642685851319,0.32086543154856645
355,Q8CIN4,FP,1.7537348017637817,36.0,82.0,0.36283185840707965,0.04316546762589928,0.31966639078118037
356,Q80V26,,1.7500029161139754,37.0,82.0,0.36283185840707965,0.04436450839328537,0.3184673500137943
357,Q9CRD2,,1.7491865993496878,37.0,82.0,0.36283185840707965,0.04436450839328537,0.3184673500137943
358,Q6PDJ1,,1.7399811379869985,37.0,82.0,0.36283185840707965,0.04436450839328537,0.3184673500137943
359,P70207,,1.7377617939853147,37.0,82.0,0.36283185840707965,0.04436450839328537,0.3184673500137943
360,A2AVA0,TP,1.7324027784467033,37.0,82.0,0.36283185840707965,0.04436450839328537,0.3184673500137943
361,Q61646,TP,1.7304070418700328,37.0,83.0,0.3672566371681416,0.04436450839328537,0.32289212877485624
362,Q8C129,,1.7246230458976994,37.0,84.0,0.37168141592920356,0.04436450839328537,0.3273169075359182
363,Q8R0J2,,1.7238545470894204,37.0,84.0,0.37168141592920356,0.04436450839328537,0.3273169075359182
364,G5E8F8,,1.7219458333126945,37.0,84.0,0.37168141592920356,0.04436450839328537,0.3273169075359182
365,Q9R0A0,,1.7201728706384138,37.0,84.0,0.37168141592920356,0.04436450839328537,0.3273169075359182
366,P25446,,1.7122090717902685,37.0,84.0,0.37168141592920356,0.04436450839328537,0.3273169075359182
367,Q8R0H9,,1.7085869124602961,37.0,84.0,0.37168141592920356,0.04436450839328537,0.3273169075359182
368,Q80Y98,,1.706237686387022,37.0,84.0,0.37168141592920356,0.04436450839328537,0.3273169075359182
369,Q8VCI0,,1.6927736101447544,37.0,84.0,0.37168141592920356,0.04436450839328537,0.3273169075359182
370,Q76N33,,1.6883522780888365,37.0,84.0,0.37168141592920356,0.04436450839328537,0.3273169075359182
371,Q3TMW1,,1.6873767672715978,37.0,84.0,0.37168141592920356,0.04436450839328537,0.3273169075359182
372,P42703,TP,1.6856355457637737,37.0,84.0,0.37168141592920356,0.04436450839328537,0.3273169075359182
373,Q9EQH2,,1.6785024519097773,37.0,85.0,0.37610619469026546,0.04436450839328537,0.3317416862969801
374,Q9D6I7,,1.6780173394488993,37.0,85.0,0.37610619469026546,0.04436450839328537,0.3317416862969801
375,P04202,TP,1.6728603478583157,37.0,85.0,0.37610619469026546,0.04436450839328537,0.3317416862969801
376,Q91YX5,,1.6684167768249647,37.0,86.0,0.3805309734513274,0.04436450839328537,0.33616646505804204
377,Q8C398,,1.6661853368099515,37.0,86.0,0.3805309734513274,0.04436450839328537,0.33616646505804204
378,Q9EP72,,1.659861402098071,37.0,86.0,0.3805309734513274,0.04436450839328537,0.33616646505804204
379,Q9EPJ9,,1.6561139469635102,37.0,86.0,0.3805309734513274,0.04436450839328537,0.33616646505804204
380,O70378,,1.6544900495023258,37.0,86.0,0.3805309734513274,0.04436450839328537,0.33616646505804204
381,Q9QYR6,FP,1.6543987200126447,37.0,86.0,0.3805309734513274,0.04436450839328537,0.33616646505804204
382,Q8R054,TP,1.6480787516667905,38.0,86.0,0.3805309734513274,0.045563549160671464,0.33496742429065596
383,P14576,FP,1.646556211409998,38.0,87.0,0.38495575221238937,0.045563549160671464,0.3393922030517179
384,F8VQC7,,1.6416466778785537,39.0,87.0,0.38495575221238937,0.046762589928057555,0.3381931622843318
385,Q8VHE0,,1.6411122075447107,39.0,87.0,0.38495575221238937,0.046762589928057555,0.3381931622843318
386,Q80Z24,,1.6268488249473778,39.0,87.0,0.38495575221238937,0.046762589928057555,0.3381931622843318
387,Q9CYA0,,1.6249238282953884,39.0,87.0,0.38495575221238937,0.046762589928057555,0.3381931622843318
388,Q8BM72,,1.6226904628763765,39.0,87.0,0.38495575221238937,0.046762589928057555,0.3381931622843318
389,Q8BPB5,TP,1.6181358581002636,39.0,87.0,0.38495575221238937,0.046762589928057555,0.3381931622843318
390,Q9JLI2,,1.6073379997158443,39.0,88.0,0.3893805309734513,0.046762589928057555,0.3426179410453938
391,Q99L43,,1.6046852940113618,39.0,88.0,0.3893805309734513,0.046762589928057555,0.3426179410453938
392,Q78IS1,,1.5999732264049005,39.0,88.0,0.3893805309734513,0.046762589928057555,0.3426179410453938
393,Q3UH93,,1.598389931265423,39.0,88.0,0.3893805309734513,0.046762589928057555,0.3426179410453938
394,P40142,,1.5971625220119139,39.0,88.0,0.3893805309734513,0.046762589928057555,0.3426179410453938
395,O70423,,1.5964306070119962,39.0,88.0,0.3893805309734513,0.046762589928057555,0.3426179410453938
396,Q9DBG6,,1.5943311889440435,39.0,88.0,0.3893805309734513,0.046762589928057555,0.3426179410453938
397,Q9JKX3,,1.5881258183833962,39.0,88.0,0.3893805309734513,0.046762589928057555,0.3426179410453938
398,Q9R233,,1.5841238991036228,39.0,88.0,0.3893805309734513,0.046762589928057555,0.3426179410453938
399,Q3UMW8,,1.579007461590296,39.0,88.0,0.3893805309734513,0.046762589928057555,0.3426179410453938
400,Q80YQ1,,1.5720099664125187,39.0,88.0,0.3893805309734513,0.046762589928057555,0.3426179410453938
401,Q9Z160,,1.5719885984746358,39.0,88.0,0.3893805309734513,0.046762589928057555,0.3426179410453938
402,P33267,,1.570811153686958,39.0,88.0,0.3893805309734513,0.046762589928057555,0.3426179410453938
403,Q8K449,,1.568102112174886,39.0,88.0,0.3893805309734513,0.046762589928057555,0.3426179410453938
404,Q9ESX5,FP,1.5654525672069088,39.0,88.0,0.3893805309734513,0.046762589928057555,0.3426179410453938
405,E9Q512,FP,1.560206107316711,40.0,88.0,0.3893805309734513,0.047961630695443645,0.3414189002780077
406,O88738,FP,1.5595559100121044,41.0,88.0,0.3893805309734513,0.049160671462829736,0.3402198595106216
407,Q3USZ8,TP,1.5571665720006547,42.0,88.0,0.3893805309734513,0.050359712230215826,0.3390208187432355
408,F8VPK5,,1.5557560546895648,42.0,89.0,0.3938053097345133,0.050359712230215826,0.34344559750429743
409,Q8R2E9,,1.5487963009764998,42.0,89.0,0.3938053097345133,0.050359712230215826,0.34344559750429743
410,E9PUM4,,1.5472707933907581,42.0,89.0,0.3938053097345133,0.050359712230215826,0.34344559750429743
411,Q8QZR4,,1.54435826500366,42.0,89.0,0.3938053097345133,0.050359712230215826,0.34344559750429743
412,Q8VEB4,TP,1.5344712666120004,42.0,89.0,0.3938053097345133,0.050359712230215826,0.34344559750429743
413,Q8R2G6,TP,1.531730466980515,42.0,90.0,0.39823008849557523,0.050359712230215826,0.3478703762653594
414,Q62418,FP,1.5271637578951112,42.0,91.0,0.4026548672566372,0.050359712230215826,0.35229515502642134
415,Q60590,TP,1.524970693140125,43.0,91.0,0.4026548672566372,0.05155875299760192,0.35109611425903525
416,Q8BGD9,,1.5143920613542963,43.0,92.0,0.40707964601769914,0.05155875299760192,0.3555208930200972
417,Q8K348,,1.5119442486789965,43.0,92.0,0.40707964601769914,0.05155875299760192,0.3555208930200972
418,Q8BHK1,,1.5065180009095716,43.0,92.0,0.40707964601769914,0.05155875299760192,0.3555208930200972
419,Q9WUU7,,1.5042897835718896,43.0,92.0,0.40707964601769914,0.05155875299760192,0.3555208930200972
420,Q8K093,,1.4979930203570047,43.0,92.0,0.40707964601769914,0.05155875299760192,0.3555208930200972
421,O08912,TP,1.4960221104494016,43.0,92.0,0.40707964601769914,0.05155875299760192,0.3555208930200972
422,Q8R366,,1.4898108248616762,43.0,93.0,0.41150442477876104,0.05155875299760192,0.3599456717811591
423,Q6Y685,FP,1.4881465354110048,43.0,93.0,0.41150442477876104,0.05155875299760192,0.3599456717811591
424,O54734,,1.4736124467579232,44.0,93.0,0.41150442477876104,0.05275779376498801,0.358746631013773
425,B1AYL1,,1.4714248245174362,44.0,93.0,0.41150442477876104,0.05275779376498801,0.358746631013773
426,Q6ZWQ7,,1.469765037657017,44.0,93.0,0.41150442477876104,0.05275779376498801,0.358746631013773
427,Q64310,,1.46941116662903,44.0,93.0,0.41150442477876104,0.05275779376498801,0.358746631013773
428,Q61191,FP,1.466721244512418,44.0,93.0,0.41150442477876104,0.05275779376498801,0.358746631013773
429,Q61391,,1.4632188661030292,45.0,93.0,0.41150442477876104,0.0539568345323741,0.35754759024638694
430,Q80UJ7,,1.4546197497631514,45.0,93.0,0.41150442477876104,0.0539568345323741,0.35754759024638694
431,A2AJ26,,1.4430981244813628,45.0,93.0,0.41150442477876104,0.0539568345323741,0.35754759024638694
432,Q9D2V7,,1.4404248125289214,45.0,93.0,0.41150442477876104,0.0539568345323741,0.35754759024638694
433,Q3UU43,,1.4386856352016093,45.0,93.0,0.41150442477876104,0.0539568345323741,0.35754759024638694
434,Q8K2W3,,1.4367647314658416,45.0,93.0,0.41150442477876104,0.0539568345323741,0.35754759024638694
435,Q8CDN6,FP,1.4347229379778252,45.0,93.0,0.41150442477876104,0.0539568345323741,0.35754759024638694
436,Q8R079,,1.4339529631681878,46.0,93.0,0.41150442477876104,0.05515587529976019,0.35634854947900085
437,D3YU56,,1.4261070071837663,46.0,93.0,0.41150442477876104,0.05515587529976019,0.35634854947900085
438,Q61147,TP,1.4260721248612584,46.0,93.0,0.41150442477876104,0.05515587529976019,0.35634854947900085
439,Q9QZZ6,TP,1.4219386353717918,46.0,94.0,0.415929203539823,0.05515587529976019,0.3607733282400628
440,Q9CQ01,,1.4203276649854828,46.0,95.0,0.42035398230088494,0.05515587529976019,0.36519810700112476
441,Q8R050,,1.417837820384498,46.0,95.0,0.42035398230088494,0.05515587529976019,0.36519810700112476
442,Q91WG8,,1.4171062924384972,46.0,95.0,0.42035398230088494,0.05515587529976019,0.36519810700112476
443,Q921T2,FP,1.4157747238989458,46.0,95.0,0.42035398230088494,0.05515587529976019,0.36519810700112476
444,Q8R2Y2,,1.4149413981112908,47.0,95.0,0.42035398230088494,0.05635491606714628,0.3639990662337387
445,Q8BPG6,,1.4128481031968545,47.0,95.0,0.42035398230088494,0.05635491606714628,0.3639990662337387
446,Q4FZC9,FP,1.4095221222562495,47.0,95.0,0.42035398230088494,0.05635491606714628,0.3639990662337387
447,Q01705,FP,1.395664535649437,48.0,95.0,0.42035398230088494,0.05755395683453238,0.3628000254663526
448,Q8C522,TP,1.3946061700153118,49.0,95.0,0.42035398230088494,0.05875299760191847,0.36160098469896645
449,B2RX70,,1.3938888838106496,49.0,96.0,0.4247787610619469,0.05875299760191847,0.3660257634600284
450,Q9D666,FP,1.3920587008178422,49.0,96.0,0.4247787610619469,0.05875299760191847,0.3660257634600284
451,Q9WVB4,TP,1.3918921154632469,50.0,96.0,0.4247787610619469,0.05995203836930456,0.3648267226926423
452,Q9R001,TP,1.3829614892905324,50.0,97.0,0.42920353982300885,0.05995203836930456,0.3692515014537043
453,P00687,TP,1.3794443464782997,50.0,98.0,0.4336283185840708,0.05995203836930456,0.37367628021476623
454,P15306,,1.3765367818996253,50.0,99.0,0.43805309734513276,0.05995203836930456,0.3781010589758282
455,Q6PCX7,,1.3749662291694627,50.0,99.0,0.43805309734513276,0.05995203836930456,0.3781010589758282
456,Q9DCN1,,1.3740393783122198,50.0,99.0,0.43805309734513276,0.05995203836930456,0.3781010589758282
457,Q8BXQ2,,1.3514079229361848,50.0,99.0,0.43805309734513276,0.05995203836930456,0.3781010589758282
458,P14106,TP,1.3495158939279273,50.0,99.0,0.43805309734513276,0.05995203836930456,0.3781010589758282
459,Q80VI1,,1.3412384315505346,50.0,100.0,0.4424778761061947,0.05995203836930456,0.38252583773689014
460,O70258,FP,1.3411999761688957,50.0,100.0,0.4424778761061947,0.05995203836930456,0.38252583773689014
461,Q8K4Z3,TP,1.3395605837109972,51.0,100.0,0.4424778761061947,0.06115107913669065,0.38132679696950406
462,Q9QYI4,FP,1.339554974102088,51.0,101.0,0.4469026548672566,0.06115107913669065,0.38575157573056595
463,Q8CI19,TP,1.3338856963450876,52.0,101.0,0.4469026548672566,0.06235011990407674,0.38455253496317987
464,Q9WTL7,,1.3332068191946225,52.0,102.0,0.45132743362831856,0.06235011990407674,0.3889773137242418
465,Q62165,TP,1.331883348403143,52.0,102.0,0.45132743362831856,0.06235011990407674,0.3889773137242418
466,Q8K3W0,FP,1.3175883959231725,52.0,103.0,0.4557522123893805,0.06235011990407674,0.3934020924853038
467,Q8BGT1,TP,1.3090622759207464,53.0,103.0,0.4557522123893805,0.06354916067146282,0.3922030517179177
468,Q8BYU6,FP,1.29996467435745,53.0,104.0,0.46017699115044247,0.06354916067146282,0.39662783047897965
469,P70699,,1.2880303671978846,54.0,104.0,0.46017699115044247,0.06474820143884892,0.39542878971159356
470,Q9QYI6,,1.2839804861608095,54.0,104.0,0.46017699115044247,0.06474820143884892,0.39542878971159356
471,F8VQD7,,1.280378599811474,54.0,104.0,0.46017699115044247,0.06474820143884892,0.39542878971159356
472,Q8BZA9,FP,1.2739000225273012,54.0,104.0,0.46017699115044247,0.06474820143884892,0.39542878971159356
473,Q9Z0R4,FP,1.2715852874695805,55.0,104.0,0.46017699115044247,0.06594724220623502,0.3942297489442075
474,Q9D7B7,,1.2597318358319116,56.0,104.0,0.46017699115044247,0.0671462829736211,0.3930307081768214
475,D3Z5J3,,1.2428866432480727,56.0,104.0,0.46017699115044247,0.0671462829736211,0.3930307081768214
476,E9Q9B7,,1.2337386860968267,56.0,104.0,0.46017699115044247,0.0671462829736211,0.3930307081768214
477,Q9DBS1,FP,1.2265299731015027,56.0,104.0,0.46017699115044247,0.0671462829736211,0.3930307081768214
478,Q6P8X1,FP,1.2245159930114664,57.0,104.0,0.46017699115044247,0.0683453237410072,0.39183166740943526
479,P60882,,1.2219096527441777,58.0,104.0,0.46017699115044247,0.06954436450839328,0.3906326266420492
480,Q9QYE6,,1.2205503624468719,58.0,104.0,0.46017699115044247,0.06954436450839328,0.3906326266420492
481,O89023,,1.2118064617428597,58.0,104.0,0.46017699115044247,0.06954436450839328,0.3906326266420492
482,Q8CGN5,,1.2097730295144888,58.0,104.0,0.46017699115044247,0.06954436450839328,0.3906326266420492
483,Q8R010,FP,1.1987107038495344,58.0,104.0,0.46017699115044247,0.06954436450839328,0.3906326266420492
484,Q8VDD5,FP,1.1968649007500725,59.0,104.0,0.46017699115044247,0.07074340527577938,0.3894335858746631
485,Q7TN22,TP,1.1950618120725207,60.0,104.0,0.46017699115044247,0.07194244604316546,0.388234545107277
486,Q5MJS3,TP,1.1910953580996921,60.0,105.0,0.4646017699115044,0.07194244604316546,0.39265932386833896
487,Q4VBD2,FP,1.1867820909979576,60.0,106.0,0.4690265486725664,0.07194244604316546,0.3970841026294009
488,P08121,TP,1.1838426387711105,61.0,106.0,0.4690265486725664,0.07314148681055156,0.39588506186201483
489,Q8C1F4,,1.1796155882525663,61.0,107.0,0.47345132743362833,0.07314148681055156,0.4003098406230768
490,P42567,,1.1717560413570478,61.0,107.0,0.47345132743362833,0.07314148681055156,0.4003098406230768
491,Q6P9S7,,1.1686649072028754,61.0,107.0,0.47345132743362833,0.07314148681055156,0.4003098406230768
492,P04919,,1.1665961684586819,61.0,107.0,0.47345132743362833,0.07314148681055156,0.4003098406230768
493,Q9DCD2,FP,1.16257037918539,61.0,107.0,0.47345132743362833,0.07314148681055156,0.4003098406230768
494,Q6P9Q6,,1.1574572574092132,62.0,107.0,0.47345132743362833,0.07434052757793765,0.3991107998556907
495,Q61112,,1.1561027636804386,62.0,107.0,0.47345132743362833,0.07434052757793765,0.3991107998556907
496,Q9EPL4,,1.1551612377292493,62.0,107.0,0.47345132743362833,0.07434052757793765,0.3991107998556907
497,Q7TMQ7,,1.154627863314212,62.0,107.0,0.47345132743362833,0.07434052757793765,0.3991107998556907
498,Q80X50,,1.1529597177244268,62.0,107.0,0.47345132743362833,0.07434052757793765,0.3991107998556907
499,Q8R2Y3,,1.1508248285381582,62.0,107.0,0.47345132743362833,0.07434052757793765,0.3991107998556907
500,O88307,TP,1.1504757036380098,62.0,107.0,0.47345132743362833,0.07434052757793765,0.3991107998556907
501,Q8R3Q0,,1.1437082170983255,62.0,108.0,0.4778761061946903,0.07434052757793765,0.40353557861675265
502,P47757,FP,1.1421392486736162,62.0,108.0,0.4778761061946903,0.07434052757793765,0.40353557861675265
503,Q61703,TP,1.1406284003010732,63.0,108.0,0.4778761061946903,0.07553956834532374,0.4023365378493665
504,O89051,TP,1.1394157074258247,63.0,109.0,0.4823008849557522,0.07553956834532374,0.40676131661042847
505,P20060,,1.135912741859296,63.0,110.0,0.48672566371681414,0.07553956834532374,0.4111860953714904
506,Q923J1,,1.1345390022815627,63.0,110.0,0.48672566371681414,0.07553956834532374,0.4111860953714904
507,F8VQC1,,1.1314604245513689,63.0,110.0,0.48672566371681414,0.07553956834532374,0.4111860953714904
508,Q05921,,1.1286517518065033,63.0,110.0,0.48672566371681414,0.07553956834532374,0.4111860953714904
509,Q8BML9,,1.1278087036794306,63.0,110.0,0.48672566371681414,0.07553956834532374,0.4111860953714904
510,E9PYP2,,1.1247164609839717,63.0,110.0,0.48672566371681414,0.07553956834532374,0.4111860953714904
511,Q9Z1A1,,1.1201973144458282,63.0,110.0,0.48672566371681414,0.07553956834532374,0.4111860953714904
512,Q9Z2A7,,1.1176844607783407,63.0,110.0,0.48672566371681414,0.07553956834532374,0.4111860953714904
513,Q07797,TP,1.1054066916483547,63.0,110.0,0.48672566371681414,0.07553956834532374,0.4111860953714904
514,Q9Z0F7,FP,1.1035851213498014,63.0,111.0,0.4911504424778761,0.07553956834532374,0.4156108741325524
515,Q91WK2,,1.0997212629859405,64.0,111.0,0.4911504424778761,0.07673860911270983,0.4144118333651663
516,P51660,,1.0980706311011594,64.0,111.0,0.4911504424778761,0.07673860911270983,0.4144118333651663
517,Q99JR5,TP,1.0976726909876535,64.0,111.0,0.4911504424778761,0.07673860911270983,0.4144118333651663
518,Q9CX00,FP,1.0913496156241387,64.0,112.0,0.49557522123893805,0.07673860911270983,0.41883661212622825
519,Q8BHC9,,1.0826386148932363,65.0,112.0,0.49557522123893805,0.07793764988009592,0.4176375713588421
520,Q8BTY8,,1.0787282752448382,65.0,112.0,0.49557522123893805,0.07793764988009592,0.4176375713588421
521,Q91YM2,FP,1.0783404566583321,65.0,112.0,0.49557522123893805,0.07793764988009592,0.4176375713588421
522,Q8K273,,1.0771598015824015,66.0,112.0,0.49557522123893805,0.07913669064748201,0.416438530591456
523,O08532,,1.0689994423657514,66.0,112.0,0.49557522123893805,0.07913669064748201,0.416438530591456
524,Q99KJ8,FP,1.0688565662154228,66.0,112.0,0.49557522123893805,0.07913669064748201,0.416438530591456
525,Q8BR92,,1.0674106191869854,67.0,112.0,0.49557522123893805,0.0803357314148681,0.41523948982406994
526,Q9JJU8,,1.0609171350345616,67.0,112.0,0.49557522123893805,0.0803357314148681,0.41523948982406994
527,E9Q394,FP,1.0597593156017762,67.0,112.0,0.49557522123893805,0.0803357314148681,0.41523948982406994
528,O54991,,1.0525076632209442,68.0,112.0,0.49557522123893805,0.0815347721822542,0.41404044905668386
529,Q99104,,1.0445996085599447,68.0,112.0,0.49557522123893805,0.0815347721822542,0.41404044905668386
530,Q91VW5,,1.0414664699219087,68.0,112.0,0.49557522123893805,0.0815347721822542,0.41404044905668386
531,Q923B6,,1.0396311351166427,68.0,112.0,0.49557522123893805,0.0815347721822542,0.41404044905668386
532,Q9JJ06,,1.0393157836959064,68.0,112.0,0.49557522123893805,0.0815347721822542,0.41404044905668386
533,G3X9K3,FP,1.038941215750761,68.0,112.0,0.49557522123893805,0.0815347721822542,0.41404044905668386
534,Q8BUR4,,1.0389075493131603,69.0,112.0,0.49557522123893805,0.08273381294964029,0.4128414082892978
535,Q8R2R9,,1.0368690310557616,69.0,112.0,0.49557522123893805,0.08273381294964029,0.4128414082892978
536,Q04857,TP,1.0336034543893677,69.0,112.0,0.49557522123893805,0.08273381294964029,0.4128414082892978
537,Q60634,,1.029251352650462,69.0,113.0,0.5,0.08273381294964029,0.4172661870503597
538,P84309,,1.0282237879050955,69.0,113.0,0.5,0.08273381294964029,0.4172661870503597
539,Q8K4L3,FP,1.024905638867698,69.0,113.0,0.5,0.08273381294964029,0.4172661870503597
540,Q9JMH9,FP,1.0224676238542243,70.0,113.0,0.5,0.08393285371702638,0.4160671462829736
541,Q80VP0,FP,1.0216474985273938,71.0,113.0,0.5,0.08513189448441247,0.4148681055155875
542,O35250,,1.019626564093228,72.0,113.0,0.5,0.08633093525179857,0.4136690647482014
543,Q01279,FP,1.0175433798600233,72.0,113.0,0.5,0.08633093525179857,0.4136690647482014
544,P70245,FP,1.0097917288674987,73.0,113.0,0.5,0.08752997601918465,0.41247002398081534
545,Q8R3H7,,1.0086261374438368,74.0,113.0,0.5,0.08872901678657075,0.41127098321342925
546,B2KF50,,1.0057579655671838,74.0,113.0,0.5,0.08872901678657075,0.41127098321342925
547,Q9ET30,,1.004346495414574,74.0,113.0,0.5,0.08872901678657075,0.41127098321342925
548,A0A087WRT4,,0.9995270585576248,74.0,113.0,0.5,0.08872901678657075,0.41127098321342925
549,P46471,,0.9987992334171856,74.0,113.0,0.5,0.08872901678657075,0.41127098321342925
550,Q8R4W6,TP,0.993990139684877,74.0,113.0,0.5,0.08872901678657075,0.41127098321342925
551,Q9CR89,FP,0.9921104013139052,74.0,114.0,0.504424778761062,0.08872901678657075,0.4156957619744912
552,Q91YD9,FP,0.9860148324198332,75.0,114.0,0.504424778761062,0.08992805755395683,0.4144967212071051
553,P62196,FP,0.984427855174832,76.0,114.0,0.504424778761062,0.09112709832134293,0.41329768043971904
554,O54931,,0.9842856638114087,77.0,114.0,0.504424778761062,0.09232613908872901,0.41209863967233296
555,Q8VE88,,0.9816836831921727,77.0,114.0,0.504424778761062,0.09232613908872901,0.41209863967233296
556,Q8K1M6,,0.9805150576910819,77.0,114.0,0.504424778761062,0.09232613908872901,0.41209863967233296
557,P28301,TP,0.9799545110469055,77.0,114.0,0.504424778761062,0.09232613908872901,0.41209863967233296
558,Q8K2L8,FP,0.9791697128392821,77.0,115.0,0.5088495575221239,0.09232613908872901,0.4165234184333949
559,O88325,,0.9777163477629054,78.0,115.0,0.5088495575221239,0.09352517985611511,0.4153243776660088
560,Q8BGT0,,0.9747300245566393,78.0,115.0,0.5088495575221239,0.09352517985611511,0.4153243776660088
561,P49222,FP,0.9729469362389055,78.0,115.0,0.5088495575221239,0.09352517985611511,0.4153243776660088
562,Q505D9,FP,0.9700700610219134,79.0,115.0,0.5088495575221239,0.09472422062350119,0.41412533689862274
563,O08808,FP,0.9690745424996625,80.0,115.0,0.5088495575221239,0.09592326139088729,0.4129262961312366
564,P51410,,0.9688507193683978,81.0,115.0,0.5088495575221239,0.09712230215827339,0.4117272553638505
565,Q8VHY0,,0.9656735022442874,81.0,115.0,0.5088495575221239,0.09712230215827339,0.4117272553638505
566,Q9CRA5,,0.9636977349091947,81.0,115.0,0.5088495575221239,0.09712230215827339,0.4117272553638505
567,Q5SUH6,,0.9604289623920551,81.0,115.0,0.5088495575221239,0.09712230215827339,0.4117272553638505
568,Q6ZQ93,,0.9574503938141893,81.0,115.0,0.5088495575221239,0.09712230215827339,0.4117272553638505
569,Q8BL65,,0.9574313235522762,81.0,115.0,0.5088495575221239,0.09712230215827339,0.4117272553638505
570,Q6X893,,0.9528687517097556,81.0,115.0,0.5088495575221239,0.09712230215827339,0.4117272553638505
571,P31230,TP,0.952063582016902,81.0,115.0,0.5088495575221239,0.09712230215827339,0.4117272553638505
572,Q61879,,0.949974961610209,81.0,116.0,0.5132743362831859,0.09712230215827339,0.4161520341249125
573,Q80WQ2,,0.9484867232720529,81.0,116.0,0.5132743362831859,0.09712230215827339,0.4161520341249125
574,Q9WTQ5,FP,0.946115812029208,81.0,116.0,0.5132743362831859,0.09712230215827339,0.4161520341249125
575,Q9DBC3,FP,0.9446015246498105,82.0,116.0,0.5132743362831859,0.09832134292565947,0.4149529933575264
576,P49070,,0.9433590177914433,83.0,116.0,0.5132743362831859,0.09952038369304557,0.4137539525901403
577,A2ATK9,,0.939385478014943,83.0,116.0,0.5132743362831859,0.09952038369304557,0.4137539525901403
578,P97379,,0.9383674650238236,83.0,116.0,0.5132743362831859,0.09952038369304557,0.4137539525901403
579,E9PWQ3,,0.9356582292112082,83.0,116.0,0.5132743362831859,0.09952038369304557,0.4137539525901403
580,Q9QXY6,,0.9354884990110509,83.0,116.0,0.5132743362831859,0.09952038369304557,0.4137539525901403
581,Q08761,TP,0.9336302932040985,83.0,116.0,0.5132743362831859,0.09952038369304557,0.4137539525901403
582,Q9CQ19,FP,0.9297515387238728,83.0,117.0,0.5176991150442478,0.09952038369304557,0.41817873135120226
583,Q3TA38,FP,0.9276896639504255,84.0,117.0,0.5176991150442478,0.10071942446043165,0.4169796905838162
584,Q8BGQ1,,0.9274148870140219,85.0,117.0,0.5176991150442478,0.10191846522781775,0.41578064981643004
585,Q8K4G5,FP,0.9227670614476656,85.0,117.0,0.5176991150442478,0.10191846522781775,0.41578064981643004
586,A2AJ15,,0.9201220545955544,86.0,117.0,0.5176991150442478,0.10311750599520383,0.41458160904904395
587,P97873,TP,0.9172266886538144,86.0,117.0,0.5176991150442478,0.10311750599520383,0.41458160904904395
588,P13020,TP,0.915992870266546,86.0,118.0,0.5221238938053098,0.10311750599520383,0.4190063878101059
589,O88685,FP,0.9147970522862964,86.0,119.0,0.5265486725663717,0.10311750599520383,0.42343116657116786
590,Q00724,TP,0.9123389834989378,87.0,119.0,0.5265486725663717,0.10431654676258993,0.4222321258037818
591,P16460,,0.9096866112079327,87.0,120.0,0.5309734513274337,0.10431654676258993,0.42665690456484373
592,Q91VJ2,,0.9094753467528089,87.0,120.0,0.5309734513274337,0.10431654676258993,0.42665690456484373
593,Q69ZH9,,0.9093629151858998,87.0,120.0,0.5309734513274337,0.10431654676258993,0.42665690456484373
594,Q8R4H9,,0.9093445398940851,87.0,120.0,0.5309734513274337,0.10431654676258993,0.42665690456484373
595,Q9CZT5,,0.9004387559959653,87.0,120.0,0.5309734513274337,0.10431654676258993,0.42665690456484373
596,Q91VU0,TP,0.8957701582075711,87.0,120.0,0.5309734513274337,0.10431654676258993,0.42665690456484373
597,Q99PL5,,0.895583580776161,87.0,121.0,0.5353982300884956,0.10431654676258993,0.4310816833259057
598,P17047,,0.895449688744114,87.0,121.0,0.5353982300884956,0.10431654676258993,0.4310816833259057
599,O09012,,0.8931918275870884,87.0,121.0,0.5353982300884956,0.10431654676258993,0.4310816833259057
600,Q922E4,,0.8881199251859383,87.0,121.0,0.5353982300884956,0.10431654676258993,0.4310816833259057
601,Q3U0P5,TP,0.8877044349845955,87.0,121.0,0.5353982300884956,0.10431654676258993,0.4310816833259057
602,Q9DBG5,,0.8876372969786318,87.0,122.0,0.5398230088495575,0.10431654676258993,0.4355064620869675
603,P53995,,0.8862765595073603,87.0,122.0,0.5398230088495575,0.10431654676258993,0.4355064620869675
604,Q02788,TP,0.8848351982372435,87.0,122.0,0.5398230088495575,0.10431654676258993,0.4355064620869675
605,Q4QQM4,,0.8838863334936325,87.0,123.0,0.5442477876106194,0.10431654676258993,0.4399312408480295
606,Q3U9G9,FP,0.8782164210904959,87.0,123.0,0.5442477876106194,0.10431654676258993,0.4399312408480295
607,E9Q238,,0.8747007546421993,88.0,123.0,0.5442477876106194,0.10551558752997602,0.4387322000806434
608,O88393,TP,0.8746179822178721,88.0,123.0,0.5442477876106194,0.10551558752997602,0.4387322000806434
609,P55065,TP,0.8733123864157828,88.0,124.0,0.5486725663716814,0.10551558752997602,0.44315697884170535
610,P61290,FP,0.8732054743876667,88.0,125.0,0.5530973451327433,0.10551558752997602,0.4475817576027673
611,P36371,,0.8719854983988563,89.0,125.0,0.5530973451327433,0.10671462829736211,0.4463827168353812
612,O70228,,0.8713570727919074,89.0,125.0,0.5530973451327433,0.10671462829736211,0.4463827168353812
613,Q99LM2,FP,0.8708759905710389,89.0,125.0,0.5530973451327433,0.10671462829736211,0.4463827168353812
614,Q5SYL3,TP,0.8700785357285026,90.0,125.0,0.5530973451327433,0.1079136690647482,0.44518367606799514
615,Q3UVK0,FP,0.8696364552762218,90.0,126.0,0.5575221238938053,0.1079136690647482,0.4496084548290571
616,O35114,,0.8657509889428938,91.0,126.0,0.5575221238938053,0.1091127098321343,0.448409414061671
617,Q8VC04,,0.8656539801309121,91.0,126.0,0.5575221238938053,0.1091127098321343,0.448409414061671
618,Q03350,,0.8633105677990582,91.0,126.0,0.5575221238938053,0.1091127098321343,0.448409414061671
619,Q9CY27,,0.8602501104823708,91.0,126.0,0.5575221238938053,0.1091127098321343,0.448409414061671
620,Q8R1U1,,0.8601784369181753,91.0,126.0,0.5575221238938053,0.1091127098321343,0.448409414061671
621,Q9CQC8,,0.8598862094880984,91.0,126.0,0.5575221238938053,0.1091127098321343,0.448409414061671
622,B2RXS4,,0.8574923100529181,91.0,126.0,0.5575221238938053,0.1091127098321343,0.448409414061671
623,Q8BRF7,,0.8574444481159236,91.0,126.0,0.5575221238938053,0.1091127098321343,0.448409414061671
624,Q6IFZ6,,0.8518630502257963,91.0,126.0,0.5575221238938053,0.1091127098321343,0.448409414061671
625,P29788,TP,0.8484331911206636,91.0,126.0,0.5575221238938053,0.1091127098321343,0.448409414061671
626,F8VQ05,,0.8463458315014841,91.0,127.0,0.5619469026548672,0.1091127098321343,0.45283419282273296
627,Q8QZR5,,0.8454030345264009,91.0,127.0,0.5619469026548672,0.1091127098321343,0.45283419282273296
628,Q8BGS7,FP,0.844703724306562,91.0,127.0,0.5619469026548672,0.1091127098321343,0.45283419282273296
629,E9QKE4,,0.8440870290507879,92.0,127.0,0.5619469026548672,0.11031175059952038,0.4516351520553469
630,Q9WVC3,FP,0.8440777254644362,92.0,127.0,0.5619469026548672,0.11031175059952038,0.4516351520553469
631,Q9D517,FP,0.8435894363059943,93.0,127.0,0.5619469026548672,0.11151079136690648,0.4504361112879608
632,Q3UDW8,,0.842871154839063,94.0,127.0,0.5619469026548672,0.11270983213429256,0.4492370705205747
633,Q8BZ47,FP,0.8406312123417836,94.0,127.0,0.5619469026548672,0.11270983213429256,0.4492370705205747
634,Q8CFJ9,,0.8398759259278513,95.0,127.0,0.5619469026548672,0.11390887290167866,0.44803802975318857
635,P97298,TP,0.8383675031250235,95.0,127.0,0.5619469026548672,0.11390887290167866,0.44803802975318857
636,P59016,,0.835506316287021,95.0,128.0,0.5663716814159292,0.11390887290167866,0.4524628085142505
637,Q8VE11,,0.8346341363278689,95.0,128.0,0.5663716814159292,0.11390887290167866,0.4524628085142505
638,P18052,,0.8343423163405127,95.0,128.0,0.5663716814159292,0.11390887290167866,0.4524628085142505
639,Q62230,TP,0.8327996870958505,95.0,128.0,0.5663716814159292,0.11390887290167866,0.4524628085142505
640,Q3UTJ2,FP,0.8323778122164861,95.0,129.0,0.5707964601769911,0.11390887290167866,0.4568875872753125
641,Q9WTW5,,0.8301579929642621,96.0,129.0,0.5707964601769911,0.11510791366906475,0.4556885465079264
642,Q9D7V9,,0.8299343965038717,96.0,129.0,0.5707964601769911,0.11510791366906475,0.4556885465079264
643,P03953,TP,0.8284376170866516,96.0,129.0,0.5707964601769911,0.11510791366906475,0.4556885465079264
644,Q8C033,,0.8278688213767256,96.0,130.0,0.5752212389380531,0.11510791366906475,0.46011332526898835
645,P10922,FP,0.8273733101735832,96.0,130.0,0.5752212389380531,0.11510791366906475,0.46011332526898835
646,Q8VDP6,,0.8257265514247462,97.0,130.0,0.5752212389380531,0.11630695443645084,0.45891428450160227
647,Q8BH80,,0.8228752614082383,97.0,130.0,0.5752212389380531,0.11630695443645084,0.45891428450160227
648,Q9DC16,,0.8184811326509297,97.0,130.0,0.5752212389380531,0.11630695443645084,0.45891428450160227
649,P70268,FP,0.817857104203037,97.0,130.0,0.5752212389380531,0.11630695443645084,0.45891428450160227
650,Q61285,,0.8115977313644643,98.0,130.0,0.5752212389380531,0.11750599520383694,0.4577152437342162
651,P16546,FP,0.8111098677425549,98.0,130.0,0.5752212389380531,0.11750599520383694,0.4577152437342162
652,P14824,,0.8109219903264601,99.0,130.0,0.5752212389380531,0.11870503597122302,0.4565162029668301
653,O88587,,0.8101713892710055,99.0,130.0,0.5752212389380531,0.11870503597122302,0.4565162029668301
654,Q3UHX2,,0.8070161570961724,99.0,130.0,0.5752212389380531,0.11870503597122302,0.4565162029668301
655,E9Q7M2,FP,0.8063033172151781,99.0,130.0,0.5752212389380531,0.11870503597122302,0.4565162029668301
656,P54763,,0.8041190573188381,100.0,130.0,0.5752212389380531,0.11990407673860912,0.45531716219944396
657,Q61206,,0.8032327650744994,100.0,130.0,0.5752212389380531,0.11990407673860912,0.45531716219944396
658,Q9CYH2,TP,0.8029795967977681,100.0,130.0,0.5752212389380531,0.11990407673860912,0.45531716219944396
659,Q9D5V6,,0.8021916588429937,100.0,131.0,0.5796460176991151,0.11990407673860912,0.4597419409605059
660,Q9WVH9,TP,0.7982584388658056,100.0,131.0,0.5796460176991151,0.11990407673860912,0.4597419409605059
661,Q8R3I3,,0.7963588634466766,100.0,132.0,0.584070796460177,0.11990407673860912,0.46416671972156787
662,Q8VBT0,,0.7883637957647537,100.0,132.0,0.584070796460177,0.11990407673860912,0.46416671972156787
663,Q8BTV1,,0.7866238771067852,100.0,132.0,0.584070796460177,0.11990407673860912,0.46416671972156787
664,Q8R1J9,,0.7856120270931602,100.0,132.0,0.584070796460177,0.11990407673860912,0.46416671972156787
665,Q5DTX6,,0.7791989433877573,100.0,132.0,0.584070796460177,0.11990407673860912,0.46416671972156787
666,Q8K1E6,FP,0.7788283380508733,100.0,132.0,0.584070796460177,0.11990407673860912,0.46416671972156787
667,O70572,,0.7778474875081614,101.0,132.0,0.584070796460177,0.1211031175059952,0.4629676789541818
668,Q8BU30,,0.777527952243116,101.0,132.0,0.584070796460177,0.1211031175059952,0.4629676789541818
669,Q9Z329,,0.7758803145665083,101.0,132.0,0.584070796460177,0.1211031175059952,0.4629676789541818
670,Q8BUK6,FP,0.7739461724446698,101.0,132.0,0.584070796460177,0.1211031175059952,0.4629676789541818
671,O08917,,0.7712030813488954,102.0,132.0,0.584070796460177,0.1223021582733813,0.4617686381867957
672,Q9R0E2,,0.7710510532009708,102.0,132.0,0.584070796460177,0.1223021582733813,0.4617686381867957
673,Q9JM51,,0.7696745641110456,102.0,132.0,0.584070796460177,0.1223021582733813,0.4617686381867957
674,Q99JY3,,0.767263341957786,102.0,132.0,0.584070796460177,0.1223021582733813,0.4617686381867957
675,Q9JID9,,0.7672023919770246,102.0,132.0,0.584070796460177,0.1223021582733813,0.4617686381867957
676,Q9CZX0,FP,0.766199279273253,102.0,132.0,0.584070796460177,0.1223021582733813,0.4617686381867957
677,Q91W92,FP,0.7660535481571231,103.0,132.0,0.584070796460177,0.12350119904076738,0.4605695974194096
678,B2RXC1,,0.7642604944166831,104.0,132.0,0.584070796460177,0.12470023980815348,0.45937055665202353
679,P62192,FP,0.7641199981584007,104.0,132.0,0.584070796460177,0.12470023980815348,0.45937055665202353
680,Q9JIG7,,0.7638738339471784,105.0,132.0,0.584070796460177,0.12589928057553956,0.45817151588463745
681,P46978,,0.7584459056446433,105.0,132.0,0.584070796460177,0.12589928057553956,0.45817151588463745
682,Q9DD06,TP,0.756690529960513,105.0,132.0,0.584070796460177,0.12589928057553956,0.45817151588463745
683,Q99J56,,0.7554481153585759,105.0,133.0,0.588495575221239,0.12589928057553956,0.4625962946456994
684,Q8K4Q8,,0.7526819809486225,105.0,133.0,0.588495575221239,0.12589928057553956,0.4625962946456994
685,O55003,,0.752285277647914,105.0,133.0,0.588495575221239,0.12589928057553956,0.4625962946456994
686,Q6PHZ2,,0.7510186650722296,105.0,133.0,0.588495575221239,0.12589928057553956,0.4625962946456994
687,P21958,,0.7495320772424835,105.0,133.0,0.588495575221239,0.12589928057553956,0.4625962946456994
688,Q9ERU9,FP,0.7492776088814731,105.0,133.0,0.588495575221239,0.12589928057553956,0.4625962946456994
689,Q99N32,,0.7476261407743133,106.0,133.0,0.588495575221239,0.12709832134292565,0.4613972538783133
690,Q8BJU0,FP,0.7470888800051013,106.0,133.0,0.588495575221239,0.12709832134292565,0.4613972538783133
691,P54775,FP,0.7458378758954295,107.0,133.0,0.588495575221239,0.12829736211031176,0.46019821311092723
692,P46735,,0.7457435563834869,108.0,133.0,0.588495575221239,0.12949640287769784,0.45899917234354115
693,P56564,,0.7439113062197802,108.0,133.0,0.588495575221239,0.12949640287769784,0.45899917234354115
694,Q9DCT8,FP,0.7437690636718819,108.0,133.0,0.588495575221239,0.12949640287769784,0.45899917234354115
695,E9PVY8,,0.7434225200151426,109.0,133.0,0.588495575221239,0.13069544364508393,0.45780013157615507
696,P10810,TP,0.7417877329248502,109.0,133.0,0.588495575221239,0.13069544364508393,0.45780013157615507
697,Q9JJ28,FP,0.7399355822637467,109.0,134.0,0.5929203539823009,0.13069544364508393,0.462224910337217
698,Q91ZU6,FP,0.7397903044484575,110.0,134.0,0.5929203539823009,0.13189448441247004,0.4610258695698309
699,Q6PDG5,FP,0.7375468549258065,111.0,134.0,0.5929203539823009,0.13309352517985612,0.4598268288024448
700,Q920Q8,FP,0.7371622929799521,112.0,134.0,0.5929203539823009,0.1342925659472422,0.4586277880350587
701,Q8BGQ7,,0.7362719650481734,113.0,134.0,0.5929203539823009,0.1354916067146283,0.45742874726767263
702,Q6ZQ08,FP,0.7354139508010326,113.0,134.0,0.5929203539823009,0.1354916067146283,0.45742874726767263
703,Q9QXY9,,0.735272073632793,114.0,134.0,0.5929203539823009,0.1366906474820144,0.4562297065002865
704,O08543,,0.7332912828673801,114.0,134.0,0.5929203539823009,0.1366906474820144,0.4562297065002865
705,Q91ZV4,,0.7331096134979401,114.0,134.0,0.5929203539823009,0.1366906474820144,0.4562297065002865
706,Q8BH79,,0.7322909354019869,114.0,134.0,0.5929203539823009,0.1366906474820144,0.4562297065002865
707,Q9ESK9,FP,0.7322483886942,114.0,134.0,0.5929203539823009,0.1366906474820144,0.4562297065002865
708,Q61730,TP,0.731720991488221,115.0,134.0,0.5929203539823009,0.13788968824940048,0.4550306657329004
709,P98086,TP,0.7294927968472738,115.0,135.0,0.5973451327433629,0.13788968824940048,0.45945544449396236
710,Q63918,,0.7267073307057081,115.0,136.0,0.6017699115044248,0.13788968824940048,0.4638802232550243
711,A2ARP1,,0.7264251015220341,115.0,136.0,0.6017699115044248,0.13788968824940048,0.4638802232550243
712,Q8VCB3,,0.7247016575055734,115.0,136.0,0.6017699115044248,0.13788968824940048,0.4638802232550243
713,Q543K9,,0.7229601869996589,115.0,136.0,0.6017699115044248,0.13788968824940048,0.4638802232550243
714,Q59IW6,,0.7225713496697154,115.0,136.0,0.6017699115044248,0.13788968824940048,0.4638802232550243
715,F8VQL0,,0.7177109783139538,115.0,136.0,0.6017699115044248,0.13788968824940048,0.4638802232550243
716,Q5SYD0,,0.7174982052461591,115.0,136.0,0.6017699115044248,0.13788968824940048,0.4638802232550243
717,Q9EQ08,,0.7174335102794629,115.0,136.0,0.6017699115044248,0.13788968824940048,0.4638802232550243
718,Q99LF4,FP,0.7160896859415159,115.0,136.0,0.6017699115044248,0.13788968824940048,0.4638802232550243
719,P62334,FP,0.7157698117063173,116.0,136.0,0.6017699115044248,0.13908872901678657,0.46268118248763823
720,B1AVY7,FP,0.7152700535186892,117.0,136.0,0.6017699115044248,0.14028776978417265,0.46148214172025215
721,Q64378,FP,0.7138598403109295,118.0,136.0,0.6017699115044248,0.14148681055155876,0.46028310095286606
722,Q61702,TP,0.7121333755861742,119.0,136.0,0.6017699115044248,0.14268585131894485,0.45908406018548
723,P58021,FP,0.7085213013055858,119.0,137.0,0.6061946902654868,0.14268585131894485,0.46350883894654193
724,E9QL10,,0.706192176967061,120.0,137.0,0.6061946902654868,0.14388489208633093,0.46230979817915585
725,Q9WTI7,FP,0.7037621952991476,120.0,137.0,0.6061946902654868,0.14388489208633093,0.46230979817915585
726,O08538,TP,0.7022659404086223,121.0,137.0,0.6061946902654868,0.145083932853717,0.46111075741176977
