uniprot_id,description,pep_num,annotation,ctrl_turbo(-)_1,ctrl_turbo(-)_2,ctrl_turbo(+)_1,ctrl_turbo(+)_2,ctrl_turbo(+)_3,fast_turbo(-)_1,fast_turbo(-)_2,fast_turbo(+)_1,fast_turbo(+)_2,fast_turbo(+)_3,LPS_turbo(-)_1,LPS_turbo(-)_2,LPS_turbo(+)_1,LPS_turbo(+)_2,LPS_turbo(+)_3,LPS_turbo(+)_4
P07724,Alb Serum albumin,47,TP,32655030.0,6319356.0,8745204.0,15072578.0,37950645.0,11887142.0,25394087.0,9987259.0,27063785.0,13948928.0,18028133.0,44511833.0,18023587.0,36082402.0,20363811.0,34942199.0
Q8VCM7,Fgg Fibrinogen gamma chain,26,TP,1836634.0,2141121.0,1484277.0,2714843.0,3319017.0,2839811.0,2747769.0,2405791.0,1708540.0,1599160.0,4300811.0,3408718.0,3389186.0,3788171.0,2272083.0,2272176.0
P01837,Ig kappa chain C region,5,,496153.0,364030.0,265235.0,455775.0,255432.0,175675.0,600537.0,231154.0,825175.0,242712.0,1486583.0,296681.0,633790.0,817437.0,893825.0,759843.0
Q921I1,Tf Serotransferrin,2,TP,34997.0,16826.0,59645.0,241362.0,383233.0,16803.0,53123.0,37783.0,48665.0,54347.0,31965.0,106141.0,129476.0,194191.0,55903.0,207726.0
P33622,Apoc3 Apolipoprotein C-III,3,TP,60829.0,20549.0,31785.0,36109.0,124839.0,25363.0,52987.0,31375.0,56664.0,40796.0,134608.0,207395.0,87368.0,194138.0,83182.0,126768.0
Q8K0E8,Fgb Fibrinogen beta chain,28,TP,4451366.0,4916717.0,3401779.0,6567433.0,6335598.0,6360392.0,6422797.0,5076081.0,3907635.0,3138452.0,8086175.0,7862195.0,6441909.0,8405964.0,5289396.0,5122608.0
Q8K426,"Retnlg Resistin like gamma, isoform CRA_a",5,TP,64662.0,142010.0,65021.0,79414.0,234878.0,319299.0,372154.0,116063.0,321355.0,235332.0,200020.0,82650.0,197117.0,149824.0,62090.0,62906.0
A8DUK4,Hbbt1 Protein Hbb-bs,7,,134229.0,51779.0,244629.0,379316.0,374218.0,108600.0,193945.0,264208.0,192345.0,290994.0,158630.0,285645.0,185441.0,328746.0,282130.0,221427.0
E9PV24,Fga Fibrinogen alpha chain,32,TP,3332196.0,4203135.0,2429259.0,5473409.0,3559722.0,4170865.0,5494194.0,3256797.0,2570266.0,2316318.0,6378923.0,4631558.0,4447440.0,5047741.0,3410285.0,3165763.0
A0A0G2JE99,Iglc1 Protein Iglc1,3,,44788.0,26954.0,20388.0,31159.0,32491.0,9694.0,46194.0,9665.0,56660.0,20339.0,288741.0,38049.0,38875.0,81773.0,67123.0,82327.0
Q61646,Hp Haptoglobin,13,TP,214478.0,86846.0,101272.0,416284.0,244936.0,105091.0,162021.0,97399.0,145411.0,137994.0,465101.0,729937.0,1984486.0,2472700.0,1311498.0,2690646.0
A0A0A6YXN4,Ighv1-18 Protein Ighv1-18,3,,36984.0,43562.0,15516.0,34721.0,24347.0,21056.0,16439.0,18811.0,25362.0,18315.0,98251.0,36288.0,30258.0,32090.0,17159.0,62790.0
P01027,C3 Complement C3,58,TP,1834217.0,716692.0,1704900.0,7259114.0,9834800.0,908349.0,1691295.0,1130887.0,2112625.0,1862569.0,3133224.0,9160918.0,5607439.0,9788784.0,5239777.0,8967034.0
P21614,Gc Vitamin D-binding protein,15,TP,166311.0,51397.0,63979.0,109145.0,239706.0,55006.0,162818.0,70425.0,172077.0,87805.0,140170.0,464905.0,187098.0,308543.0,227552.0,366683.0
P60710,"Actb Actin, cytoplasmic 1",6,FP,90952.0,38802.0,53918.0,85634.0,170588.0,64281.0,85021.0,42665.0,89162.0,74129.0,201679.0,118846.0,245430.0,311133.0,97939.0,179979.0
P07309,Ttr Transthyretin,4,TP,129217.0,34879.0,39559.0,49442.0,273366.0,35376.0,89243.0,36640.0,79467.0,41381.0,78929.0,173203.0,105189.0,153086.0,105854.0,117231.0
A0A075B5P3,Ighg2b Protein Ighg2b,8,,145658.0,125428.0,52465.0,109416.0,89018.0,93981.0,97161.0,104762.0,120464.0,75513.0,169545.0,194865.0,124329.0,190777.0,227294.0,242965.0
P11276,Fn1 Fibronectin,59,TP,1102719.0,900270.0,592679.0,993730.0,2186545.0,1212195.0,1088580.0,994552.0,1251747.0,985908.0,3932427.0,6669229.0,4083435.0,4932510.0,3080428.0,4121216.0
P01029,C4b Complement C4-B,49,TP,500441.0,456439.0,5243718.0,21392109.0,25225283.0,484225.0,1660757.0,3506391.0,4673814.0,8439716.0,1041552.0,1430811.0,13207162.0,18793267.0,4202540.0,13918291.0
P06909,Cfh Complement factor H,32,TP,237495.0,153903.0,517289.0,1915793.0,2604006.0,197484.0,370651.0,570982.0,926931.0,833997.0,362490.0,548240.0,1780010.0,1889037.0,654561.0,1429341.0
Q91X72,Hpx Hemopexin,15,TP,327495.0,74472.0,90896.0,140666.0,420600.0,95312.0,289707.0,104850.0,213931.0,147920.0,609639.0,2470801.0,1323116.0,1619149.0,1181438.0,1383174.0
P29699,Ahsg Alpha-2-HS-glycoprotein,4,TP,214784.0,85749.0,67404.0,153402.0,262826.0,81900.0,337827.0,72304.0,334825.0,133503.0,357027.0,420586.0,278369.0,518490.0,418526.0,559141.0
Q00897,Serpina1d Alpha-1-antitrypsin 1-4,6,TP,323246.0,82296.0,144019.0,209867.0,710565.0,184580.0,331501.0,222812.0,387965.0,190668.0,202491.0,754072.0,374227.0,532085.0,286778.0,525520.0
Q03734,Serpina3m Serine protease inhibitor A3M,6,TP,46757.0,32861.0,39097.0,53264.0,103734.0,78448.0,70044.0,22027.0,65801.0,72248.0,163160.0,539872.0,408730.0,423926.0,185008.0,363673.0
P08226,Apoe Apolipoprotein E,8,TP,54279.0,20814.0,57240.0,260496.0,340694.0,19477.0,42508.0,43406.0,110496.0,74524.0,64540.0,205219.0,217235.0,258204.0,136495.0,197604.0
Q8VDD5,Myh9 Myosin-9,56,,1048276.0,517134.0,1192390.0,1323042.0,3655865.0,2036447.0,1681946.0,924507.0,1621352.0,647815.0,4802155.0,1842375.0,4109897.0,4987569.0,1076380.0,2111154.0
Q61838,Pzp Pregnancy zone protein,40,TP,2905836.0,1108103.0,1353919.0,2147095.0,5042944.0,1747171.0,2660934.0,1864172.0,3172592.0,1997814.0,3957060.0,8570257.0,4964249.0,7501677.0,4478316.0,5790944.0
P28665,Mug1 Murinoglobulin-1,18,TP,765018.0,370263.0,761097.0,1622791.0,1195655.0,525279.0,1400341.0,981718.0,1714313.0,1290920.0,878001.0,885888.0,685178.0,1681644.0,1066519.0,1845343.0
G3X8T9,"Serpina3n Serine (Or cysteine) peptidase inhibitor, clade A, member 3N, isoform CRA_a",8,,455801.0,231251.0,1753470.0,5118031.0,6133448.0,282213.0,724942.0,2062322.0,1926014.0,2537582.0,1987600.0,5570446.0,29122682.0,40674597.0,11679821.0,22953374.0
P22599,Serpina1b Alpha-1-antitrypsin 1-2,4,TP,267548.0,43840.0,66496.0,175309.0,886064.0,94629.0,163323.0,171747.0,264460.0,176661.0,192370.0,1846197.0,425256.0,569689.0,332746.0,811770.0
Q80YQ1,Thbs1 Thrombospondin-1,32,,847208.0,347813.0,664034.0,590152.0,1903969.0,1519287.0,1510836.0,475692.0,2485913.0,1141828.0,2375502.0,448666.0,1362656.0,1687169.0,305563.0,471505.0
A0A075B5U7,Ighv1-22 Protein Ighv1-22,1,,774.0,914.0,1391.0,1520.0,4717.0,1643.0,807.0,1499.0,1735.0,290.0,13356.0,1348.0,5460.0,4621.0,1779.0,3088.0
A0A075B5Y3,Ighv1-80 Protein Ighv1-80,1,,1920.0,625.0,2874.0,1117.0,6775.0,710.0,1878.0,6366.0,5226.0,2780.0,4036.0,2103.0,12575.0,1705.0,1674.0,1513.0
Q00623,Apoa1 Apolipoprotein A-I,10,TP,1728323.0,414234.0,692740.0,869563.0,3757447.0,613141.0,2035595.0,900575.0,1645611.0,1221198.0,1466756.0,4741000.0,2111533.0,3565569.0,1819781.0,3206735.0
P07759,Serpina3k Serine protease inhibitor A3K,6,TP,919332.0,158830.0,328121.0,594832.0,994025.0,264176.0,636914.0,358926.0,645144.0,413798.0,579367.0,1753160.0,935774.0,1615791.0,1174539.0,1882874.0
Q8K182,C8a Complement component C8 alpha chain,10,TP,79485.0,50824.0,45138.0,71298.0,141269.0,46569.0,79237.0,54518.0,62341.0,56452.0,83046.0,127766.0,91540.0,148403.0,81812.0,106402.0
O09164,Sod3 Extracellular superoxide dismutase,7,TP,30283.0,20677.0,239934.0,779450.0,1132696.0,22379.0,93456.0,123260.0,260113.0,246131.0,43713.0,51828.0,500709.0,639722.0,169893.0,683068.0
O08677,Kng1 Kininogen-1,18,TP,1669938.0,1890828.0,1116596.0,1978816.0,2731703.0,1305311.0,1838561.0,659476.0,1891754.0,1277869.0,2270606.0,2088552.0,3443110.0,3327102.0,2051821.0,2713316.0
Q99P87,Retn Resistin,1,TP,576.0,1223.0,5749.0,8204.0,28647.0,1203.0,2935.0,3674.0,1918.0,3834.0,1661.0,2295.0,5962.0,12513.0,2896.0,5237.0
P06728,Apoa4 Apolipoprotein A-IV,11,TP,243166.0,106452.0,111125.0,166689.0,473904.0,132118.0,414663.0,190784.0,293742.0,240051.0,255364.0,760840.0,476977.0,733069.0,352394.0,494149.0
A0A075B5R2,Ighv7-3 Protein Ighv7-3,3,,9246.0,8290.0,11547.0,14814.0,15180.0,11688.0,13254.0,11623.0,16264.0,6629.0,46892.0,6835.0,18202.0,15420.0,15294.0,12688.0
E9Q6D8,C6 Protein C6,17,TP,74077.0,62742.0,514622.0,1318075.0,1657301.0,66235.0,166542.0,507743.0,575954.0,698847.0,113324.0,164298.0,827800.0,1577689.0,375562.0,715479.0
Q8BPB5,Efemp1 EGF-containing fibulin-like extracellular matrix protein 1,11,TP,24957.0,24610.0,94215.0,193028.0,356229.0,17034.0,38735.0,50240.0,119583.0,117105.0,30678.0,31861.0,116886.0,174118.0,49905.0,112294.0
A0A075B5R5,Ighv4-1 Protein Ighv4-1,2,,5963.0,6999.0,4720.0,11045.0,11042.0,8925.0,4944.0,7827.0,11947.0,8265.0,15126.0,29073.0,18654.0,14275.0,8968.0,8715.0
A6X935,"Itih4 Inter alpha-trypsin inhibitor, heavy chain 4",22,TP,595614.0,479966.0,275528.0,528254.0,553244.0,353161.0,604914.0,163265.0,468869.0,286634.0,1799957.0,2442896.0,1928019.0,2964189.0,1549203.0,2179237.0
P20918,Plg Plasminogen,17,TP,148127.0,66451.0,62986.0,105236.0,264724.0,97453.0,179748.0,91605.0,175645.0,104534.0,208643.0,252297.0,205399.0,326212.0,158209.0,254190.0
A0A075B5Y4,Ighv1-81 Protein Ighv1-81,2,,4338.0,913.0,1894.0,1991.0,2387.0,2322.0,3880.0,2684.0,3718.0,910.0,3574.0,6155.0,2983.0,3627.0,2891.0,4198.0
P29621,Serpina3c Serine protease inhibitor A3C,6,TP,28357.0,24376.0,210713.0,604833.0,782162.0,29457.0,78336.0,105904.0,241129.0,184146.0,52000.0,43895.0,378523.0,554406.0,184734.0,383962.0
P97290,Serping1 Plasma protease C1 inhibitor,9,TP,78886.0,42003.0,626137.0,1147290.0,2330123.0,28037.0,132980.0,770951.0,996683.0,1114005.0,191452.0,290905.0,2375181.0,3605658.0,642117.0,1411183.0
A0A075B5S2,Ighv7-1 Protein Ighv7-1,3,,30512.0,32551.0,23303.0,80751.0,28205.0,23864.0,36526.0,21031.0,32390.0,31492.0,43909.0,21686.0,32792.0,40636.0,30474.0,36584.0
Q61147,Cp Ceruloplasmin,25,TP,250458.0,111371.0,597655.0,1604833.0,2203274.0,113241.0,279981.0,452710.0,835475.0,791056.0,410185.0,661090.0,2356852.0,3855189.0,1205459.0,2288053.0
E9QPD7,Pcx Pyruvate carboxylase,26,,228190.0,306074.0,967573.0,865654.0,233828.0,295743.0,619905.0,1193436.0,424090.0,172494.0,676117.0,770284.0,1363248.0,688001.0,1027619.0,695292.0
A0A075B6A0,Ighm Ig mu chain C region,12,,435137.0,273344.0,322038.0,518999.0,1118568.0,372660.0,459783.0,450634.0,601545.0,301425.0,2489548.0,414663.0,1311862.0,1274551.0,614757.0,483607.0
Q00898,Serpina1e Alpha-1-antitrypsin 1-5,4,TP,794895.0,158285.0,248126.0,514799.0,811421.0,148856.0,507386.0,234013.0,394167.0,266595.0,508561.0,1591028.0,690796.0,1219067.0,895559.0,1352075.0
Q8BTM8,Flna Filamin-A,43,,372242.0,137080.0,209941.0,396812.0,1567176.0,907600.0,437577.0,233653.0,518337.0,186157.0,1465994.0,742011.0,1611300.0,2026268.0,253111.0,514617.0
P01898,"H2-Q10 H-2 class I histocompatibility antigen, Q10 alpha chain",5,,48184.0,33907.0,15496.0,33919.0,108944.0,32690.0,31341.0,21111.0,35141.0,28593.0,46480.0,95052.0,50951.0,78955.0,34819.0,59385.0
A0A0A6YWX0,Ighv1-19 Protein Ighv1-19,1,,0.0,1199.0,1643.0,1069.0,2317.0,1122.0,1140.0,1475.0,726.0,1131.0,4348.0,3020.0,1379.0,2417.0,0.0,1716.0
Q91ZA3,"Pcca Propionyl-CoA carboxylase alpha chain, mitochondrial",14,FP,156406.0,187738.0,323363.0,373895.0,246702.0,375234.0,369647.0,779220.0,519415.0,185686.0,1002763.0,636881.0,3556132.0,436823.0,607505.0,421263.0
Q9ESB3,Hrg Histidine-rich glycoprotein,9,TP,438891.0,549408.0,310398.0,500517.0,988856.0,854214.0,1070424.0,753392.0,764487.0,566586.0,1140255.0,1020067.0,999332.0,1113726.0,649459.0,616153.0
Q8BH61,F13a1 Coagulation factor XIII A chain,18,TP,579564.0,771887.0,488740.0,1090637.0,786650.0,900917.0,1137296.0,594347.0,589247.0,509220.0,628546.0,246869.0,296175.0,432850.0,196993.0,232791.0
P07758,Serpina1a Alpha-1-antitrypsin 1-1,3,TP,163107.0,45673.0,75430.0,124578.0,245446.0,66562.0,123102.0,73757.0,190712.0,76226.0,149640.0,434401.0,180653.0,318006.0,230014.0,434690.0
Q99MN9,"Pccb Propionyl-CoA carboxylase beta chain, mitochondrial",7,FP,13128.0,13542.0,28635.0,45688.0,30697.0,26113.0,26702.0,49043.0,39712.0,13652.0,94528.0,43970.0,425176.0,45450.0,50416.0,54994.0
A0A0A6YY38,Ighv1-42 Protein Ighv1-42,1,,7160.0,3992.0,2887.0,4607.0,7407.0,3935.0,4821.0,4479.0,4954.0,5817.0,8105.0,8533.0,6520.0,6773.0,3765.0,4358.0
Q8BH35,C8b Complement component C8 beta chain,9,TP,201587.0,99405.0,109064.0,241538.0,431526.0,155725.0,226009.0,147054.0,196568.0,126849.0,211730.0,398564.0,211193.0,393908.0,211429.0,284392.0
Q4LDF6,Cfhr2 Putative complement factor H-related protein B,1,,961.0,1259.0,1945.0,2476.0,7689.0,1851.0,1948.0,2386.0,1230.0,1517.0,2461.0,3816.0,3069.0,5065.0,2899.0,3028.0
P14106,C1qb Complement C1q subcomponent subunit B,5,TP,88318.0,79563.0,80336.0,163700.0,154693.0,65676.0,72491.0,130685.0,110232.0,57229.0,284590.0,235978.0,220256.0,328440.0,89945.0,267569.0
P08607,C4bpa C4b-binding protein,10,TP,57536.0,41297.0,120376.0,328081.0,438672.0,66741.0,84450.0,131422.0,132725.0,126505.0,130122.0,166868.0,941579.0,1046098.0,301205.0,275813.0
Q91VB8,Hba-a2 Hemoglobin subunit alpha,3,,49294.0,18240.0,75916.0,205315.0,262362.0,40919.0,90026.0,121212.0,78800.0,84117.0,81717.0,151268.0,90653.0,190263.0,117295.0,106762.0
A0A075B5R6,Ighv11-1 Protein Ighv11-1,1,,4585.0,3035.0,2670.0,5063.0,3677.0,3115.0,4726.0,3493.0,4279.0,2503.0,12465.0,5067.0,5205.0,7091.0,2532.0,3692.0
A0A075B5L1,Igkv10-94 Protein Igkv10-94,1,,770.0,0.0,0.0,594.0,0.0,738.0,0.0,0.0,0.0,0.0,759.0,0.0,970.0,710.0,0.0,0.0
P32261,Serpinc1 Antithrombin-III,8,TP,135948.0,54324.0,68215.0,115818.0,298287.0,68231.0,136374.0,69633.0,163193.0,91873.0,123484.0,326744.0,209522.0,323512.0,180840.0,287821.0
A0A0B4J1I9,Igkv4-55 Protein Igkv4-55,1,,1263.0,1144.0,0.0,610.0,4449.0,0.0,805.0,3946.0,1706.0,0.0,3980.0,2044.0,742.0,1009.0,0.0,1761.0
Q60994,Adipoq Adiponectin,6,TP,45300.0,29994.0,274953.0,569565.0,1687758.0,10207.0,89194.0,205708.0,262303.0,324482.0,56026.0,101158.0,271851.0,428764.0,109635.0,529658.0
Q8VCG4,C8g Complement component C8 gamma chain,3,TP,19400.0,11913.0,11827.0,21398.0,28052.0,11332.0,20613.0,11059.0,20599.0,15039.0,24914.0,30275.0,18957.0,37053.0,24728.0,29013.0
P19221,F2 Prothrombin,10,,119551.0,58860.0,50685.0,84783.0,206034.0,54402.0,91935.0,64662.0,84105.0,65364.0,98541.0,274474.0,138821.0,202885.0,136745.0,200814.0
Q07456,Ambp Protein AMBP,4,TP,62566.0,21991.0,18324.0,41779.0,75662.0,32420.0,50893.0,28707.0,54549.0,45359.0,105750.0,271524.0,160023.0,222123.0,152452.0,114566.0
Q02257,Jup Junction plakoglobin,10,,100710.0,124307.0,74312.0,138656.0,121677.0,64284.0,145681.0,107969.0,143329.0,135753.0,196479.0,89470.0,128794.0,184611.0,86061.0,128629.0
Q8CIZ8,Vwf von Willebrand factor,45,TP,1056362.0,221833.0,223940.0,516183.0,1544110.0,482210.0,746839.0,247228.0,1590708.0,673923.0,3162729.0,2674044.0,3185974.0,4284348.0,2527690.0,3020864.0
A0A140T8M3,Igkv8-30 Protein Igkv8-30,2,,14717.0,9073.0,11377.0,15935.0,24305.0,21471.0,26192.0,44690.0,27577.0,13346.0,83926.0,23721.0,72529.0,61793.0,37363.0,38300.0
P41317,Mbl2 Mannose-binding protein C,4,TP,58779.0,51733.0,100673.0,132284.0,207091.0,38751.0,51960.0,47553.0,71778.0,53352.0,80266.0,62985.0,63831.0,119688.0,57412.0,78436.0
P98086,C1qa Complement C1q subcomponent subunit A,4,TP,229640.0,230979.0,254785.0,393336.0,328211.0,129867.0,266487.0,356636.0,272670.0,177379.0,966911.0,478181.0,609595.0,790387.0,320335.0,602533.0
Q60605,Myl6 Myosin light polypeptide 6,1,,5752.0,3157.0,6093.0,6310.0,15772.0,9901.0,7576.0,4951.0,9417.0,3087.0,14818.0,5983.0,13258.0,19710.0,4948.0,10423.0
Q3SXB8,Colec11 Collectin-11,5,TP,93033.0,60096.0,88732.0,59171.0,126112.0,48398.0,97597.0,29126.0,172499.0,57458.0,315751.0,24770.0,74907.0,186689.0,95100.0,98678.0
P52430,Pon1 Serum paraoxonase/arylesterase 1,5,TP,134829.0,63223.0,115079.0,136293.0,260901.0,105428.0,161744.0,141166.0,178364.0,104476.0,166938.0,203957.0,131243.0,244663.0,97332.0,191576.0
A0A0A6YXW6,Igha Protein Igha,4,,30716.0,22757.0,17232.0,20797.0,35709.0,14442.0,99341.0,29095.0,159164.0,37728.0,56109.0,90506.0,74434.0,99329.0,66737.0,53183.0
P62983,Rps27a Ubiquitin-40S ribosomal protein S27a,1,FP,669.0,1087.0,1763.0,1491.0,966.0,770.0,2202.0,1351.0,2261.0,0.0,2817.0,1615.0,1965.0,2039.0,2003.0,2635.0
P06683,C9 Complement component C9,8,TP,90055.0,48827.0,59291.0,86994.0,157331.0,48022.0,80532.0,56547.0,69085.0,47012.0,99482.0,233005.0,129719.0,245351.0,145502.0,170618.0
A0A0B4J1P4,Ighv5-16 Protein Ighv5-16,2,,17638.0,7070.0,10963.0,14036.0,9362.0,5868.0,15145.0,7772.0,28583.0,6067.0,33564.0,11203.0,7905.0,15548.0,20772.0,16546.0
Q06890,Clu Clusterin,9,TP,211489.0,229770.0,176630.0,455029.0,555207.0,288819.0,333335.0,222642.0,394464.0,269322.0,465114.0,385200.0,752044.0,859147.0,386832.0,520964.0
P03953,Cfd Complement factor D,3,TP,12392.0,11641.0,111472.0,609647.0,941724.0,10210.0,63110.0,128771.0,151623.0,245777.0,16153.0,30092.0,249903.0,262090.0,73488.0,286192.0
P07356,Anxa2 Annexin A2,7,TP,49079.0,57308.0,39881.0,63951.0,67346.0,42736.0,57690.0,65294.0,74843.0,63911.0,94908.0,59120.0,55668.0,82435.0,50120.0,59776.0
D3YXF5,C7 Oxidation resistance protein 1,11,TP,124061.0,71862.0,91191.0,264117.0,426369.0,100683.0,140477.0,152147.0,193322.0,144782.0,122715.0,205214.0,144340.0,300104.0,113872.0,223716.0
Q01339,Apoh Beta-2-glycoprotein 1,6,TP,85535.0,37320.0,39242.0,51796.0,159818.0,64364.0,108374.0,55140.0,103997.0,64226.0,156321.0,238136.0,147461.0,231488.0,109347.0,164908.0
P26262,Klkb1 Plasma kallikrein,11,TP,178190.0,149097.0,136343.0,216711.0,391276.0,182571.0,216692.0,235382.0,233723.0,162900.0,282791.0,251378.0,176418.0,315860.0,150001.0,272705.0
Q05020,Apoc2 Apolipoprotein C-II,1,TP,4925.0,1944.0,1952.0,1774.0,5561.0,1088.0,4643.0,1523.0,6528.0,3540.0,17243.0,25315.0,7878.0,21553.0,14421.0,24678.0
Q02105,C1qc Complement C1q subcomponent subunit C,4,TP,49531.0,52016.0,44366.0,80873.0,49417.0,30591.0,43727.0,55530.0,60093.0,29670.0,200182.0,49313.0,103046.0,127960.0,51347.0,81593.0
E9Q6C2,C1s1 Protein C1s1,5,,33384.0,18276.0,129770.0,376291.0,486084.0,12099.0,37462.0,61461.0,88820.0,73782.0,42093.0,55808.0,199905.0,282187.0,112491.0,137727.0
F6TQW2,Ighg2c Protein Ighg2c,3,,74059.0,103906.0,42665.0,46988.0,63828.0,44227.0,92169.0,108726.0,85303.0,67317.0,181031.0,122470.0,36568.0,161164.0,86575.0,136362.0
Q8CF98,Colec10 Collectin-10,3,TP,53747.0,27116.0,65329.0,29751.0,124811.0,45879.0,49236.0,30314.0,92504.0,38889.0,168681.0,27538.0,74401.0,146885.0,54268.0,66788.0
P34928,Apoc1 Apolipoprotein C-I,2,TP,46047.0,19512.0,30990.0,86463.0,326245.0,26052.0,34161.0,33282.0,31257.0,55897.0,98944.0,122590.0,108363.0,109941.0,35856.0,89357.0
P23953,Ces1c Carboxylesterase 1C,5,TP,237799.0,30661.0,57682.0,109263.0,226963.0,59789.0,129388.0,64448.0,179370.0,88763.0,95529.0,270348.0,100594.0,207191.0,148502.0,269444.0
P06684,C5 Complement C5,17,TP,332023.0,223899.0,275762.0,537793.0,682454.0,316244.0,305905.0,339652.0,341535.0,286567.0,462660.0,878209.0,561152.0,857105.0,543239.0,668558.0
Q6S9I3,Kng2 Protein Kng2,5,TP,14825.0,9519.0,44007.0,92373.0,128404.0,11220.0,25204.0,31942.0,72877.0,57986.0,22908.0,42848.0,53830.0,89347.0,47442.0,95056.0
Q5SWU9,Acaca Acetyl-CoA carboxylase 1,25,,130245.0,165558.0,701988.0,505808.0,147362.0,220568.0,245477.0,161815.0,147606.0,99188.0,431053.0,476427.0,500368.0,333667.0,212285.0,343093.0
P46412,Gpx3 Glutathione peroxidase 3,2,TP,15924.0,10062.0,24381.0,44705.0,79508.0,27758.0,33916.0,33666.0,53841.0,49260.0,41176.0,40864.0,69397.0,89967.0,26527.0,38655.0
P62806,Hist4h4 Histone H4,2,FP,18892.0,10613.0,29160.0,16697.0,23737.0,30119.0,17500.0,29280.0,18053.0,55521.0,28227.0,90145.0,54342.0,62414.0,26707.0,67456.0
Q9QWK4,Cd5l CD5 antigen-like,6,TP,104553.0,71831.0,79966.0,165056.0,200429.0,110147.0,132635.0,91096.0,142699.0,76445.0,330573.0,93654.0,196068.0,215943.0,90417.0,89686.0
P62900,Rpl31 60S ribosomal protein L31,2,,16770.0,23039.0,17897.0,29434.0,29128.0,50179.0,48932.0,31559.0,23703.0,25502.0,85341.0,53478.0,49232.0,81813.0,24351.0,27223.0
P01627,Gm5153 Ig kappa chain V-II region VKappa167,1,,1066.0,0.0,0.0,797.0,1639.0,1119.0,747.0,1000.0,2195.0,1644.0,3938.0,1791.0,3823.0,2818.0,2009.0,0.0
Q8CG16,C1ra Complement C1r-A subcomponent,2,,7375.0,5347.0,12807.0,31011.0,41111.0,7892.0,9407.0,11236.0,11951.0,13681.0,11424.0,19314.0,33828.0,46080.0,16389.0,25126.0
E9Q414,Apob Apolipoprotein B-100,55,TP,486815.0,470501.0,536276.0,717583.0,1011747.0,653634.0,979196.0,718746.0,1042601.0,449272.0,2038753.0,2911313.0,1225262.0,2041540.0,1592636.0,1438863.0
P13020,Gsn Gelsolin,9,TP,263767.0,171372.0,307744.0,739147.0,1033328.0,176386.0,291744.0,203206.0,391123.0,245172.0,313933.0,294898.0,373154.0,591795.0,329665.0,418538.0
Q9CPN9,"2210010C04Rik RIKEN cDNA 2210010C04, isoform CRA_b",2,,27410.0,20187.0,28324.0,19522.0,24924.0,16528.0,18547.0,15998.0,19991.0,17751.0,12511.0,22542.0,13625.0,21032.0,29542.0,37059.0
P05366,Saa1 Serum amyloid A-1 protein,1,TP,16804.0,702.0,2226.0,1835.0,7511.0,1091.0,7535.0,3512.0,6823.0,4007.0,43791.0,152299.0,41004.0,51220.0,29770.0,100612.0
P05367,Saa2 Serum amyloid A-2 protein,1,TP,653.0,0.0,0.0,0.0,0.0,0.0,0.0,0.0,0.0,0.0,2932.0,2418.0,1224.0,1018.0,1510.0,7591.0
P12246,Apcs Serum amyloid P-component,3,TP,15826.0,3798.0,4598.0,12460.0,13182.0,8308.0,9549.0,5198.0,10789.0,6874.0,44342.0,173477.0,58422.0,93510.0,80771.0,75932.0
Q99K41,Emilin1 EMILIN-1,12,TP,78997.0,47035.0,71170.0,61032.0,164823.0,76545.0,88545.0,38377.0,66664.0,46263.0,110179.0,72789.0,83882.0,111284.0,35898.0,63676.0
P09813,Apoa2 Apolipoprotein A-II,2,TP,139980.0,24901.0,49124.0,72552.0,478612.0,37745.0,65944.0,31402.0,61423.0,54200.0,155943.0,177217.0,114274.0,120617.0,84635.0,165730.0
P39039,Mbl1 Mannose-binding protein A,2,TP,21825.0,7876.0,9740.0,15965.0,32824.0,9757.0,16005.0,13531.0,14644.0,15616.0,26122.0,49199.0,23323.0,40602.0,30679.0,37241.0
P01592,Jchain Immunoglobulin J chain,2,TP,34252.0,16917.0,23094.0,40147.0,59183.0,25593.0,49092.0,35255.0,53113.0,26933.0,84066.0,43738.0,44491.0,73067.0,32183.0,25806.0
P14847,Crp C-reactive protein,2,TP,13643.0,6741.0,6680.0,10637.0,22551.0,8210.0,15117.0,8879.0,16113.0,9061.0,23908.0,48907.0,18534.0,34218.0,17920.0,38478.0
Q3UTR7,Agt Angiotensinogen,3,TP,18467.0,16575.0,24754.0,66306.0,73222.0,10269.0,23505.0,33292.0,41079.0,32896.0,27846.0,27751.0,49053.0,72037.0,31522.0,36073.0
A0A0G2JGW8,Igkv12-89 Protein Igkv12-89,1,,7331.0,3254.0,6136.0,13859.0,8004.0,5361.0,11599.0,4426.0,16751.0,3923.0,79619.0,5779.0,20672.0,26656.0,10821.0,11031.0
Q62266,Sprr1a Cornifin-A,1,,4054.0,3815.0,2476.0,4540.0,4603.0,2928.0,6721.0,3374.0,3070.0,3642.0,6880.0,3232.0,3424.0,3093.0,2258.0,2753.0
Q61508,Ecm1 Extracellular matrix protein 1,5,TP,27789.0,20225.0,35674.0,76194.0,91809.0,26947.0,43298.0,33209.0,78559.0,54437.0,44570.0,43475.0,75995.0,118095.0,56641.0,68864.0
A0A140T8P6,Igkv12-46 Protein Igkv12-46,1,,3210.0,6876.0,1301.0,3509.0,3299.0,1859.0,1274.0,3657.0,736.0,997.0,5043.0,3290.0,3225.0,6923.0,1746.0,3154.0
P63276,Rps17 40S ribosomal protein S17,1,,1237.0,862.0,2976.0,844.0,1295.0,1943.0,2249.0,0.0,1932.0,2292.0,3796.0,2303.0,2828.0,6718.0,4398.0,1516.0
Q60590,Orm1 Alpha-1-acid glycoprotein 1,1,TP,8750.0,4162.0,9027.0,13545.0,50246.0,2836.0,8164.0,7566.0,7015.0,10075.0,9915.0,89288.0,32164.0,35988.0,27711.0,79607.0
P21180,C2 Complement C2,1,TP,3769.0,2721.0,12435.0,80736.0,15848.0,6323.0,3268.0,3438.0,9746.0,11592.0,5704.0,3271.0,37570.0,55642.0,17208.0,26378.0
P97873,Loxl1 Lysyl oxidase homolog 1,5,TP,37852.0,53718.0,44534.0,83137.0,107245.0,33873.0,44527.0,35519.0,64641.0,42003.0,99741.0,86794.0,118018.0,120668.0,71383.0,90227.0
Q6GQT1,A2m Alpha-2-macroglobulin-P,13,TP,56444.0,23065.0,91963.0,210938.0,206686.0,35790.0,39075.0,106226.0,118563.0,170731.0,134145.0,626106.0,438875.0,360843.0,388634.0,412702.0
P68369,Tuba1a Tubulin alpha-1A chain,1,,1383.0,876.0,1479.0,1209.0,3159.0,1659.0,1217.0,1691.0,1644.0,1314.0,4001.0,2041.0,1863.0,10394.0,2020.0,1516.0
P31532,Saa4 Serum amyloid A-4 protein,2,TP,10779.0,5214.0,8322.0,8026.0,17826.0,5772.0,11422.0,6755.0,12873.0,7486.0,39470.0,62324.0,15202.0,39820.0,18023.0,41808.0
P20029,Hspa5 78 kDa glucose-regulated protein,5,TP,41741.0,35788.0,66712.0,192701.0,222169.0,34285.0,51493.0,94191.0,128696.0,157680.0,61520.0,72468.0,169603.0,229369.0,71392.0,185001.0
S4R1W1,Gm3839 Glyceraldehyde-3-phosphate dehydrogenase,1,,26660.0,31251.0,31708.0,42355.0,35065.0,64577.0,61268.0,32267.0,33994.0,20685.0,59111.0,59090.0,55353.0,57671.0,26091.0,30739.0
Q9DBB9,Cpn2 Carboxypeptidase N subunit 2,5,TP,36110.0,14368.0,44309.0,118900.0,149551.0,31101.0,41096.0,42719.0,44727.0,42874.0,43248.0,82257.0,55430.0,105568.0,47987.0,103107.0
P49722,Psma2 Proteasome subunit alpha type-2,2,FP,5484.0,6582.0,5367.0,7229.0,10252.0,7720.0,5474.0,9038.0,8305.0,7163.0,10646.0,9276.0,9165.0,11684.0,7018.0,9522.0
Q61129,Cfi Complement factor I,7,TP,51126.0,19548.0,24646.0,39915.0,91439.0,24708.0,57624.0,29285.0,62276.0,31336.0,66266.0,131741.0,72578.0,117994.0,84432.0,88708.0
A0A075B5P5,Ighg3 Protein Ighg3,4,,43561.0,42228.0,29152.0,77789.0,99011.0,77819.0,63456.0,104487.0,102977.0,36060.0,191712.0,101150.0,172337.0,124604.0,51991.0,33414.0
Q9Z0Z4,Heph Hephaestin,8,,22847.0,20789.0,172299.0,595426.0,736217.0,14219.0,51295.0,138039.0,199202.0,213683.0,24838.0,50885.0,120265.0,193250.0,45435.0,209157.0
Q8VCU2,"Gpld1 Glycosylphosphatidylinositol specific phospholipase D1, isoform CRA_b",9,TP,66879.0,34356.0,37892.0,57630.0,101840.0,59666.0,66978.0,33205.0,80675.0,46033.0,60739.0,95224.0,47804.0,98913.0,54088.0,87563.0
O70165,Fcn1 Ficolin-1,4,TP,26326.0,18736.0,25707.0,67801.0,82345.0,77711.0,27689.0,29984.0,53195.0,32280.0,33143.0,45298.0,31641.0,45474.0,18442.0,38468.0
Q9D2Q8,S100a14 Protein S100-A14,1,,8614.0,7865.0,5170.0,9197.0,7060.0,4966.0,8900.0,5708.0,11232.0,7379.0,14643.0,6174.0,7655.0,11381.0,4701.0,10020.0
P62830,Rpl23 60S ribosomal protein L23,1,,2449.0,1952.0,3155.0,1994.0,1884.0,2066.0,2516.0,5349.0,2754.0,1807.0,5330.0,3199.0,5851.0,7776.0,2776.0,4966.0
P68368,Tuba4a Tubulin alpha-4A chain,2,,7068.0,2968.0,5654.0,7882.0,16021.0,10679.0,8295.0,4078.0,9294.0,7590.0,19424.0,12104.0,16434.0,31050.0,5384.0,8448.0
Q9R0G6,Comp Cartilage oligomeric matrix protein,2,TP,8743.0,8306.0,19637.0,46516.0,50378.0,11909.0,10928.0,15272.0,34311.0,25132.0,16224.0,12661.0,35691.0,56824.0,27443.0,27432.0
A0A0G2JFZ3,Igkv19-93 Protein Igkv19-93,1,,5216.0,964.0,2011.0,1473.0,9212.0,2214.0,1184.0,2650.0,4171.0,1441.0,2273.0,2824.0,4952.0,4644.0,2284.0,3796.0
P63017,Hspa8 Heat shock cognate 71 kDa protein,1,FP,4553.0,3598.0,3081.0,5690.0,11266.0,5370.0,5665.0,5991.0,5293.0,6746.0,9456.0,10905.0,13894.0,17277.0,5368.0,8370.0
Q8R0Z6,Angptl6 Angiopoietin-related protein 6,5,TP,34212.0,19571.0,39289.0,17422.0,87001.0,25970.0,31361.0,13749.0,63623.0,17336.0,120816.0,5051.0,45585.0,85863.0,38990.0,31526.0
P35980,Rpl18 60S ribosomal protein L18,2,TP,5824.0,2644.0,15461.0,7076.0,7404.0,9010.0,10654.0,26611.0,8727.0,4141.0,27053.0,25689.0,24921.0,25728.0,16441.0,15965.0
Q99MR8,"Mccc1 Methylcrotonoyl-CoA carboxylase subunit alpha, mitochondrial",6,FP,39012.0,34758.0,75790.0,86881.0,68353.0,62029.0,62518.0,230765.0,94380.0,37224.0,95027.0,104722.0,129852.0,97529.0,120518.0,85969.0
P07310,Ckm Creatine kinase M-type,3,,10094.0,4070.0,10790.0,11347.0,10335.0,10723.0,25785.0,49427.0,67063.0,9218.0,20119.0,37650.0,12924.0,23830.0,45907.0,23453.0
A0A0G2JDE1,Ighv8-12 Protein Ighv8-12,1,,11542.0,9153.0,6786.0,12767.0,13785.0,14000.0,7806.0,5536.0,13883.0,8928.0,20651.0,16542.0,15787.0,27760.0,8323.0,10554.0
A0A0A6YXQ0,Ighv8-8 Protein Ighv8-8,1,,7289.0,4853.0,5085.0,9847.0,11311.0,8191.0,5852.0,6698.0,15694.0,5648.0,16293.0,15827.0,13752.0,17072.0,11800.0,24101.0
A0A075B5P0,Igkv3-2 Protein Igkv3-2,1,,6611.0,5410.0,6400.0,15126.0,45901.0,4841.0,9847.0,12161.0,9959.0,5456.0,26052.0,12713.0,51719.0,21248.0,8849.0,23345.0
Q61704,Itih3 Inter-alpha-trypsin inhibitor heavy chain H3,8,TP,109693.0,51493.0,40729.0,75525.0,122031.0,67917.0,105475.0,56852.0,119184.0,80572.0,323347.0,732477.0,401032.0,686531.0,581188.0,450797.0
Q9DBD0,Ica Inhibitor of carbonic anhydrase,7,TP,63688.0,28443.0,37831.0,57671.0,111878.0,44323.0,79615.0,40351.0,77815.0,42791.0,77733.0,114701.0,69339.0,132303.0,69675.0,106160.0
E9Q557,Dsp Desmoplakin,28,,289182.0,369565.0,215913.0,429685.0,295867.0,178801.0,434109.0,298522.0,412706.0,431535.0,593037.0,271322.0,397622.0,470002.0,235024.0,367592.0
A0A0A6YXL5,Ighv7-4 Protein Ighv7-4,1,,1213.0,2327.0,828.0,1872.0,1884.0,1417.0,4150.0,969.0,3412.0,602.0,17400.0,2054.0,3532.0,4132.0,2068.0,1525.0
E9Q8B5,Gm4788 Protein Gm4788,5,,41962.0,41445.0,44017.0,42112.0,93088.0,46783.0,55766.0,47573.0,46272.0,38530.0,107393.0,57941.0,60395.0,98052.0,60636.0,75599.0
Q9QXC1,Fetub Fetuin-B,3,TP,24722.0,7425.0,9873.0,20604.0,34771.0,12291.0,31142.0,9498.0,33974.0,17130.0,21010.0,35910.0,22714.0,41440.0,29883.0,35504.0
P63101,Ywhaz 14-3-3 protein zeta/delta,1,,1368.0,2654.0,1346.0,2397.0,4181.0,1841.0,1829.0,2701.0,3063.0,3740.0,4067.0,3925.0,3473.0,7288.0,2162.0,2492.0
Q64726,Azgp1 Zinc-alpha-2-glycoprotein,3,TP,62502.0,34210.0,32565.0,50081.0,122701.0,48142.0,81823.0,56121.0,64286.0,58713.0,76318.0,116994.0,76921.0,136529.0,62886.0,94351.0
P62855,Rps26 40S ribosomal protein S26,1,TP,5696.0,4876.0,11201.0,6818.0,5888.0,7532.0,9112.0,22070.0,8541.0,4607.0,21304.0,16040.0,15835.0,26359.0,17550.0,16002.0
G3UVV6,Mmrn1 Multimerin-1,12,,112103.0,110823.0,101374.0,118337.0,268514.0,144918.0,161087.0,58383.0,124292.0,80986.0,152223.0,75543.0,96827.0,140085.0,33088.0,60802.0
A2AQ07,Tubb1 Tubulin beta-1 chain,4,,39266.0,14325.0,24943.0,39209.0,109303.0,78625.0,41719.0,21780.0,44577.0,27247.0,120536.0,79874.0,115338.0,202625.0,20900.0,41411.0
Q61702,Itih1 Inter-alpha-trypsin inhibitor heavy chain H1,6,TP,70539.0,42640.0,27281.0,60078.0,120826.0,57879.0,75692.0,58458.0,77337.0,51158.0,112020.0,140453.0,84263.0,160168.0,109392.0,99223.0
E9Q4Z2,Acacb Acetyl-CoA carboxylase 2,13,FP,38443.0,47790.0,228467.0,172595.0,46619.0,95735.0,78638.0,66532.0,48637.0,44107.0,105455.0,261032.0,158189.0,122782.0,61210.0,95346.0
O08692,Ngp Neutrophilic granule protein,1,TP,2254.0,2368.0,2122.0,2602.0,3844.0,1808.0,3599.0,3372.0,2154.0,1451.0,11083.0,6165.0,11166.0,13511.0,4927.0,4631.0
A0A0B4J1J6,Ighv10-1 Protein Ighv10-1,2,,16161.0,9203.0,9940.0,14540.0,32692.0,18083.0,25447.0,10233.0,20434.0,8506.0,68482.0,15000.0,43492.0,43144.0,20995.0,18268.0
O89020,Afm Afamin,4,TP,46422.0,10673.0,18314.0,29110.0,60231.0,16429.0,44250.0,15141.0,45146.0,20885.0,28516.0,72848.0,25376.0,55902.0,36553.0,66675.0
Q792Z1,Try10 Protein Try10,1,,55980.0,70575.0,44390.0,56862.0,59876.0,47818.0,58250.0,53599.0,71264.0,53662.0,56661.0,61448.0,60961.0,79838.0,52583.0,87589.0
Q8CIF4,Btd Biotinidase,4,TP,8710.0,7548.0,58945.0,213581.0,157438.0,13988.0,21570.0,44446.0,83281.0,81778.0,14338.0,19532.0,86913.0,137280.0,36585.0,179675.0
P29788,Vtn Vitronectin,4,TP,108610.0,71402.0,100503.0,111354.0,173346.0,110560.0,117718.0,162557.0,116954.0,78076.0,183541.0,408084.0,165354.0,162814.0,133188.0,258550.0
P18760,Cfl1 Cofilin-1,1,FP,2554.0,2051.0,3404.0,2375.0,2527.0,3114.0,2090.0,4761.0,2370.0,2780.0,4030.0,1670.0,4145.0,4825.0,2843.0,2655.0
P62717,Rpl18a 60S ribosomal protein L18a,2,,4704.0,3300.0,10189.0,3800.0,7654.0,8356.0,7836.0,6383.0,5559.0,2106.0,13837.0,15177.0,15216.0,14274.0,7017.0,15793.0
P32848,Pvalb Parvalbumin alpha,1,,1846.0,746.0,1309.0,1799.0,605.0,502.0,2487.0,500.0,871.0,1362.0,624.0,10370.0,3206.0,4302.0,4640.0,5597.0
P14148,Rpl7 60S ribosomal protein L7,3,,6182.0,4763.0,16493.0,11689.0,15497.0,12302.0,11379.0,18844.0,15451.0,6635.0,38699.0,36154.0,35918.0,39446.0,18623.0,29886.0
P62242,Rps8 40S ribosomal protein S8,2,,14840.0,16767.0,22321.0,20887.0,24073.0,51387.0,36019.0,47192.0,25103.0,14216.0,48998.0,36900.0,45320.0,56055.0,30105.0,26064.0
O88947,F10 Coagulation factor X,3,TP,36300.0,13760.0,8773.0,20779.0,37214.0,11934.0,26358.0,20239.0,26917.0,14141.0,31716.0,68040.0,27723.0,56793.0,42552.0,69632.0
P62702,"Rps4x 40S ribosomal protein S4, X isoform",2,,20071.0,21509.0,33296.0,30342.0,24395.0,21584.0,33981.0,23491.0,35804.0,15311.0,72292.0,66624.0,55722.0,101603.0,43335.0,56880.0
P39876,Timp3 Metalloproteinase inhibitor 3,2,TP,2873.0,4339.0,2417.0,6700.0,5689.0,3078.0,3549.0,2764.0,945.0,3454.0,2947.0,3328.0,1743.0,2273.0,958.0,0.0
P97350,Pkp1 Plakophilin-1,6,FP,73484.0,98523.0,47964.0,95480.0,38648.0,27765.0,78052.0,62563.0,112862.0,84880.0,160088.0,26895.0,95101.0,95307.0,46686.0,81994.0
D3Z5G7,Ces1b Carboxylic ester hydrolase,1,,7856.0,4198.0,4527.0,6677.0,9716.0,7294.0,7845.0,6443.0,9028.0,4958.0,7564.0,22840.0,11261.0,16296.0,9730.0,17196.0
Q8CG19,Ltbp1 Latent-transforming growth factor beta-binding protein 1,11,TP,269063.0,318524.0,267613.0,342615.0,313975.0,376316.0,428769.0,135119.0,217859.0,180065.0,241691.0,129863.0,148351.0,200355.0,87965.0,104898.0
P55065,Pltp Phospholipid transfer protein,4,TP,12909.0,10254.0,19380.0,35555.0,51930.0,12694.0,11181.0,13226.0,18983.0,18370.0,17494.0,17376.0,38173.0,56813.0,19249.0,45834.0
A0A0A6YY41,Ighv1-47 Protein Ighv1-47,1,,1501.0,0.0,0.0,871.0,905.0,0.0,0.0,0.0,0.0,0.0,1054.0,0.0,0.0,0.0,0.0,848.0
P04202,Tgfb1 Transforming growth factor beta-1,3,TP,70617.0,69711.0,92320.0,121746.0,120172.0,135897.0,120683.0,49997.0,64187.0,50877.0,67348.0,42865.0,39716.0,48101.0,23252.0,28847.0
Q07968,F13b Coagulation factor XIII B chain,5,TP,67225.0,48102.0,28295.0,52107.0,95098.0,35679.0,78199.0,70953.0,63162.0,37537.0,57447.0,49512.0,48580.0,77888.0,50920.0,70719.0
A0A0G2JFL3,Ighv1-71 Protein Ighv1-71,1,,704.0,0.0,1769.0,1074.0,2396.0,756.0,0.0,2386.0,1020.0,0.0,1488.0,1357.0,2150.0,5239.0,591.0,760.0
P29533,Vcam1 Vascular cell adhesion protein 1,5,,21419.0,15715.0,55205.0,138637.0,93382.0,25009.0,27830.0,57064.0,108428.0,99005.0,40501.0,37906.0,95602.0,159924.0,48177.0,114372.0
Q61247,Serpinf2 Alpha-2-antiplasmin,4,TP,29249.0,20028.0,14406.0,34105.0,63989.0,21091.0,36369.0,20560.0,40559.0,19381.0,46329.0,91921.0,51762.0,93150.0,50958.0,85125.0
Q91XL1,Lrg1 Leucine-rich alpha-2-glycoprotein 1,3,,77375.0,31419.0,162621.0,671504.0,903235.0,34725.0,95879.0,122973.0,118452.0,185912.0,116271.0,661468.0,691742.0,925734.0,387961.0,537277.0
Q8K0C5,Zg16 Zymogen granule membrane protein 16,1,TP,1718.0,1318.0,1375.0,3500.0,3907.0,2802.0,0.0,103384.0,0.0,8501.0,1879.0,2228.0,2194.0,2959.0,4558.0,2259.0
A0A0B4J1H6,Igkv2-137 Protein Igkv2-137,1,,936.0,1020.0,0.0,2071.0,809.0,0.0,1438.0,671.0,1267.0,593.0,2810.0,1694.0,1559.0,2241.0,1288.0,1032.0
Q9EQK5,Mvp Major vault protein,5,FP,7533.0,3549.0,12029.0,21191.0,15605.0,9796.0,14084.0,14213.0,16716.0,9837.0,47640.0,37579.0,31955.0,37166.0,26344.0,17529.0
P62918,Rpl8 60S ribosomal protein L8,2,,5685.0,6096.0,8674.0,11616.0,9589.0,13309.0,12057.0,15068.0,9021.0,5760.0,22215.0,18603.0,19972.0,21634.0,10544.0,15150.0
P62908,Rps3 40S ribosomal protein S3,1,FP,4181.0,3311.0,6696.0,8155.0,7865.0,6717.0,7755.0,8581.0,7632.0,8153.0,13345.0,9511.0,15116.0,34078.0,11524.0,6581.0
Q60963,Pla2g7 Platelet-activating factor acetylhydrolase,3,TP,15734.0,11896.0,23956.0,60010.0,89444.0,22669.0,24594.0,30612.0,44324.0,49474.0,51210.0,55453.0,54541.0,99141.0,28483.0,91469.0
Q4ZJN1,C1qtnf9 Complement C1q and tumor necrosis factor-related protein 9,2,TP,3740.0,4541.0,7726.0,25913.0,22292.0,4835.0,3813.0,5925.0,12803.0,14611.0,2187.0,5166.0,6013.0,11767.0,5281.0,20984.0
O55234,Psmb5 Proteasome subunit beta type-5,2,FP,5273.0,4684.0,2496.0,5843.0,7584.0,2548.0,4455.0,5501.0,6737.0,4708.0,9993.0,7555.0,6364.0,7300.0,4017.0,8101.0
Q9JJN5,Cpn1 Carboxypeptidase N catalytic chain,4,TP,47211.0,34414.0,39404.0,56371.0,101686.0,76585.0,61924.0,122155.0,51493.0,52928.0,96668.0,110199.0,71713.0,137678.0,53409.0,78761.0
A0A0G2JE31,Igkv3-7 Protein Igkv3-7,1,,2517.0,2309.0,0.0,665.0,4635.0,1381.0,1062.0,1350.0,2021.0,0.0,3828.0,6390.0,1896.0,3334.0,2300.0,836.0
A0A0G2JF28,Igkv8-27 Protein Igkv8-27,1,,11481.0,9165.0,8382.0,13110.0,15037.0,23716.0,12591.0,15143.0,23110.0,11171.0,55741.0,14510.0,38430.0,35816.0,25905.0,27230.0
A0A140T8P5,Igkv8-24 Protein Igkv8-24,1,,18001.0,7926.0,11610.0,32349.0,30367.0,65096.0,21185.0,6607.0,57033.0,14166.0,84842.0,19715.0,56869.0,50287.0,35325.0,18113.0
O55135,Eif6 Eukaryotic translation initiation factor 6,1,FP,1329.0,691.0,576.0,1576.0,1237.0,0.0,1179.0,813.0,1313.0,0.0,1207.0,1600.0,0.0,1630.0,484.0,1138.0
Q9Z1R9,"Prss1 Protease, serine, 1 (Trypsin 1)",2,,10943201.0,13014073.0,10566855.0,8500648.0,17506305.0,13125451.0,11985053.0,13867565.0,12380887.0,17861567.0,16722818.0,13826294.0,14263060.0,23005426.0,10531081.0,14127638.0
P20152,Vim Vimentin,1,FP,3223.0,3223.0,2866.0,5112.0,5296.0,3437.0,5109.0,12976.0,36574.0,1909.0,4315.0,8456.0,7730.0,7572.0,13401.0,7084.0
Q9D708,"S100a16 S100 calcium binding protein A16, isoform CRA_a",1,FP,7050.0,5679.0,4334.0,6691.0,9318.0,4262.0,5733.0,4363.0,8765.0,4514.0,11374.0,7789.0,6034.0,6927.0,3119.0,6782.0
Q61805,Lbp Lipopolysaccharide-binding protein,3,TP,10064.0,10256.0,16578.0,34821.0,53242.0,14519.0,19489.0,14096.0,21773.0,15405.0,21585.0,38782.0,41237.0,70297.0,17760.0,35381.0
P62754,Rps6 40S ribosomal protein S6,1,,37117.0,23582.0,47022.0,32494.0,47285.0,58964.0,40141.0,84990.0,25691.0,37654.0,64023.0,65318.0,52333.0,77855.0,37351.0,37013.0
P62911,Rpl32 60S ribosomal protein L32,1,,6446.0,8770.0,8825.0,12789.0,14329.0,21584.0,16734.0,23409.0,11495.0,4975.0,30538.0,18789.0,24677.0,29261.0,16873.0,15915.0
P16882,Ghr Growth hormone receptor,4,TP,13211.0,9579.0,102331.0,181117.0,448399.0,7410.0,37412.0,53683.0,43388.0,62926.0,31866.0,26410.0,482359.0,389560.0,128280.0,144752.0
Q6ZWZ4,Rpl36 60S ribosomal protein L36,1,,2352.0,1356.0,4491.0,2953.0,2882.0,2128.0,3526.0,5348.0,2965.0,1793.0,7902.0,5147.0,5488.0,9397.0,5333.0,6970.0
O88783,F5 Coagulation factor V,13,TP,161777.0,193045.0,84644.0,141968.0,290757.0,207728.0,229387.0,136869.0,214370.0,130330.0,442123.0,280810.0,307996.0,506516.0,277452.0,273785.0
Q8R121,Serpina10 Protein Z-dependent protease inhibitor,3,TP,21952.0,10649.0,15461.0,31670.0,36309.0,17743.0,17333.0,15524.0,22048.0,22048.0,30764.0,88924.0,44764.0,75388.0,45643.0,74761.0
P47962,Rpl5 60S ribosomal protein L5,2,FP,5410.0,6774.0,5248.0,8746.0,7367.0,9401.0,9608.0,12142.0,8067.0,7375.0,14978.0,15567.0,15442.0,17134.0,9494.0,13263.0
P17751,Tpi1 Triosephosphate isomerase,2,,29771.0,26327.0,43183.0,70499.0,55722.0,22697.0,32223.0,53888.0,38931.0,66050.0,47211.0,40836.0,60264.0,62815.0,26119.0,46552.0
P47757,Capzb F-actin-capping protein subunit beta,2,FP,12398.0,13346.0,9042.0,17216.0,30478.0,16848.0,18701.0,14711.0,18757.0,18362.0,43929.0,25864.0,39056.0,50716.0,15166.0,15984.0
P05017,Igf1 Insulin-like growth factor I,2,TP,5207.0,4991.0,4859.0,10271.0,16992.0,6327.0,4776.0,6170.0,8073.0,5452.0,8682.0,7218.0,8881.0,14546.0,5545.0,9173.0
Q00724,Rbp4 Retinol-binding protein 4,1,TP,11569.0,4354.0,6425.0,8617.0,21239.0,5944.0,10872.0,8815.0,9033.0,9073.0,9585.0,10015.0,5571.0,12318.0,5813.0,11177.0
P62849,Rps24 40S ribosomal protein S24,1,,1752.0,1477.0,2008.0,2838.0,4160.0,4542.0,2446.0,2974.0,2354.0,2613.0,5579.0,5401.0,5074.0,7909.0,3498.0,4317.0
P16301,Lcat Phosphatidylcholine-sterol acyltransferase,2,TP,31781.0,21092.0,20486.0,29793.0,54872.0,29596.0,34319.0,20800.0,31402.0,27854.0,47124.0,112598.0,48640.0,92095.0,42489.0,68375.0
P97298,Serpinf1 Pigment epithelium-derived factor,3,TP,19816.0,10279.0,17297.0,39362.0,55950.0,18489.0,23985.0,21747.0,32058.0,19599.0,29388.0,38251.0,25295.0,43990.0,25361.0,34483.0
P84099,Rpl19 60S ribosomal protein L19,1,,8438.0,8079.0,12518.0,10442.0,11998.0,12064.0,11520.0,23097.0,7359.0,6359.0,19250.0,14632.0,15668.0,22769.0,8152.0,11521.0
P11031,Sub1 Activated RNA polymerase II transcriptional coactivator p15,1,FP,1384.0,2411.0,1474.0,1125.0,1946.0,6515.0,3969.0,3753.0,1429.0,1906.0,2482.0,1595.0,2194.0,2664.0,2299.0,1505.0
Q02819,Nucb1 Nucleobindin-1,1,TP,2561.0,1312.0,3577.0,18447.0,24792.0,7152.0,2118.0,4890.0,9033.0,10936.0,4417.0,7218.0,18271.0,24653.0,8819.0,13024.0
P17182,Eno1 Alpha-enolase,1,,5044.0,5857.0,6043.0,4725.0,4707.0,2551.0,5099.0,4898.0,6156.0,15517.0,6310.0,5126.0,4202.0,10774.0,6440.0,5839.0
P28653,Bgn Biglycan,3,TP,5989.0,3293.0,5947.0,4642.0,9904.0,7055.0,7739.0,6199.0,7206.0,5796.0,6633.0,5648.0,7548.0,8583.0,2206.0,5134.0
Q8BP67,Rpl24 60S ribosomal protein L24,1,,12719.0,16757.0,11415.0,19246.0,7646.0,11617.0,42793.0,13929.0,13448.0,11430.0,44986.0,7226.0,9422.0,22074.0,13282.0,24003.0
P62751,Rpl23a 60S ribosomal protein L23a,1,FP,23540.0,24260.0,22327.0,38896.0,30779.0,93734.0,71862.0,86676.0,48926.0,24104.0,75180.0,75239.0,65418.0,69552.0,63756.0,51876.0
P00687,Amy1 Alpha-amylase 1,1,TP,1259.0,0.0,7837.0,16057.0,22842.0,350.0,2523.0,4169.0,7426.0,8341.0,1616.0,2250.0,4738.0,7274.0,3004.0,6038.0
O55142,Rpl35a 60S ribosomal protein L35a,1,,1613.0,1160.0,4001.0,3011.0,2903.0,1814.0,3759.0,1767.0,3764.0,1397.0,10338.0,4990.0,6779.0,11808.0,5694.0,7027.0
P26039,Tln1 Talin-1,7,,38466.0,14437.0,16932.0,28375.0,68223.0,33665.0,27214.0,16580.0,28292.0,19326.0,52181.0,48723.0,62939.0,85091.0,24791.0,34859.0
P62204,Calm3 Calmodulin,1,,1643.0,790.0,1036.0,1096.0,992.0,756.0,1434.0,1278.0,923.0,1609.0,2042.0,1693.0,807.0,1767.0,0.0,1307.0
Q6ZWV7,Rpl35 60S ribosomal protein L35,1,,2384.0,3734.0,2918.0,6285.0,7419.0,11021.0,11496.0,11000.0,3844.0,4744.0,13082.0,15773.0,11031.0,14815.0,6746.0,8001.0
Q61879,Myh10 Myosin-10,2,,3409.0,3752.0,4814.0,5846.0,7775.0,7771.0,10809.0,5919.0,9504.0,5165.0,10315.0,6678.0,7411.0,10448.0,8872.0,10153.0
Q9Z2U1,Psma5 Proteasome subunit alpha type-5,1,FP,3165.0,1969.0,1397.0,2338.0,5433.0,1753.0,2513.0,3156.0,2774.0,2262.0,3605.0,6751.0,4168.0,7284.0,3084.0,4636.0
Q9Z1R3,Apom Apolipoprotein M,1,TP,17934.0,7282.0,12387.0,18761.0,28030.0,7897.0,20148.0,9089.0,25054.0,17411.0,49170.0,22229.0,14619.0,39365.0,24186.0,42183.0
Q5SX39,Myh4 Myosin-4,2,,4813.0,2454.0,8927.0,6675.0,4435.0,4098.0,2604.0,7190.0,4067.0,2924.0,8056.0,3793.0,8136.0,12914.0,6041.0,6470.0
P15535,"B4galt1 Beta-1,4-galactosyltransferase 1",2,TP,0.0,1351.0,766.0,6314.0,5560.0,748.0,821.0,1264.0,2318.0,2212.0,759.0,1539.0,1517.0,3503.0,1343.0,3227.0
Q61703,Itih2 Inter-alpha-trypsin inhibitor heavy chain H2,6,TP,70032.0,31973.0,29746.0,49206.0,115309.0,81343.0,81730.0,50747.0,88110.0,46828.0,100494.0,163242.0,100892.0,147733.0,94818.0,90824.0
P11152,Lpl Lipoprotein lipase,2,TP,5562.0,3966.0,16681.0,61176.0,45970.0,6005.0,5676.0,6621.0,11550.0,9496.0,9747.0,6542.0,29157.0,52175.0,15636.0,37954.0
P01887,B2m Beta-2-microglobulin,1,TP,3141.0,2370.0,16129.0,46250.0,80638.0,3637.0,5858.0,7951.0,11929.0,10315.0,3683.0,4673.0,17907.0,20094.0,7841.0,20974.0
Q9Z1Q5,Clic1 Chloride intracellular channel protein 1,1,FP,936.0,0.0,755.0,1787.0,988.0,0.0,869.0,1845.0,1440.0,946.0,1755.0,1539.0,1835.0,2797.0,1294.0,1889.0
Q8C7E4,"Rnase4 Ribonuclease, RNase A family 4",1,,696.0,1063.0,0.0,722.0,833.0,1016.0,2071.0,0.0,1414.0,848.0,10355.0,2218.0,3145.0,3763.0,1151.0,0.0
P14115,Rpl27a 60S ribosomal protein L27a,1,,8638.0,8947.0,16770.0,20678.0,14477.0,42484.0,30394.0,30966.0,11038.0,10000.0,57439.0,47839.0,60817.0,55279.0,19922.0,28341.0
P42703,Lifr Leukemia inhibitory factor receptor,2,TP,30616.0,18761.0,28851.0,43004.0,63186.0,17002.0,27416.0,19067.0,30647.0,23699.0,29480.0,38303.0,35600.0,68388.0,31374.0,46103.0
Q9R1E6,Enpp2 Ectonucleotide pyrophosphatase/phosphodiesterase family member 2,4,TP,11424.0,9144.0,115458.0,381846.0,508620.0,9262.0,37902.0,32897.0,56346.0,54427.0,16717.0,16938.0,130967.0,196395.0,61108.0,122529.0
Q08879,Fbln1 Fibulin-1,3,TP,6375.0,3100.0,2041.0,5915.0,7055.0,2182.0,5806.0,1627.0,5437.0,3931.0,7019.0,6819.0,5060.0,11853.0,9737.0,7837.0
P31240,Pdgfb Platelet-derived growth factor subunit B,1,TP,15112.0,25086.0,11007.0,23244.0,46835.0,59771.0,29239.0,11696.0,9918.0,20341.0,19283.0,12824.0,11282.0,13538.0,3125.0,5061.0
Q6IRU2,Tpm4 Tropomyosin alpha-4 chain,1,,6227.0,3407.0,3846.0,5621.0,11650.0,4692.0,4371.0,3771.0,6407.0,2495.0,10299.0,8300.0,13248.0,15425.0,3957.0,7566.0
E9QAZ2,Gm10020 Ribosomal protein L15,1,,8759.0,8492.0,17269.0,15085.0,16255.0,16426.0,14968.0,33388.0,12327.0,10501.0,37833.0,34215.0,34439.0,41375.0,16688.0,25815.0
Q8CFX1,H6pd GDH/6PGL endoplasmic bifunctional protein,3,TP,6500.0,2649.0,12717.0,24702.0,34123.0,7023.0,6857.0,72665.0,75795.0,114223.0,8323.0,11307.0,37381.0,47950.0,10760.0,54206.0
P08032,"Spta1 Spectrin alpha chain, erythrocytic 1",8,,15134.0,18004.0,16723.0,20620.0,27041.0,14535.0,26488.0,22631.0,22101.0,15274.0,96669.0,101922.0,32701.0,57253.0,53322.0,55519.0
P49182,Serpind1 Heparin cofactor 2,2,,7270.0,2966.0,7522.0,24031.0,78977.0,1547.0,4418.0,6899.0,6690.0,9204.0,8359.0,13845.0,12593.0,22707.0,11568.0,21695.0
Q6S5C2,Gnptg N-acetylglucosamine-1-phosphotransferase subunit gamma,1,TP,2021.0,1239.0,2338.0,3786.0,5181.0,1164.0,2338.0,2641.0,1987.0,2052.0,1406.0,3052.0,3108.0,4504.0,1875.0,2751.0
Q08761,Pros1 Vitamin K-dependent protein S,3,TP,15543.0,15301.0,37136.0,94866.0,113551.0,18463.0,24662.0,29268.0,43828.0,47740.0,25310.0,24558.0,50567.0,81905.0,26801.0,44880.0
Q3ULD5,"Mccc2 Methylcrotonoyl-CoA carboxylase beta chain, mitochondrial",2,FP,4360.0,2785.0,6021.0,9891.0,6498.0,6132.0,5942.0,14786.0,9536.0,2922.0,8007.0,6572.0,9805.0,8175.0,8081.0,11200.0
Q01279,Egfr Epidermal growth factor receptor,6,TP,36711.0,13530.0,21144.0,38461.0,77144.0,22926.0,37546.0,22679.0,35790.0,23365.0,29961.0,81808.0,61030.0,73532.0,46327.0,66214.0
Q03265,"Atp5a1 ATP synthase subunit alpha, mitochondrial",2,FP,5519.0,5443.0,4067.0,7512.0,9683.0,5947.0,5179.0,6894.0,6591.0,6312.0,7682.0,7040.0,9260.0,11612.0,5667.0,6734.0
Q9D8E6,Rpl4 60S ribosomal protein L4,2,,24577.0,23358.0,78114.0,38305.0,51305.0,57645.0,55396.0,131597.0,48796.0,31862.0,164265.0,109700.0,112214.0,194139.0,73890.0,90713.0
P51885,Lum Lumican,1,TP,5812.0,2582.0,2523.0,5886.0,15132.0,1392.0,8030.0,3719.0,6885.0,4523.0,5284.0,13314.0,9348.0,16552.0,9966.0,11082.0
P97430,Slpi Antileukoproteinase,1,TP,2149.0,11839.0,2509.0,4977.0,5657.0,6238.0,4164.0,1739.0,3174.0,4308.0,10849.0,1430.0,3057.0,6308.0,1602.0,2215.0
Q8BND5,Qsox1 Sulfhydryl oxidase 1,4,TP,11034.0,9001.0,3988.0,13450.0,20950.0,9485.0,11027.0,7673.0,11135.0,9615.0,21655.0,44300.0,25147.0,39519.0,21544.0,24022.0
Q80YC5,F12 Coagulation factor XII,2,TP,2421.0,1245.0,2154.0,2079.0,9967.0,3442.0,4299.0,3486.0,4093.0,2032.0,7444.0,6547.0,4399.0,4768.0,3286.0,3268.0
Q8K1I3,Spp2 Secreted phosphoprotein 24,1,TP,1850.0,2635.0,794.0,1339.0,3360.0,4711.0,4592.0,7598.0,6412.0,4209.0,2169.0,1278.0,1634.0,2177.0,1959.0,2338.0
P63038,"Hspd1 60 kDa heat shock protein, mitochondrial",2,FP,7414.0,4395.0,2739.0,5556.0,7492.0,5591.0,5453.0,6036.0,20039.0,66431.0,11121.0,52526.0,115591.0,24094.0,6799.0,12695.0
P14206,Rpsa 40S ribosomal protein SA,1,FP,4102.0,2368.0,4379.0,5227.0,3762.0,3279.0,5422.0,4505.0,4055.0,6044.0,5275.0,3562.0,4040.0,14856.0,7265.0,5667.0
P08249,"Mdh2 Malate dehydrogenase, mitochondrial",1,FP,1872.0,1204.0,2385.0,2633.0,1708.0,1497.0,1166.0,880.0,1625.0,1106.0,1467.0,1612.0,840.0,2004.0,2099.0,4215.0
Q61171,Prdx2 Peroxiredoxin-2,1,,34180.0,43534.0,22118.0,41456.0,9108.0,11730.0,42642.0,26060.0,47717.0,38780.0,62028.0,7114.0,36019.0,55079.0,25831.0,42335.0
Q3UGX2,"Sptb Spectrin beta chain, erythrocytic",8,,26348.0,20474.0,25336.0,33786.0,44902.0,20108.0,38979.0,38062.0,32275.0,19224.0,127542.0,147795.0,52588.0,90506.0,77791.0,91393.0
P52480,Pkm Pyruvate kinase PKM,1,FP,10606.0,8161.0,10138.0,11617.0,13198.0,11581.0,10845.0,9236.0,13399.0,16595.0,22126.0,26679.0,16135.0,37112.0,15823.0,16530.0
Q8VCS0,Pglyrp2 N-acetylmuramoyl-L-alanine amidase,2,TP,3623.0,2945.0,1152.0,3154.0,10857.0,5287.0,7802.0,4548.0,6722.0,4709.0,7292.0,15131.0,7522.0,11953.0,5845.0,9488.0
Q8R016,Blmh Bleomycin hydrolase,2,,62168.0,87212.0,40166.0,63027.0,69953.0,40341.0,69852.0,53729.0,66488.0,68317.0,105064.0,62961.0,70025.0,101405.0,49623.0,87177.0
Q9JHH6,Cpb2 Carboxypeptidase B2,1,TP,1806.0,0.0,0.0,738.0,1854.0,0.0,973.0,704.0,1648.0,0.0,2402.0,7808.0,3354.0,4816.0,2349.0,4309.0
P14131,Rps16 40S ribosomal protein S16,1,,2409.0,2423.0,5287.0,5673.0,5800.0,3038.0,6067.0,7084.0,4319.0,3077.0,9709.0,9477.0,9746.0,14123.0,6088.0,5456.0
E9Q616,Ahnak Protein Ahnak,3,,11414.0,11878.0,16056.0,10007.0,15959.0,10508.0,14197.0,14769.0,16555.0,15978.0,24707.0,15812.0,18216.0,22748.0,18930.0,16867.0
Q91Y47,F11 Coagulation factor XI,1,TP,2672.0,4663.0,2439.0,3913.0,5347.0,1952.0,3766.0,2261.0,3965.0,1557.0,4567.0,3756.0,4897.0,7165.0,3959.0,3706.0
Q61207,Psap Prosaposin,1,TP,1169.0,702.0,1769.0,10197.0,11806.0,904.0,1446.0,2048.0,2139.0,2218.0,1507.0,1935.0,4064.0,5212.0,1445.0,3194.0
P11680,Cfp Properdin,1,TP,3104.0,1798.0,0.0,2237.0,3747.0,2226.0,3330.0,2364.0,2637.0,1205.0,2297.0,5512.0,2746.0,2930.0,2582.0,5853.0
Q9EST1,Gsdma Gasdermin-A,1,,29075.0,29155.0,20005.0,20265.0,24271.0,14458.0,30951.0,19326.0,37657.0,20264.0,40242.0,22866.0,27162.0,34006.0,24204.0,27743.0
Q9CY50,Ssr1 Translocon-associated protein subunit alpha,1,TP,2764.0,3624.0,1552.0,3536.0,3978.0,2178.0,3418.0,2986.0,4032.0,3013.0,5831.0,2863.0,3265.0,5239.0,2674.0,3800.0
P08113,Hsp90b1 Endoplasmin,2,TP,1681.0,1501.0,3686.0,9533.0,8645.0,1255.0,2472.0,4293.0,5908.0,2479.0,3099.0,2456.0,6009.0,8353.0,2464.0,8004.0
Q9WVJ3,Cpq Carboxypeptidase Q,2,TP,6589.0,2872.0,5022.0,13643.0,23178.0,3010.0,3663.0,6149.0,7135.0,6859.0,4830.0,10328.0,8837.0,14043.0,4414.0,7765.0
P14152,"Mdh1 Malate dehydrogenase, cytoplasmic",1,,8714.0,6490.0,5146.0,9151.0,7117.0,7431.0,8619.0,8339.0,8791.0,13328.0,8995.0,27869.0,10075.0,19905.0,5530.0,10829.0
O08538,Angpt1 Angiopoietin-1,2,TP,6151.0,7069.0,5586.0,6125.0,10781.0,14881.0,9666.0,6674.0,5300.0,3789.0,8522.0,4322.0,3992.0,5914.0,1334.0,2192.0
P35700,Prdx1 Peroxiredoxin-1,1,,40231.0,56208.0,29920.0,55389.0,58192.0,36578.0,44988.0,44546.0,53392.0,48930.0,88602.0,60220.0,65968.0,107440.0,33999.0,52244.0
Q9JM99,Prg4 Proteoglycan 4,4,TP,42185.0,23755.0,26254.0,33453.0,121448.0,41036.0,53334.0,43760.0,56774.0,35283.0,80911.0,140803.0,164831.0,165002.0,78044.0,90838.0
P98064,Masp1 Mannan-binding lectin serine protease 1,3,TP,59376.0,45916.0,73314.0,120306.0,196114.0,33716.0,60919.0,39769.0,68992.0,46509.0,105719.0,95558.0,170463.0,218457.0,97761.0,147339.0
P56480,"Atp5b ATP synthase subunit beta, mitochondrial",2,FP,8300.0,7919.0,6935.0,11493.0,14474.0,11953.0,10739.0,10628.0,7532.0,9061.0,11616.0,14207.0,14281.0,17580.0,8891.0,9430.0
O70435,Psma3 Proteasome subunit alpha type-3,1,FP,2673.0,1689.0,1253.0,2311.0,2799.0,1393.0,3599.0,1543.0,1665.0,3127.0,3017.0,4357.0,1989.0,5416.0,2385.0,2502.0
O54724,Ptrf Polymerase I and transcript release factor,1,TP,3622.0,2351.0,1867.0,3268.0,2592.0,2762.0,5229.0,7642.0,5875.0,2521.0,4800.0,4024.0,4026.0,4775.0,4486.0,4526.0
P26369,U2af2 Splicing factor U2AF 65 kDa subunit,1,FP,1013.0,0.0,0.0,1139.0,0.0,652.0,0.0,1588.0,0.0,781.0,1363.0,1653.0,2202.0,4007.0,525.0,1213.0
Q61233,Lcp1 Plastin-2,2,,6831.0,5876.0,4908.0,8160.0,7633.0,8318.0,7845.0,14111.0,5024.0,6809.0,13211.0,9992.0,12611.0,17953.0,5444.0,9054.0
A0A0A6YWR2,Ighg1 Ig gamma-1 chain C region secreted form,1,,12357.0,8557.0,4606.0,9403.0,6753.0,5346.0,18854.0,4264.0,27897.0,12530.0,40130.0,13925.0,12549.0,24419.0,22939.0,19014.0
P09581,Csf1r Macrophage colony-stimulating factor 1 receptor,2,,3399.0,2747.0,2062.0,3538.0,7918.0,1860.0,6045.0,3799.0,7020.0,5655.0,5355.0,10850.0,5939.0,9814.0,7187.0,7251.0
P24270,Cat Catalase,2,,13123.0,13418.0,8549.0,17473.0,16669.0,8327.0,15186.0,11141.0,14814.0,9479.0,18781.0,11302.0,15470.0,22951.0,9919.0,16540.0
Q60692,Psmb6 Proteasome subunit beta type-6,1,FP,4381.0,1827.0,2368.0,2829.0,1538.0,1625.0,2965.0,2579.0,4047.0,2471.0,3593.0,1558.0,3641.0,4159.0,1850.0,2819.0
Q60841,Reln Reelin,11,TP,76920.0,81873.0,42253.0,68096.0,280613.0,82807.0,92781.0,27788.0,184891.0,66314.0,185190.0,51407.0,231296.0,251936.0,78666.0,66598.0
P09411,Pgk1 Phosphoglycerate kinase 1,1,,4606.0,5254.0,4006.0,5439.0,4583.0,2257.0,5803.0,5187.0,7179.0,5906.0,8737.0,5621.0,4943.0,9753.0,3340.0,6350.0
P62082,Rps7 40S ribosomal protein S7,1,FP,3801.0,3377.0,4222.0,6959.0,4621.0,5729.0,5740.0,3965.0,4997.0,3351.0,7705.0,6344.0,6640.0,8844.0,4343.0,6575.0
Q9CQF9,Pcyox1 Prenylcysteine oxidase,1,,7229.0,3209.0,9744.0,35568.0,41252.0,4636.0,7604.0,13393.0,16510.0,18833.0,13654.0,21329.0,14002.0,26229.0,14553.0,24422.0
Q7TNC4,Luc7l2 Putative RNA-binding protein Luc7-like 2,1,FP,2907.0,2709.0,2156.0,4285.0,2431.0,4628.0,3572.0,4173.0,2231.0,3231.0,6212.0,5087.0,6158.0,12253.0,5652.0,5689.0
Q06770,Serpina6 Corticosteroid-binding globulin,1,TP,25576.0,4167.0,6931.0,10700.0,20804.0,6410.0,9485.0,7801.0,15141.0,7859.0,7444.0,28758.0,5826.0,14973.0,9734.0,25929.0
P47878,Igfbp3 Insulin-like growth factor-binding protein 3,1,TP,0.0,1439.0,0.0,2102.0,2540.0,1368.0,957.0,1892.0,4817.0,2470.0,1650.0,905.0,1485.0,4680.0,732.0,1018.0
Q61592,Gas6 Growth arrest-specific protein 6,1,TP,0.0,690.0,1762.0,3483.0,2348.0,810.0,0.0,1101.0,2051.0,799.0,0.0,623.0,0.0,1091.0,641.0,1344.0
A2AS37,AI182371 Protein AI182371,1,TP,2610.0,1259.0,1073.0,1943.0,2227.0,712.0,1325.0,809.0,1389.0,733.0,2647.0,4015.0,2836.0,3815.0,1969.0,3292.0
P58252,Eef2 Elongation factor 2,2,FP,29415.0,23950.0,20758.0,31602.0,22319.0,16507.0,19936.0,30192.0,26532.0,44740.0,44328.0,32165.0,33214.0,88138.0,35417.0,31990.0
P16015,Ca3 Carbonic anhydrase 3,1,,2601.0,489.0,6275.0,3067.0,1322.0,2306.0,1929.0,10093.0,3735.0,2261.0,3030.0,7872.0,3712.0,3927.0,9623.0,5579.0
S4R270,Bin2 Bridging integrator 2,1,,1907.0,1079.0,1553.0,2103.0,4601.0,4581.0,1478.0,1020.0,2690.0,1116.0,3990.0,5135.0,7094.0,7501.0,1700.0,2294.0
P16294,F9 Coagulation factor IX,1,TP,7235.0,4942.0,4707.0,6331.0,12970.0,5685.0,10223.0,7398.0,7627.0,7317.0,10873.0,20233.0,8360.0,17332.0,9852.0,10289.0
P99024,Tubb5 Tubulin beta-5 chain,1,,7850.0,6506.0,5443.0,7276.0,18250.0,16938.0,5674.0,8946.0,12572.0,14660.0,17469.0,13499.0,12798.0,54183.0,12127.0,9851.0
P97351,Rps3a 40S ribosomal protein S3a,1,FP,2742.0,3784.0,3554.0,4131.0,3438.0,5288.0,4922.0,4758.0,4183.0,2060.0,7027.0,5053.0,6320.0,10191.0,4631.0,4155.0
Q9R1P4,Psma1 Proteasome subunit alpha type-1,1,FP,5145.0,5990.0,4098.0,5199.0,6027.0,5559.0,5456.0,4099.0,6697.0,4800.0,9983.0,13249.0,9183.0,10914.0,5652.0,6360.0
E9PWQ3,Col6a3 Protein Col6a3,4,,20146.0,14165.0,11642.0,20708.0,38558.0,10757.0,11926.0,7135.0,14017.0,14284.0,25063.0,33067.0,41169.0,39992.0,19249.0,20608.0
P98063,Bmp1 Bone morphogenetic protein 1,1,TP,1648.0,1248.0,1056.0,2969.0,2075.0,1515.0,968.0,1226.0,2360.0,990.0,983.0,1370.0,2644.0,4051.0,1747.0,1923.0
P35492,Hal Histidine ammonia-lyase,2,,6486.0,6661.0,4395.0,6927.0,8384.0,4885.0,5999.0,8321.0,8597.0,7145.0,10967.0,8638.0,7275.0,9869.0,5030.0,8643.0
Q03311,Bche Cholinesterase,2,TP,13616.0,6642.0,17060.0,42730.0,61634.0,7455.0,11192.0,12928.0,21600.0,17096.0,13124.0,16319.0,29765.0,44069.0,12870.0,33921.0
P48193,Epb41 Protein 4.1,2,FP,5410.0,3972.0,20283.0,11430.0,11218.0,6826.0,5911.0,48596.0,5845.0,10795.0,21400.0,19145.0,10506.0,15806.0,17355.0,22056.0
Q9JLF6,Tgm1 Protein-glutamine gamma-glutamyltransferase K,2,,8975.0,9120.0,3875.0,7698.0,8049.0,5051.0,12694.0,8384.0,11104.0,6777.0,18371.0,6711.0,6914.0,8472.0,5904.0,7345.0
Q9JLJ2,Aldh9a1 4-trimethylaminobutyraldehyde dehydrogenase,1,,7098.0,6995.0,5424.0,7740.0,10771.0,5770.0,8148.0,8545.0,7289.0,7212.0,10137.0,6488.0,8996.0,11579.0,4921.0,10427.0
Q5MJS3,Fam20c Extracellular serine/threonine protein kinase FAM20C,1,TP,1845.0,1520.0,2253.0,4167.0,4652.0,1422.0,1212.0,2147.0,1798.0,2593.0,1770.0,1778.0,2072.0,4060.0,1753.0,2133.0
P33587,Proc Vitamin K-dependent protein C,1,TP,1131.0,0.0,0.0,0.0,0.0,0.0,599.0,0.0,0.0,0.0,0.0,0.0,746.0,955.0,0.0,0.0
P14733,Lmnb1 Lamin-B1,1,FP,2017.0,2654.0,2732.0,2914.0,3545.0,2732.0,2207.0,5596.0,10671.0,2799.0,1931.0,2473.0,2885.0,5978.0,2933.0,4873.0
P68372,Tubb4b Tubulin beta-4B chain,1,,30054.0,15963.0,21016.0,32472.0,65263.0,49691.0,28897.0,30789.0,45353.0,31895.0,77544.0,57699.0,64260.0,164502.0,36209.0,32809.0
P45700,"Man1a1 Mannosyl-oligosaccharide 1,2-alpha-mannosidase IA",1,,4482.0,5885.0,2481.0,6234.0,4777.0,2259.0,4919.0,1662.0,4766.0,4067.0,4871.0,4270.0,4637.0,7540.0,4616.0,10151.0
P10126,Eef1a1 Elongation factor 1-alpha 1,1,FP,5888.0,4593.0,4889.0,13501.0,10613.0,7224.0,5832.0,6939.0,10560.0,10290.0,18409.0,11712.0,18029.0,28530.0,7811.0,12259.0
F8VQC1,Srp72 Signal recognition particle subunit SRP72,1,,1379.0,2731.0,4015.0,5176.0,2464.0,7905.0,4500.0,5755.0,4115.0,3070.0,7424.0,7743.0,5022.0,6498.0,6476.0,4590.0
P07141,Csf1 Macrophage colony-stimulating factor 1,1,TP,3304.0,2961.0,5695.0,14352.0,17564.0,3282.0,3311.0,3409.0,7634.0,7620.0,2742.0,5725.0,11068.0,11405.0,5008.0,8046.0
P70428,Ext2 Exostosin-2,1,TP,2273.0,2294.0,7523.0,29564.0,31465.0,1396.0,3153.0,6260.0,5155.0,8558.0,2525.0,3861.0,16089.0,22330.0,5404.0,15195.0
P08071,Ltf Lactotransferrin,1,TP,1952.0,737.0,976.0,4547.0,8167.0,867.0,1953.0,1461.0,1205.0,1800.0,5831.0,4374.0,4989.0,8238.0,4308.0,6839.0
Q91ZX7,Lrp1 Prolow-density lipoprotein receptor-related protein 1,6,,17331.0,11216.0,30204.0,99546.0,129737.0,13108.0,21956.0,40151.0,39504.0,44457.0,23771.0,24909.0,93205.0,119257.0,31813.0,86257.0
Q9QYB5,Add3 Gamma-adducin,1,,3681.0,1758.0,1548.0,2544.0,4594.0,3605.0,2037.0,2924.0,4318.0,2765.0,6765.0,3851.0,4491.0,6448.0,2141.0,3964.0
P70389,Igfals Insulin-like growth factor-binding protein complex acid labile subunit,1,TP,4435.0,1648.0,8178.0,12372.0,21623.0,4267.0,5793.0,5414.0,6423.0,4248.0,7598.0,8430.0,8439.0,16122.0,7889.0,13527.0
Q91WP0,Masp2 Mannan-binding lectin serine protease 2,1,TP,4072.0,794.0,1226.0,3799.0,4394.0,2926.0,4092.0,1858.0,3483.0,2128.0,4904.0,5289.0,4070.0,6057.0,2547.0,5861.0
O70570,Pigr Polymeric immunoglobulin receptor,1,TP,2517.0,2839.0,2101.0,1406.0,6124.0,3460.0,1904.0,5936.0,3792.0,2003.0,3912.0,3796.0,3663.0,5196.0,1988.0,3023.0
Q64727,Vcl Vinculin,1,,1100.0,764.0,0.0,1235.0,1205.0,977.0,630.0,865.0,631.0,830.0,786.0,3592.0,1706.0,3363.0,1624.0,1291.0
Q68FD5,Cltc Clathrin heavy chain 1,2,,3539.0,1758.0,4470.0,4588.0,4980.0,6645.0,4703.0,4556.0,5432.0,4088.0,7779.0,10155.0,12314.0,19894.0,9085.0,8281.0
O70138,Mmp8 Neutrophil collagenase,1,TP,3162.0,2708.0,1231.0,2323.0,3543.0,2419.0,7353.0,2415.0,3862.0,4660.0,11877.0,4958.0,16428.0,12272.0,5423.0,4244.0
Q8R4G6,"Mgat5 Alpha-1,6-mannosylglycoprotein 6-beta-N-acetylglucosaminyltransferase A",1,TP,1176.0,1814.0,5643.0,12387.0,15120.0,1337.0,1679.0,4525.0,4524.0,5970.0,1395.0,2601.0,7066.0,13634.0,4983.0,7963.0
Q9R098,Hgfac Hepatocyte growth factor activator,1,TP,1049.0,696.0,0.0,2094.0,1957.0,1254.0,1126.0,727.0,1475.0,1268.0,595.0,1824.0,1146.0,1664.0,1201.0,1553.0
Q9WTI7,Myo1c Unconventional myosin-Ic,1,FP,4221.0,1074.0,3691.0,3215.0,7517.0,7071.0,4998.0,8667.0,11000.0,3455.0,11927.0,7501.0,7032.0,11207.0,7830.0,4004.0
O35451,Atf6b Cyclic AMP-dependent transcription factor ATF-6 beta,1,TP,1817.0,1199.0,1731.0,7086.0,9303.0,3872.0,1955.0,2842.0,4220.0,1479.0,3924.0,2596.0,6903.0,7421.0,1840.0,7000.0
Q62261,"Sptbn1 Spectrin beta chain, non-erythrocytic 1",3,,7339.0,3872.0,8672.0,14153.0,20336.0,18814.0,8385.0,7822.0,11523.0,8215.0,22736.0,13510.0,23007.0,30556.0,8440.0,9741.0
G5E8Q8,Adgrf5 Adhesion G protein-coupled receptor F5,1,,0.0,848.0,1910.0,2399.0,3476.0,486.0,1785.0,2144.0,1569.0,2796.0,1972.0,2192.0,1256.0,2388.0,566.0,2158.0
Q7TPC1,Cdsn Corneodesmosin,1,TP,2187.0,1341.0,2119.0,1556.0,3872.0,2083.0,1898.0,2083.0,1577.0,1566.0,4205.0,1930.0,3670.0,4490.0,1619.0,1781.0
P04919,Slc4a1 Band 3 anion transport protein,1,,7111.0,5107.0,4890.0,4146.0,5202.0,3341.0,7631.0,20791.0,6884.0,7032.0,28423.0,20166.0,8714.0,11836.0,8766.0,11099.0
Q01853,Vcp Transitional endoplasmic reticulum ATPase,1,TP,10782.0,1477.0,2977.0,7520.0,4923.0,3194.0,2268.0,4384.0,5427.0,5081.0,9984.0,7975.0,8802.0,12097.0,6561.0,6748.0
P48678,Lmna Prelamin-A/C,1,FP,1721.0,1169.0,943.0,1569.0,1409.0,1289.0,1462.0,1596.0,1686.0,3619.0,2788.0,1844.0,1294.0,2687.0,0.0,1891.0
E9QLA5,Inf2 Inverted formin-2,1,,976.0,1372.0,1573.0,1737.0,3457.0,2516.0,1492.0,1073.0,2159.0,867.0,5974.0,2914.0,3705.0,6441.0,1241.0,2386.0
Q9EQH2,Erap1 Endoplasmic reticulum aminopeptidase 1,1,TP,7865.0,8109.0,12758.0,35730.0,40818.0,5190.0,6885.0,15260.0,12359.0,15711.0,11147.0,12065.0,25624.0,37896.0,10047.0,22109.0
O88998,Olfm1 Noelin,1,TP,3711.0,2326.0,7626.0,17104.0,15969.0,2525.0,2653.0,3323.0,6340.0,4585.0,5136.0,3655.0,5105.0,7990.0,2608.0,7254.0
Q8K083,Znf536 Zinc finger protein 536,1,FP,0.0,1198.0,1020.0,937.0,930.0,1348.0,0.0,891.0,762.0,684.0,0.0,1110.0,0.0,0.0,875.0,933.0
Q9QUM0,Itga2b Integrin alpha-IIb,1,,905.0,563.0,0.0,951.0,1103.0,809.0,669.0,0.0,803.0,608.0,1171.0,876.0,1824.0,2505.0,942.0,0.0
Q5I012,Slc38a10 Putative sodium-coupled neutral amino acid transporter 10,1,,8257.0,6801.0,9521.0,19238.0,29092.0,7421.0,9808.0,9593.0,18835.0,13939.0,12974.0,12917.0,16756.0,22643.0,10285.0,18702.0
B5THE2,Mgam Protein Mgam,1,,964.0,868.0,527.0,1704.0,784.0,0.0,1367.0,550.0,1877.0,1328.0,942.0,906.0,1109.0,1692.0,2536.0,993.0
Q02357,Ank1 Ankyrin-1,1,,1593.0,1149.0,2155.0,1501.0,3434.0,1628.0,2535.0,3590.0,1357.0,1108.0,4565.0,3745.0,2415.0,3601.0,2475.0,1494.0
Q04592,Pcsk5 Proprotein convertase subtilisin/kexin type 5,1,TP,3837.0,2415.0,4294.0,6789.0,5676.0,2545.0,2443.0,4614.0,5925.0,5332.0,3250.0,3886.0,11752.0,13284.0,3730.0,10238.0
Q0KK59,Unc79 Protein unc-79 homolog,1,,3899.0,5940.0,5024.0,3826.0,4741.0,769.0,5030.0,3952.0,7071.0,2470.0,6719.0,4784.0,4884.0,6194.0,3649.0,4894.0
P16546,"Sptan1 Spectrin alpha chain, non-erythrocytic 1",1,,922.0,709.0,964.0,619.0,1139.0,0.0,0.0,0.0,1883.0,1065.0,1192.0,1438.0,1842.0,2033.0,961.0,0.0
Q80YX1,Tnc Tenascin,1,TP,1028.0,0.0,1077.0,2607.0,2457.0,671.0,1509.0,0.0,1038.0,0.0,2333.0,706.0,2650.0,1644.0,0.0,1066.0
Q9QXS1,Plec Plectin,1,,3120.0,3309.0,1219.0,2702.0,2584.0,2470.0,2780.0,4424.0,4399.0,3715.0,4049.0,3662.0,1989.0,6736.0,4934.0,4490.0
