,Q8BWT1,UNIQUE,SEQUENCE,tag_126.127726,tag_127.124761,tag_127.131081,tag_128.128116,tag_128.134436,tag_129.131471,tag_129.13779,tag_130.134825,tag_130.141145,tag_131.13818,tag_131.1445,tag_132.141535,tag_132.147855,tag_133.14489,tag_133.15121,tag_134.148245,Sequences_mod_check
241,S,U,K.GKQTMQVDEHARPQTTLEQLQK.L,31728.0,22519.0,35535.0,11973.0,13412.0,9936.0,7464.0,7351.0,14722.0,9270.0,38296.0,35918.0,9437.0,8954.0,8405.0,5615.0,K.GKQTMQVDEHARPQTTLEQLQK.L
242,S,U,K.GKQTMQVDEHARPQTTLEQLQK.L,31588.0,23845.0,39349.0,8759.0,13750.0,8831.0,7087.0,9393.0,13483.0,6604.0,37022.0,32917.0,6949.0,7416.0,5433.0,2873.0,K.GKQTM(15.9949)QVDEHARPQTTLEQLQK.L
243,S,U,K.GKQTMQVDEHARPQTTLEQLQK.L,45533.0,33351.0,52104.0,15966.0,12997.0,12499.0,10755.0,9676.0,18842.0,11307.0,53593.0,48373.0,12034.0,12156.0,9253.0,5954.0,K.GKQTM(15.9949)QVDEHARPQTTLEQLQK.L
244,S,U,K.GKQTMQVDEHARPQTTLEQLQK.L,63906.0,47611.0,73888.0,17238.0,25708.0,21674.0,15023.0,15684.0,26759.0,17304.0,65960.0,73580.0,18176.0,16149.0,13499.0,8083.0,K.GKQTM(15.9949)QVDEHARPQTTLEQLQK.L
312,S,U,K.DMDLIDVNEAFAPQFL.S,6473.0,7217.0,6191.0,8916.0,2840.0,8886.0,4522.0,3003.0,5605.0,4218.0,8441.0,7512.0,10425.0,3114.0,2806.0,3221.0,K.DM(15.9949)DLIDVNEAFAPQFL.S
,E9QPD7,UNIQUE,SEQUENCE,tag_126.127726,tag_127.124761,tag_127.131081,tag_128.128116,tag_128.134436,tag_129.131471,tag_129.13779,tag_130.134825,tag_130.141145,tag_131.13818,tag_131.1445,tag_132.141535,tag_132.147855,tag_133.14489,tag_133.15121,tag_134.148245,Sequences_mod_check
494,S,U,R.RLEYKPIK.K,961.0,951.0,2776.0,698.0,1464.0,992.0,1819.0,1500.0,3276.0,2637.0,583.0,2415.0,2806.0,2303.0,923.0,884.0,R.RLEYKPIK.K
495,S,U,R.LEYKPIKK.V,3404.0,5705.0,5593.0,3505.0,2452.0,6316.0,2081.0,4690.0,6753.0,6684.0,3120.0,5108.0,7166.0,6250.0,3546.0,2330.0,R.LEYKPIKK.V
496,S,U,R.LEYKPIKK.V,11191.0,16979.0,20582.0,10983.0,13600.0,16401.0,10062.0,12562.0,26886.0,23519.0,10110.0,23478.0,24744.0,21846.0,10429.0,10526.0,R.LEYKPIKK.V
497,S,U,R.LEYKPIKK.V,180433.0,269120.0,313926.0,155675.0,161857.0,223837.0,143312.0,150201.0,347419.0,306377.0,92462.0,236345.0,381301.0,275774.0,156007.0,116251.0,R.LEYKPIKK.V
1221,S,U,M.RVVHSYEELEENYTR.A,12904.0,11892.0,15102.0,9998.0,7195.0,13713.0,13018.0,12731.0,27575.0,17479.0,9303.0,18307.0,16256.0,13879.0,8700.0,12629.0,M.RVVHSYEELEENYTR.A
1468,S,U,R.AYSEALAAFGNGALFVEKFIEKPR.H,38708.0,185667.0,111894.0,53618.0,51076.0,63160.0,81013.0,66368.0,59814.0,102253.0,49001.0,73512.0,81379.0,105263.0,68775.0,37257.0,R.AYSEALAAFGNGALFVEKFIEKPR.H
1712,S,U,K.QVGYENAGTVEFLVDKH.G,81774.0,111054.0,114647.0,62417.0,77160.0,139320.0,128341.0,103914.0,183302.0,139042.0,73350.0,120615.0,152859.0,139101.0,84539.0,87947.0,K.QVGYENAGTVEFLVDKH.G
1788,S,U,K.QVGYENAGTVEFLVDKHGKHYFIEVNSR.L,10490.0,11370.0,8451.0,10774.0,8474.0,11269.0,9314.0,11412.0,15901.0,21756.0,10147.0,18204.0,13003.0,11867.0,10873.0,8071.0,K.QVGYENAGTVEFLVDKHGKHYFIEVNSR.L
2211,S,U,K.LLHYLGHVMVNGPTTPIPVNVSPSPVD.P,56154.0,60122.0,47732.0,40013.0,45970.0,70936.0,70971.0,64567.0,61690.0,70617.0,37918.0,73736.0,73502.0,60273.0,48062.0,45445.0,K.LLHYLGHVMVNGPTTPIPVNVSPSPVD.P
2212,S,U,K.LLHYLGHVMVNGPTTPIPVNVSPSPVD.P,3304.0,2668.0,3041.0,2222.0,3180.0,3394.0,3429.0,3066.0,4647.0,4435.0,2650.0,3857.0,4385.0,2512.0,3225.0,2275.0,K.LLHYLGHVM(15.9949)VNGPTTPIPVNVSPSPVD.P
2213,S,U,K.LLHYLGHVMVNGPTTPIPVNVSPSPVD.P,10462.0,9372.0,7701.0,7512.0,5708.0,6600.0,16772.0,7961.0,10716.0,13323.0,5244.0,10165.0,6890.0,8519.0,6679.0,8391.0,K.LLHYLGHVM(15.9949)VNGPTTPIPVNVSPSPVD.P
2214,S,U,K.LLHYLGHVMVNGPTTPIPVNVSPSPVD.P,2367.0,1806.0,2165.0,1456.0,1435.0,1478.0,2959.0,1354.0,1709.0,2039.0,2529.0,2546.0,1954.0,2566.0,2128.0,2081.0,K.LLHYLGHVM(15.9949)VNGPTTPIPVNVSPSPVD.P
2215,S,U,K.LLHYLGHVMVNGPTTPIPVNVSPSPVD.P,7295.0,5864.0,5925.0,3699.0,3610.0,4087.0,5528.0,4783.0,4984.0,6086.0,2942.0,7366.0,4491.0,3472.0,3788.0,5377.0,K.LLHYLGHVM(15.9949)VNGPTTPIPVNVSPSPVD.P
2216,S,U,K.LLHYLGHVMVNGPTTPIPVNVSPSPVD.P,0.0,2064.0,1235.0,1283.0,1373.0,0.0,2294.0,1931.0,902.0,1384.0,1253.0,2491.0,1717.0,1243.0,839.0,1889.0,K.LLHYLGHVM(15.9949)VNGPTTPIPVNVSPSPVD.P
2217,S,U,K.LLHYLGHVMVNGPTTPIPVNVSPSPVD.P,24296.0,28713.0,29396.0,9916.0,17101.0,34931.0,42923.0,30572.0,28040.0,39818.0,16894.0,28230.0,38728.0,18306.0,29994.0,27528.0,K.LLHYLGHVM(15.9949)VNGPTTPIPVNVSPSPVD.P
2218,S,U,K.LLHYLGHVMVNGPTTPIPVNVSPSPVD.P,2551.0,644.0,2678.0,718.0,1878.0,2024.0,2598.0,2078.0,1209.0,3506.0,1704.0,4078.0,3413.0,1537.0,1749.0,2346.0,K.LLHYLGHVM(15.9949)VNGPTTPIPVNVSPSPVD.P
2219,S,U,K.LLHYLGHVMVNGPTTPIPVNVSPSPVD.P,2583.0,2675.0,3161.0,1861.0,2437.0,3327.0,2118.0,1800.0,2390.0,2739.0,1246.0,2996.0,2896.0,1755.0,2050.0,2683.0,K.LLHYLGHVM(15.9949)VNGPTTPIPVNVSPSPVD.P
2220,S,U,K.LLHYLGHVMVNGPTTPIPVNVSPSPVD.P,11724.0,10085.0,13609.0,9537.0,8328.0,15255.0,17227.0,9562.0,14114.0,12116.0,9864.0,15311.0,14025.0,10318.0,12563.0,12047.0,K.LLHYLGHVM(15.9949)VNGPTTPIPVNVSPSPVD.P
2506,S,U,H.VMVNGPTTPIPVNVSPSPVDPAVPVVPIGPPPAGFR.D,0.0,0.0,0.0,0.0,0.0,737.0,768.0,0.0,0.0,0.0,0.0,0.0,970.0,0.0,0.0,0.0,H.VM(15.9949)VNGPTTPIPVNVSPSPVDPAVPVVPIGPPPAGFR.D
2853,S,U,L.FSMENWGGATFDVAMR.F,8488.0,19435.0,12667.0,8579.0,12922.0,18221.0,11071.0,6077.0,10856.0,15310.0,7305.0,8219.0,11194.0,7407.0,6997.0,8358.0,L.FSM(15.9949)ENWGGATFDVAMR.F
2854,S,U,M.ENWGGATFDVAMR.F,26159.0,30746.0,34670.0,19516.0,27240.0,39159.0,40969.0,31434.0,47017.0,47561.0,29272.0,42154.0,52933.0,35704.0,30126.0,28852.0,M.ENWGGATFDVAM(15.9949)R.F
3035,S,U,R.VFDSLNYLPNMLLGMEAAGSAGGVVE.A,8654.0,7075.0,2790.0,8222.0,2539.0,68164.0,15354.0,8629.0,7278.0,5183.0,6745.0,0.0,120368.0,1922.0,4472.0,2214.0,R.VFDSLNYLPNM(15.9949)LLGMEAAGSAGGVVE.A
3036,S,U,R.VFDSLNYLPNMLLGMEAAGSAGGVVEA.A,2605.0,1693.0,1025.0,1395.0,0.0,4506.0,1118.0,1861.0,1078.0,992.0,957.0,0.0,14519.0,1809.0,867.0,0.0,R.VFDSLNYLPNMLLGM(15.9949)EAAGSAGGVVEA.A
3037,S,U,R.VFDSLNYLPNMLLGMEAAGSAGGVVEAAISYTGDVAD.P,0.0,0.0,635.0,0.0,0.0,0.0,0.0,0.0,0.0,0.0,0.0,0.0,0.0,0.0,0.0,0.0,R.VFDSLNYLPNMLLGM(15.9949)EAAGSAGGVVEAAISYTGDVAD.P
3123,S,U,N.MLLGMEAAGSAGGVVEAAISYTGDVADPSR.T,0.0,0.0,0.0,0.0,0.0,0.0,0.0,724.0,0.0,0.0,0.0,0.0,692.0,0.0,0.0,0.0,N.MLLGMEAAGSAGGVVEAAISYTGDVADPSR.T
3124,S,U,N.MLLGMEAAGSAGGVVEAAISYTGDVADPSR.T,2921.0,1503.0,2303.0,0.0,3283.0,3823.0,2423.0,2148.0,2046.0,2331.0,1706.0,2865.0,3635.0,0.0,3065.0,2122.0,N.MLLGM(15.9949)EAAGSAGGVVEAAISYTGDVADPSR.T
3125,S,U,N.MLLGMEAAGSAGGVVEAAISYTGDVADPSR.T,0.0,1033.0,0.0,0.0,0.0,0.0,696.0,677.0,0.0,801.0,1032.0,0.0,764.0,0.0,0.0,0.0,N.MLLGM(15.9949)EAAGSAGGVVEAAISYTGDVADPSR.T
3126,S,U,M.LLGMEAAGSAGGVVEAAISYTGDVADPSR.T,1649.0,2071.0,2444.0,2459.0,1219.0,0.0,2497.0,1506.0,2374.0,2225.0,3018.0,2084.0,3703.0,3732.0,2954.0,2489.0,M.LLGM(15.9949)EAAGSAGGVVEAAISYTGDVADPSR.T
3127,S,U,L.LGMEAAGSAGGVVEAAISYTGDVADPSR.T,6400.0,3374.0,4126.0,7945.0,2590.0,25373.0,7878.0,3793.0,5440.0,3556.0,5883.0,1810.0,44324.0,1054.0,2853.0,2929.0,L.LGM(15.9949)EAAGSAGGVVEAAISYTGDVADPSR.T
3128,S,U,L.LGMEAAGSAGGVVEAAISYTGDVADPSR.T,6763.0,4548.0,4719.0,10665.0,846.0,29043.0,5678.0,5055.0,5939.0,4167.0,4772.0,2564.0,48250.0,1298.0,2935.0,4255.0,L.LGM(15.9949)EAAGSAGGVVEAAISYTGDVADPSR.T
3129,S,U,G.MEAAGSAGGVVEAAISYTGDVADPSR.T,1955.0,2894.0,3094.0,2276.0,2299.0,4195.0,3549.0,2607.0,4406.0,2732.0,2603.0,2411.0,6751.0,1594.0,1714.0,1468.0,G.M(15.9949)EAAGSAGGVVEAAISYTGDVADPSR.T
3243,S,U,Y.SLEYYMGLAEELVR.A,27386.0,30785.0,21338.0,12988.0,20181.0,40402.0,34392.0,21677.0,31257.0,37510.0,15913.0,26920.0,43458.0,19765.0,19671.0,22888.0,Y.SLEYYM(15.9949)GLAEELVR.A
3244,S,U,Y.SLEYYMGLAEELVR.A,21797.0,23290.0,19508.0,13846.0,19178.0,40362.0,32890.0,25653.0,32007.0,39029.0,16036.0,27024.0,43713.0,19095.0,21358.0,26568.0,Y.SLEYYM(15.9949)GLAEELVR.A
3245,S,U,Y.SLEYYMGLAEELVR.A,8859.0,10989.0,8052.0,5812.0,8188.0,16897.0,14698.0,9920.0,11717.0,14721.0,5669.0,11071.0,18579.0,7216.0,9317.0,8342.0,Y.SLEYYM(15.9949)GLAEELVR.A
3246,S,U,Y.SLEYYMGLAEELVR.A,31258.0,41371.0,29067.0,17306.0,26661.0,61944.0,52594.0,37612.0,48427.0,64276.0,21317.0,39450.0,67121.0,27672.0,24761.0,28368.0,Y.SLEYYM(15.9949)GLAEELVR.A
3247,S,U,Y.SLEYYMGLAEELVR.A,42932.0,54132.0,38008.0,28429.0,39184.0,90771.0,68437.0,46214.0,66577.0,95711.0,28970.0,52908.0,90680.0,42078.0,43972.0,41750.0,Y.SLEYYM(15.9949)GLAEELVR.A
3248,S,U,Y.SLEYYMGLAEELVR.A,35291.0,47907.0,34914.0,38042.0,27655.0,49311.0,33437.0,27305.0,46718.0,47039.0,20421.0,27992.0,44758.0,28105.0,17147.0,20352.0,Y.SLEYYM(15.9949)GLAEELVR.A
3259,S,U,R.AGTHILCIKDMAGLLKPAACTMLVSSLR.D,14111.0,19101.0,23084.0,11360.0,16981.0,18820.0,27814.0,20509.0,17371.0,31656.0,12582.0,28175.0,12500.0,19396.0,19124.0,17954.0,R.AGTHILCIKDMAGLLKPAACTMLVSSLR.D
3260,S,U,R.AGTHILCIKDMAGLLKPAACTMLVSSLR.D,22308.0,29208.0,37506.0,17992.0,18036.0,27944.0,41247.0,37931.0,21303.0,52668.0,27749.0,44034.0,21295.0,32321.0,30328.0,21939.0,R.AGTHILCIKDMAGLLKPAACTMLVSSLR.D
3261,S,U,R.AGTHILCIKDMAGLLKPAACTMLVSSLR.D,402041.0,663874.0,735535.0,282705.0,380759.0,550634.0,956437.0,799531.0,347081.0,1106581.0,530139.0,931662.0,343229.0,619489.0,698965.0,535432.0,R.AGTHILCIKDMAGLLKPAACTMLVSSLR.D
3262,S,U,R.AGTHILCIKDMAGLLKPAACTMLVSSLR.D,88233.0,130823.0,162075.0,73848.0,81369.0,108599.0,195559.0,172503.0,84907.0,226137.0,115448.0,192657.0,77466.0,143990.0,142881.0,113701.0,R.AGTHILCIKDMAGLLKPAACTMLVSSLR.D
3263,S,U,R.AGTHILCIKDMAGLLKPAACTMLVSSLR.D,61820.0,90476.0,88872.0,61562.0,50579.0,85434.0,117460.0,97950.0,58791.0,130001.0,71878.0,126116.0,62957.0,91446.0,76996.0,66814.0,R.AGTHILCIKDMAGLLKPAACTMLVSSLR.D
3264,S,U,R.AGTHILCIKDMAGLLKPAACTMLVSSLR.D,85966.0,120970.0,141542.0,72689.0,69026.0,120183.0,159545.0,139709.0,92456.0,180188.0,98222.0,189178.0,78142.0,121307.0,118654.0,105530.0,R.AGTHILCIKDMAGLLKPAACTMLVSSLR.D
3265,S,U,R.AGTHILCIKDMAGLLKPAACTMLVSSLR.D,82018.0,86291.0,139353.0,41519.0,87666.0,75448.0,123743.0,82134.0,65197.0,145263.0,72739.0,116715.0,90776.0,74247.0,81927.0,83993.0,R.AGTHILCIKDM(15.9949)AGLLKPAACTMLVSSLR.D
3266,S,U,R.AGTHILCIKDMAGLLKPAACTMLVSSLR.D,65169.0,70300.0,116195.0,37937.0,55380.0,67905.0,90739.0,68104.0,59632.0,103678.0,61317.0,101228.0,58610.0,70587.0,67503.0,70873.0,R.AGTHILCIKDM(15.9949)AGLLKPAACTMLVSSLR.D
3267,S,U,R.AGTHILCIKDMAGLLKPAACTMLVSSLR.D,69591.0,99079.0,117722.0,48940.0,62338.0,80507.0,144048.0,115747.0,73594.0,175295.0,83210.0,147856.0,56928.0,97135.0,114022.0,93611.0,R.AGTHILCIKDMAGLLKPAACTM(15.9949)LVSSLR.D
3268,S,U,R.AGTHILCIKDMAGLLKPAACTMLVSSLR.D,67772.0,95492.0,123846.0,53249.0,57660.0,100671.0,154475.0,116375.0,80132.0,153120.0,82640.0,137340.0,47260.0,100688.0,110693.0,82843.0,R.AGTHILCIKDM(15.9949)AGLLKPAACTMLVSSLR.D
3269,S,U,R.AGTHILCIKDMAGLLKPAACTMLVSSLR.D,92470.0,139770.0,169534.0,71526.0,94819.0,134643.0,203381.0,166772.0,82204.0,228100.0,117648.0,197186.0,79613.0,146404.0,152870.0,108669.0,R.AGTHILCIKDMAGLLKPAACTM(15.9949)LVSSLR.D
3270,S,U,R.AGTHILCIKDMAGLLKPAACTMLVSSLR.D,115631.0,179384.0,217993.0,99945.0,132010.0,159055.0,254603.0,221151.0,104341.0,287342.0,160934.0,281931.0,86248.0,168277.0,187092.0,154416.0,R.AGTHILCIKDMAGLLKPAACTM(15.9949)LVSSLR.D
3271,S,U,R.AGTHILCIKDMAGLLKPAACTMLVSSLR.D,172533.0,278900.0,288197.0,139198.0,160755.0,258594.0,351722.0,327986.0,169141.0,446378.0,251401.0,415527.0,169887.0,276193.0,288943.0,214438.0,R.AGTHILCIKDM(15.9949)AGLLKPAACTMLVSSLR.D
3272,S,U,R.AGTHILCIKDMAGLLKPAACTMLVSSLR.D,293394.0,474996.0,527752.0,244026.0,255405.0,411121.0,687772.0,561581.0,245128.0,767386.0,362097.0,675759.0,234922.0,470956.0,475449.0,380222.0,R.AGTHILCIKDMAGLLKPAACTM(15.9949)LVSSLR.D
3273,S,U,R.AGTHILCIKDMAGLLKPAACTMLVSSLR.D,45416.0,72919.0,78449.0,37374.0,46380.0,59711.0,91521.0,80404.0,40706.0,112295.0,50788.0,94034.0,41502.0,67850.0,69246.0,57694.0,R.AGTHILCIKDMAGLLKPAACTM(15.9949)LVSSLR.D
3318,S,U,D.VAVDSMSGMTSQPSMGALVACTK.G,0.0,1359.0,1477.0,0.0,877.0,2662.0,2944.0,1458.0,601.0,978.0,851.0,933.0,2926.0,957.0,709.0,1314.0,D.VAVDSMSGMTSQPSM(15.9949)GALVACTK.G
3984,S,U,I.VGDLAQFMVQNGLSR.A,36069.0,67799.0,46805.0,39254.0,39662.0,81344.0,40417.0,32968.0,57745.0,62364.0,22193.0,34788.0,56784.0,27889.0,24225.0,30409.0,I.VGDLAQFM(15.9949)VQNGLSR.A
3985,S,U,I.VGDLAQFMVQNGLSR.A,52561.0,128001.0,69596.0,64522.0,65758.0,149965.0,79330.0,54058.0,98719.0,110655.0,43053.0,67723.0,104697.0,55560.0,48031.0,52354.0,I.VGDLAQFM(15.9949)VQNGLSR.A
3986,S,U,I.VGDLAQFMVQNGLSR.A,11090.0,25816.0,14007.0,13902.0,11815.0,24610.0,16771.0,11733.0,16445.0,20240.0,9067.0,13239.0,21013.0,8830.0,10072.0,8897.0,I.VGDLAQFM(15.9949)VQNGLSR.A
3987,S,U,I.VGDLAQFMVQNGLSR.A,24275.0,42614.0,34781.0,21933.0,26914.0,50396.0,33243.0,26530.0,40272.0,42274.0,19671.0,32542.0,42396.0,23412.0,23413.0,24677.0,I.VGDLAQFM(15.9949)VQNGLSR.A
3988,S,U,I.VGDLAQFMVQNGLSR.A,21872.0,36647.0,29060.0,17437.0,22440.0,36619.0,22781.0,18303.0,29734.0,33867.0,16809.0,24223.0,34868.0,18372.0,17433.0,17799.0,I.VGDLAQFM(15.9949)VQNGLSR.A
4143,S,U,K.DLPRIEGRPGASLPPLNLK.E,60324.0,139766.0,141523.0,65238.0,48034.0,72209.0,110871.0,60848.0,81027.0,145165.0,57373.0,102421.0,65960.0,120927.0,87608.0,56010.0,K.DLPRIEGRPGASLPPLNLK.E
4204,S,U,R.IEGRPGASLPPLNLKELEK.D,856.0,4067.0,4029.0,450.0,1417.0,1846.0,3204.0,754.0,3409.0,5687.0,1075.0,1811.0,2130.0,2834.0,2500.0,1033.0,R.IEGRPGASLPPLNLKELEK.D
4205,S,U,R.IEGRPGASLPPLNLKELEK.D,17142.0,65936.0,79483.0,20303.0,18514.0,33193.0,39756.0,16071.0,36438.0,67874.0,19683.0,38842.0,28798.0,45575.0,29991.0,11621.0,R.IEGRPGASLPPLNLKELEK.D
4206,S,U,R.IEGRPGASLPPLNLKELEK.D,16407.0,58689.0,73933.0,13631.0,16806.0,28235.0,39236.0,13695.0,32337.0,57661.0,14400.0,33969.0,25878.0,45903.0,24498.0,9266.0,R.IEGRPGASLPPLNLKELEK.D
4207,S,U,R.IEGRPGASLPPLNLKELEK.D,2149.0,13094.0,11712.0,2176.0,3567.0,3297.0,6752.0,3054.0,4960.0,8770.0,3798.0,6628.0,4891.0,5933.0,3855.0,2748.0,R.IEGRPGASLPPLNLKELEK.D
4208,S,U,R.IEGRPGASLPPLNLKELEK.D,230415.0,986847.0,860341.0,219341.0,315656.0,402074.0,495865.0,234828.0,537463.0,798765.0,218600.0,404364.0,412214.0,636109.0,359315.0,218836.0,R.IEGRPGASLPPLNLKELEK.D
4209,S,U,R.IEGRPGASLPPLNLKELEK.D,44695.0,145617.0,169280.0,52949.0,49435.0,67722.0,96611.0,49000.0,110266.0,135522.0,41157.0,79606.0,77580.0,113764.0,57327.0,40512.0,R.IEGRPGASLPPLNLKELEK.D
4210,S,U,R.IEGRPGASLPPLNLKELEK.D,99032.0,365480.0,419959.0,92367.0,114122.0,174777.0,213141.0,98624.0,220216.0,356007.0,94284.0,190130.0,187242.0,248404.0,143311.0,72176.0,R.IEGRPGASLPPLNLKELEK.D
4215,S,U,K.DLIDRHGEEVTPEDVLSAAMYPDVF.A,2896.0,2681.0,1956.0,2550.0,867.0,2268.0,3031.0,2007.0,2430.0,4212.0,1296.0,3229.0,1686.0,2495.0,2670.0,3126.0,K.DLIDRHGEEVTPEDVLSAAM(15.9949)YPDVF.A
4237,S,U,R.HGEEVTPEDVLSAAMYPDVF.A,3009.0,2216.0,3937.0,1839.0,1684.0,30691.0,4047.0,2591.0,3006.0,2236.0,2790.0,2058.0,32772.0,465.0,1480.0,0.0,R.HGEEVTPEDVLSAAM(15.9949)YPDVF.A
4364,S,U,G.EEVTPEDVLSAAMYPDVFAQFK.D,2133.0,2621.0,1722.0,995.0,1303.0,2316.0,1484.0,1308.0,2823.0,1880.0,723.0,1599.0,2161.0,1515.0,2209.0,728.0,G.EEVTPEDVLSAAM(15.9949)YPDVFAQFK.D
4365,S,U,E.EVTPEDVLSAAMYPDVFAQFK.D,1931.0,2930.0,2539.0,2146.0,830.0,14515.0,11731.0,2847.0,4219.0,2420.0,1681.0,1559.0,13578.0,537.0,609.0,1780.0,E.EVTPEDVLSAAM(15.9949)YPDVFAQFK.D
4366,S,U,E.EVTPEDVLSAAMYPDVFAQFK.D,4041.0,5797.0,10808.0,2975.0,5014.0,73594.0,69330.0,9485.0,22867.0,4834.0,3764.0,4789.0,66271.0,1068.0,3933.0,2521.0,E.EVTPEDVLSAAM(15.9949)YPDVFAQFK.D
,Q91ZA3,UNIQUE,SEQUENCE,tag_126.127726,tag_127.124761,tag_127.131081,tag_128.128116,tag_128.134436,tag_129.131471,tag_129.13779,tag_130.134825,tag_130.141145,tag_131.13818,tag_131.1445,tag_132.141535,tag_132.147855,tag_133.14489,tag_133.15121,tag_134.148245,Sequences_mod_check
4903,S,U,R.AQAVHPGYGFLSENKEFAKR.L,32162.0,25487.0,58723.0,19769.0,31463.0,27605.0,36570.0,25955.0,45856.0,40079.0,36071.0,52553.0,59009.0,48380.0,36607.0,34669.0,R.AQAVHPGYGFLSENKEFAKR.L
4917,S,U,K.RLAAEDVTFIGPDTHAIQAMGDKIESK.L,15759.0,15771.0,39348.0,6986.0,14547.0,17078.0,20395.0,10966.0,13024.0,25952.0,16216.0,26933.0,30752.0,24962.0,19605.0,17608.0,K.RLAAEDVTFIGPDTHAIQAMGDKIESK.L
4918,S,U,K.RLAAEDVTFIGPDTHAIQAMGDKIESK.L,120769.0,196785.0,535146.0,24515.0,177854.0,131183.0,218481.0,128047.0,181232.0,254641.0,161893.0,268732.0,306073.0,233577.0,168194.0,150344.0,K.RLAAEDVTFIGPDTHAIQAMGDKIESK.L
4919,S,U,K.RLAAEDVTFIGPDTHAIQAMGDKIESK.L,13616.0,24649.0,59592.0,2408.0,20975.0,16793.0,25017.0,16569.0,21379.0,24475.0,19174.0,31271.0,33152.0,27846.0,24428.0,16084.0,K.RLAAEDVTFIGPDTHAIQAM(15.9949)GDKIESK.L
4920,S,U,R.LAAEDVTFIGPDTHAIQAMGD.K,17589.0,12149.0,24506.0,6327.0,12499.0,11049.0,14454.0,17540.0,12514.0,19604.0,11502.0,23931.0,29019.0,15259.0,15910.0,21552.0,R.LAAEDVTFIGPDTHAIQAM(15.9949)GD.K
4981,S,U,R.AKVNTIPGFDGVVKDADEAVR.I,132111.0,144143.0,355403.0,33539.0,138413.0,94553.0,190329.0,112228.0,215441.0,223938.0,147299.0,252643.0,283763.0,271802.0,141048.0,131585.0,R.AKVNTIPGFDGVVKDADEAVR.I
5440,S,U,R.FQEHSRVPVIRPDVAK.W,191326.0,123965.0,369920.0,76160.0,119813.0,153100.0,221221.0,179677.0,302645.0,351542.0,277996.0,430404.0,429588.0,347373.0,235483.0,186189.0,R.FQEHSRVPVIRPDVAK.W
5442,S,U,R.VPVIRPDVAKWELSVK.L,190436.0,463461.0,1120575.0,88846.0,215738.0,161742.0,372414.0,165352.0,205559.0,335556.0,280920.0,375400.0,306103.0,558183.0,336147.0,222927.0,R.VPVIRPDVAKWELSVK.L
,Q8C196,UNIQUE,SEQUENCE,tag_126.127726,tag_127.124761,tag_127.131081,tag_128.128116,tag_128.134436,tag_129.131471,tag_129.13779,tag_130.134825,tag_130.141145,tag_131.13818,tag_131.1445,tag_132.141535,tag_132.147855,tag_133.14489,tag_133.15121,tag_134.148245,Sequences_mod_check
5642,S,U,K.MKGYSFGHPSSVAGEVVFNTGLGGYPEALTD.P,6766.0,6223.0,8085.0,4236.0,4738.0,5777.0,5201.0,5763.0,4630.0,6837.0,6034.0,8263.0,4919.0,8733.0,3514.0,3822.0,K.M(15.9949)KGYSFGHPSSVAGEVVFNTGLGGYPEALTD.P
5945,S,U,K.ILESDRKEPLFGISTGNIITGLAAGAK.S,865.0,1886.0,2060.0,541.0,709.0,0.0,711.0,0.0,0.0,1064.0,0.0,0.0,818.0,939.0,0.0,0.0,K.ILESDRKEPLFGISTGNIITGLAAGAK.S
6028,S,U,K.GKGTTITSVLPKPALVASR.V,7787.0,3423.0,4784.0,4935.0,4066.0,4410.0,5325.0,3642.0,6418.0,5538.0,4846.0,4463.0,5191.0,5961.0,1579.0,4970.0,K.GKGTTITSVLPKPALVASR.V
6029,S,U,K.GKGTTITSVLPKPALVASR.V,1404.0,755.0,1405.0,911.0,934.0,1481.0,652.0,778.0,1725.0,872.0,1172.0,1740.0,2012.0,1767.0,842.0,0.0,K.GKGTTITSVLPKPALVASR.V
6030,S,U,K.GKGTTITSVLPKPALVASR.V,16716.0,11108.0,15750.0,13876.0,10039.0,15395.0,11565.0,10391.0,16847.0,15064.0,14037.0,13437.0,19915.0,13936.0,8328.0,10408.0,K.GKGTTITSVLPKPALVASR.V
6031,S,U,K.GKGTTITSVLPKPALVASR.V,49032.0,31696.0,37461.0,36403.0,32169.0,41421.0,30780.0,32908.0,40937.0,35030.0,33110.0,37006.0,49524.0,38134.0,19758.0,27708.0,K.GKGTTITSVLPKPALVASR.V
6032,S,U,K.GKGTTITSVLPKPALVASR.V,9540.0,7269.0,9182.0,8515.0,9155.0,9861.0,9609.0,6343.0,10018.0,7420.0,10404.0,11992.0,11280.0,10649.0,4150.0,7679.0,K.GKGTTITSVLPKPALVASR.V
6033,S,U,K.GKGTTITSVLPKPALVASR.V,29910.0,21624.0,27900.0,29131.0,23168.0,28068.0,26593.0,23696.0,37858.0,26099.0,27663.0,28899.0,33831.0,28928.0,12907.0,20794.0,K.GKGTTITSVLPKPALVASR.V
6034,S,U,K.GKGTTITSVLPKPALVASR.V,20261.0,12688.0,17520.0,20460.0,13232.0,17758.0,19543.0,14487.0,25177.0,19439.0,21416.0,20775.0,27942.0,24174.0,9600.0,16553.0,K.GKGTTITSVLPKPALVASR.V
6035,S,U,K.GKGTTITSVLPKPALVASR.V,99372.0,83285.0,72905.0,85507.0,49328.0,95361.0,58013.0,59952.0,103181.0,88641.0,128964.0,93185.0,77543.0,97635.0,54372.0,62531.0,K.GKGTTITSVLPKPALVASR.V
6036,S,U,K.GKGTTITSVLPKPALVASR.V,65672.0,43428.0,41260.0,58284.0,32234.0,51282.0,40680.0,34364.0,54528.0,44059.0,65543.0,62227.0,49363.0,49862.0,25458.0,36227.0,K.GKGTTITSVLPKPALVASR.V
6037,S,U,K.GKGTTITSVLPKPALVASR.V,0.0,0.0,0.0,0.0,0.0,0.0,0.0,0.0,0.0,0.0,0.0,0.0,1011.0,0.0,0.0,0.0,K.GKGTTITSVLPKPALVASR.V
6038,S,U,K.GKGTTITSVLPKPALVASR.V,71415.0,41289.0,63495.0,74309.0,35739.0,72188.0,55121.0,49002.0,77948.0,72727.0,70564.0,80962.0,96512.0,79672.0,37753.0,49554.0,K.GKGTTITSVLPKPALVASR.V
6039,S,U,K.GKGTTITSVLPKPALVASR.V,69996.0,47416.0,64322.0,57211.0,40922.0,61413.0,51713.0,48639.0,61320.0,69813.0,62528.0,57947.0,72256.0,64603.0,28919.0,46270.0,K.GKGTTITSVLPKPALVASR.V
6040,S,U,K.GKGTTITSVLPKPALVASR.V,92520.0,67075.0,99226.0,88087.0,58500.0,102556.0,78532.0,77727.0,107489.0,92830.0,102516.0,101123.0,129033.0,106887.0,45495.0,81768.0,K.GKGTTITSVLPKPALVASR.V
6041,S,U,K.GKGTTITSVLPKPALVASR.V,400844.0,251171.0,374595.0,308135.0,242779.0,334084.0,292335.0,261123.0,456844.0,363143.0,407267.0,393937.0,508686.0,435781.0,202925.0,287425.0,K.GKGTTITSVLPKPALVASR.V
6357,S,U,K.AERPDGLILGMGGQTALNCGVELFKR.G,17599.0,13535.0,18217.0,9788.0,12097.0,21095.0,16620.0,10645.0,13002.0,19437.0,13841.0,22462.0,20814.0,11999.0,6737.0,11848.0,K.AERPDGLILGMGGQTALNCGVELFKR.G
6358,S,U,K.AERPDGLILGMGGQTALNCGVELFKR.G,6801.0,7680.0,8486.0,6200.0,3616.0,9776.0,3326.0,5576.0,8691.0,9483.0,7084.0,6225.0,7061.0,5488.0,3451.0,6091.0,K.AERPDGLILGMGGQTALNCGVELFKR.G
6359,S,U,K.AERPDGLILGMGGQTALNCGVELFKR.G,1365.0,2147.0,2691.0,1822.0,1859.0,2303.0,1940.0,1747.0,1258.0,1699.0,1448.0,1933.0,3551.0,1422.0,0.0,1064.0,K.AERPDGLILGMGGQTALNCGVELFKR.G
6360,S,U,K.AERPDGLILGMGGQTALNCGVELFKR.G,41947.0,38602.0,56236.0,21225.0,32963.0,42327.0,38605.0,29387.0,34532.0,39005.0,34230.0,36081.0,47380.0,28797.0,14422.0,29050.0,K.AERPDGLILGMGGQTALNCGVELFKR.G
6361,S,U,K.AERPDGLILGMGGQTALNCGVELFKR.G,104549.0,111955.0,146301.0,51627.0,60969.0,93211.0,69140.0,50730.0,79326.0,87205.0,76646.0,72766.0,84546.0,59834.0,24406.0,44711.0,K.AERPDGLILGMGGQTALNCGVELFKR.G
6362,S,U,K.AERPDGLILGMGGQTALNCGVELFKR.G,20065.0,19667.0,23451.0,9268.0,15830.0,19438.0,23043.0,14152.0,19155.0,22556.0,17580.0,18461.0,26721.0,17233.0,9465.0,14995.0,K.AERPDGLILGMGGQTALNCGVELFKR.G
6363,S,U,K.AERPDGLILGMGGQTALNCGVELFKR.G,17420.0,19886.0,23019.0,8285.0,10820.0,21780.0,16787.0,12973.0,18958.0,16540.0,18835.0,18482.0,20477.0,12311.0,9924.0,11484.0,K.AERPDGLILGMGGQTALNCGVELFKR.G
6364,S,U,K.AERPDGLILGMGGQTALNCGVELFKR.G,17874.0,17628.0,22912.0,10535.0,9962.0,17292.0,14869.0,13360.0,15901.0,20958.0,16362.0,16550.0,20286.0,13665.0,7988.0,9511.0,K.AERPDGLILGMGGQTALNCGVELFKR.G
6365,S,U,K.AERPDGLILGMGGQTALNCGVELFKR.G,38836.0,45431.0,36714.0,25663.0,24467.0,35655.0,32655.0,18754.0,35257.0,33543.0,34595.0,40746.0,41020.0,37701.0,32784.0,23528.0,K.AERPDGLILGMGGQTALNCGVELFKR.G
6366,S,U,K.AERPDGLILGMGGQTALNCGVELFKR.G,30047.0,31641.0,40382.0,21375.0,23675.0,32802.0,26527.0,22103.0,36069.0,32843.0,24216.0,29991.0,37718.0,32474.0,15161.0,21966.0,K.AERPDGLILGMGGQTALNCGVELFKR.G
6367,S,U,K.AERPDGLILGMGGQTALNCGVELFKR.G,12484.0,13561.0,16476.0,7842.0,5952.0,13365.0,11665.0,8120.0,11042.0,16661.0,10940.0,14968.0,16542.0,11641.0,6258.0,11846.0,K.AERPDGLILGMGGQTALNCGVELFKR.G
6368,S,U,K.AERPDGLILGMGGQTALNCGVELFKR.G,1997993.0,1667121.0,2006602.0,963942.0,1369297.0,2008072.0,1613663.0,1247011.0,1354501.0,1927105.0,1776188.0,1922288.0,2215159.0,1486133.0,886941.0,1313538.0,K.AERPDGLILGMGGQTALNCGVELFKR.G
6369,S,U,K.AERPDGLILGMGGQTALNCGVELFKR.G,86274.0,69527.0,88056.0,39334.0,52092.0,86784.0,68415.0,46235.0,63429.0,74261.0,62591.0,74248.0,78775.0,65090.0,38931.0,46059.0,K.AERPDGLILGMGGQTALNCGVELFKR.G
6370,S,U,K.AERPDGLILGMGGQTALNCGVELFKR.G,162254.0,149841.0,187138.0,90651.0,108949.0,170583.0,142574.0,116110.0,127462.0,165091.0,143522.0,159011.0,184173.0,115806.0,71602.0,100770.0,K.AERPDGLILGMGGQTALNCGVELFKR.G
6371,S,U,K.AERPDGLILGMGGQTALNCGVELFKR.G,8563.0,7436.0,9919.0,4311.0,6187.0,8931.0,7839.0,5719.0,5027.0,6945.0,5848.0,7806.0,9508.0,4319.0,2971.0,4858.0,K.AERPDGLILGM(15.9949)GGQTALNCGVELFKR.G
6372,S,U,K.AERPDGLILGMGGQTALNCGVELFKR.G,14815.0,14745.0,16701.0,7938.0,12838.0,17199.0,13261.0,13178.0,12981.0,14046.0,14828.0,13683.0,18363.0,9055.0,6040.0,8385.0,K.AERPDGLILGM(15.9949)GGQTALNCGVELFKR.G
6373,S,U,K.AERPDGLILGMGGQTALNCGVELFKR.G,51728.0,44344.0,69898.0,26591.0,34793.0,51471.0,47853.0,45184.0,40417.0,51901.0,58336.0,52289.0,59407.0,37521.0,25536.0,28020.0,K.AERPDGLILGM(15.9949)GGQTALNCGVELFKR.G
6374,S,U,K.AERPDGLILGMGGQTALNCGVELFKR.G,34565.0,26015.0,46290.0,25638.0,23046.0,37760.0,33490.0,22235.0,29776.0,33994.0,32940.0,47286.0,48121.0,25957.0,17219.0,30742.0,K.AERPDGLILGM(15.9949)GGQTALNCGVELFKR.G
6375,S,U,K.AERPDGLILGMGGQTALNCGVELFKR.G,60588.0,61008.0,67662.0,34692.0,44787.0,72209.0,55593.0,50503.0,56967.0,84806.0,62338.0,78313.0,85138.0,54013.0,29290.0,54504.0,K.AERPDGLILGM(15.9949)GGQTALNCGVELFKR.G
6376,S,U,K.AERPDGLILGMGGQTALNCGVELFKR.G,24341.0,24407.0,29446.0,20799.0,16456.0,23633.0,23431.0,20602.0,34760.0,28863.0,21881.0,26517.0,25518.0,24695.0,11405.0,17769.0,K.AERPDGLILGM(15.9949)GGQTALNCGVELFKR.G
6377,S,U,K.AERPDGLILGMGGQTALNCGVELFKR.G,214519.0,213562.0,224537.0,111189.0,137051.0,234103.0,165522.0,152440.0,184514.0,211512.0,246393.0,216326.0,283252.0,145562.0,78465.0,151011.0,K.AERPDGLILGM(15.9949)GGQTALNCGVELFKR.G
6378,S,U,K.AERPDGLILGMGGQTALNCGVELFKR.G,117806.0,108631.0,124747.0,65406.0,78812.0,119384.0,101334.0,82341.0,92148.0,116513.0,113205.0,122593.0,125999.0,79616.0,55141.0,68162.0,K.AERPDGLILGM(15.9949)GGQTALNCGVELFKR.G
6379,S,U,K.AERPDGLILGMGGQTALNCGVELFKR.G,215107.0,179343.0,236421.0,107597.0,132971.0,224986.0,196338.0,136405.0,158673.0,219450.0,174733.0,199362.0,241008.0,157517.0,100192.0,127622.0,K.AERPDGLILGM(15.9949)GGQTALNCGVELFKR.G
6434,S,U,V.LGTSVESIMATEDR.Q,16219.0,23614.0,19612.0,17188.0,15027.0,26028.0,15214.0,15860.0,21110.0,19494.0,13771.0,19628.0,21921.0,16497.0,10420.0,16142.0,V.LGTSVESIM(15.9949)ATEDR.Q
6601,S,U,M.GVHTGDSVVVAPAQTLSNAEFQMLR.R,5668.0,3920.0,5054.0,4769.0,2081.0,5640.0,4019.0,6102.0,5435.0,5664.0,2932.0,4521.0,4345.0,4773.0,2416.0,4295.0,M.GVHTGDSVVVAPAQTLSNAEFQM(15.9949)LR.R
6602,S,U,D.SVVVAPAQTLSNAEFQMLR.R,6497.0,7336.0,7582.0,3519.0,4914.0,7301.0,6228.0,6003.0,7130.0,5750.0,5629.0,7940.0,8854.0,6898.0,4840.0,5362.0,D.SVVVAPAQTLSNAEFQM(15.9949)LR.R
6603,S,U,D.SVVVAPAQTLSNAEFQMLR.R,10615.0,11534.0,18926.0,6865.0,8627.0,14096.0,12117.0,8054.0,15745.0,15545.0,6783.0,13391.0,14389.0,9527.0,6956.0,9823.0,D.SVVVAPAQTLSNAEFQM(15.9949)LR.R
6604,S,U,D.SVVVAPAQTLSNAEFQMLR.R,24310.0,30552.0,36456.0,18105.0,15199.0,30997.0,31441.0,21629.0,39444.0,37688.0,29818.0,32580.0,29762.0,23756.0,19630.0,20979.0,D.SVVVAPAQTLSNAEFQM(15.9949)LR.R
6609,S,U,R.HLGIVGECNIQFALHPTSMEY.C,4376.0,3624.0,4015.0,4348.0,3635.0,9778.0,4545.0,3578.0,6245.0,3977.0,3232.0,2465.0,25331.0,3612.0,2219.0,2786.0,R.HLGIVGECNIQFALHPTSM(15.9949)EY.C
6610,S,U,R.HLGIVGECNIQFALHPTSMEY.C,13102.0,9087.0,5629.0,10241.0,5817.0,40662.0,12039.0,9200.0,13769.0,7820.0,10473.0,5886.0,92747.0,3849.0,8109.0,5723.0,R.HLGIVGECNIQFALHPTSM(15.9949)EY.C
6888,S,U,K.KTVVVNCNPETVSTDFDECDKLYFEELSLER.I,42581.0,41206.0,54910.0,22524.0,17164.0,52105.0,32375.0,16934.0,60434.0,62215.0,25993.0,50429.0,75104.0,54103.0,14129.0,20021.0,K.KTVVVNCNPETVSTDFDECDKLYFEELSLER.I
6889,S,U,K.KTVVVNCNPETVSTDFDECDKLYFEELSLER.I,75326.0,84568.0,133421.0,44901.0,56547.0,110837.0,91623.0,49242.0,142265.0,109944.0,84411.0,75658.0,127885.0,91379.0,36852.0,42078.0,K.KTVVVNCNPETVSTDFDECDKLYFEELSLER.I
6983,S,U,K.AVNTLNEALEFANSVGYPCLLRPSYVLSGSAMNVVFSEDEMKR.F,2476.0,6409.0,9104.0,3461.0,3962.0,6718.0,5505.0,5093.0,3813.0,5743.0,5936.0,5236.0,8243.0,4085.0,0.0,3221.0,K.AVNTLNEALEFANSVGYPCLLRPSYVLSGSAMNVVFSEDEMKR.F
6984,S,U,K.AVNTLNEALEFANSVGYPCLLRPSYVLSGSAMNVVFSEDEMKR.F,1808.0,1949.0,803.0,1054.0,2051.0,2280.0,1438.0,1838.0,1772.0,1668.0,2024.0,1152.0,1679.0,0.0,906.0,0.0,K.AVNTLNEALEFANSVGYPCLLRPSYVLSGSAM(15.9949)NVVFSEDEMKR.F
6985,S,U,K.AVNTLNEALEFANSVGYPCLLRPSYVLSGSAMNVVFSEDEMKR.F,253915.0,305018.0,302396.0,191441.0,175844.0,238572.0,216643.0,192644.0,183146.0,144342.0,297177.0,284245.0,253046.0,148354.0,115653.0,133300.0,K.AVNTLNEALEFANSVGYPCLLRPSYVLSGSAM(15.9949)NVVFSEDEMKR.F
6986,S,U,K.AVNTLNEALEFANSVGYPCLLRPSYVLSGSAMNVVFSEDEMKR.F,6224.0,6273.0,7014.0,5212.0,4567.0,6355.0,7376.0,4341.0,5154.0,4721.0,7688.0,5586.0,6434.0,3911.0,3090.0,4495.0,K.AVNTLNEALEFANSVGYPCLLRPSYVLSGSAMNVVFSEDEM(15.9949)KR.F
6987,S,U,K.AVNTLNEALEFANSVGYPCLLRPSYVLSGSAMNVVFSEDEMKR.F,37077.0,40705.0,43321.0,37824.0,27391.0,40443.0,31814.0,32601.0,23211.0,41588.0,43693.0,36787.0,62180.0,18693.0,18964.0,24289.0,K.AVNTLNEALEFANSVGYPCLLRPSYVLSGSAMNVVFSEDEM(15.9949)KR.F
,P16460,UNIQUE,SEQUENCE,tag_126.127726,tag_127.124761,tag_127.131081,tag_128.128116,tag_128.134436,tag_129.131471,tag_129.13779,tag_130.134825,tag_130.141145,tag_131.13818,tag_131.1445,tag_132.141535,tag_132.147855,tag_133.14489,tag_133.15121,tag_134.148245,Sequences_mod_check
7511,S,U,K.TQDPAKAPNSPDVLEIEFKK.G,28829.0,29570.0,46490.0,15354.0,19050.0,33537.0,22623.0,15787.0,50806.0,45242.0,25735.0,44257.0,42979.0,37954.0,19201.0,14093.0,K.TQDPAKAPNSPDVLEIEFKK.G
7645,S,U,L.VSMNVQGDYEPIDATGFININSLR.L,6010.0,2808.0,5255.0,3028.0,1781.0,18337.0,4632.0,3363.0,4653.0,2443.0,3480.0,1462.0,20644.0,1632.0,1502.0,1801.0,L.VSM(15.9949)NVQGDYEPIDATGFININSLR.L
,Q9WVD5,UNIQUE,SEQUENCE,tag_126.127726,tag_127.124761,tag_127.131081,tag_128.128116,tag_128.134436,tag_129.131471,tag_129.13779,tag_130.134825,tag_130.141145,tag_131.13818,tag_131.1445,tag_132.141535,tag_132.147855,tag_133.14489,tag_133.15121,tag_134.148245,Sequences_mod_check
7953,S,U,R.TFLSIVKNEGITALYSGLKPTMIR.A,34552.0,49924.0,75130.0,21640.0,25532.0,35845.0,43666.0,31752.0,28118.0,59707.0,33606.0,42110.0,33712.0,28991.0,27129.0,27344.0,R.TFLSIVKNEGITALYSGLKPTM(15.9949)IR.A
7954,S,U,R.TFLSIVKNEGITALYSGLKPTMIR.A,23734.0,37385.0,48082.0,18556.0,18537.0,23478.0,29085.0,21659.0,21135.0,36672.0,25309.0,28927.0,27281.0,24072.0,19337.0,21137.0,R.TFLSIVKNEGITALYSGLKPTM(15.9949)IR.A
,Q8VBT2,UNIQUE,SEQUENCE,tag_126.127726,tag_127.124761,tag_127.131081,tag_128.128116,tag_128.134436,tag_129.131471,tag_129.13779,tag_130.134825,tag_130.141145,tag_131.13818,tag_131.1445,tag_132.141535,tag_132.147855,tag_133.14489,tag_133.15121,tag_134.148245,Sequences_mod_check
8113,S,U,K.ELKETLSAKPGAIVLSVGGGGLLCGVVQGLR.E,83450.0,42030.0,57622.0,37843.0,40753.0,75212.0,56668.0,29317.0,48692.0,57913.0,46232.0,33538.0,66771.0,29527.0,33933.0,30536.0,K.ELKETLSAKPGAIVLSVGGGGLLCGVVQGLR.E
,P11679,UNIQUE,SEQUENCE,tag_126.127726,tag_127.124761,tag_127.131081,tag_128.128116,tag_128.134436,tag_129.131471,tag_129.13779,tag_130.134825,tag_130.141145,tag_131.13818,tag_131.1445,tag_132.141535,tag_132.147855,tag_133.14489,tag_133.15121,tag_134.148245,Sequences_mod_check
8211,S,U,L.GGFGGAGVGGITAVTVNQSLLSPLKLEVDPNIQAVR.T,16226.0,31614.0,45758.0,5037.0,24972.0,26498.0,20695.0,16489.0,10877.0,12028.0,21618.0,108761.0,61287.0,47345.0,8962.0,29568.0,L.GGFGGAGVGGITAVTVNQSLLSPLKLEVDPNIQAVR.T
,Q5SWU9,UNIQUE,SEQUENCE,tag_126.127726,tag_127.124761,tag_127.131081,tag_128.128116,tag_128.134436,tag_129.131471,tag_129.13779,tag_130.134825,tag_130.141145,tag_131.13818,tag_131.1445,tag_132.141535,tag_132.147855,tag_133.14489,tag_133.15121,tag_134.148245,Sequences_mod_check
9080,S,U,K.GYVKDVDDGLKAAEEVGYPVMIK.A,14448.0,21676.0,34193.0,3927.0,8423.0,14694.0,10909.0,7910.0,8996.0,18652.0,17037.0,27515.0,14033.0,11278.0,6921.0,8170.0,K.GYVKDVDDGLKAAEEVGYPVMIK.A
9194,S,U,D.APIDFENSAHVPCPR.G,4235.0,3757.0,3900.0,4976.0,2207.0,3600.0,5050.0,3863.0,7180.0,3379.0,6708.0,6112.0,8705.0,6038.0,3170.0,5021.0,D.APIDFENSAHVPCPR.G
9195,S,U,D.APIDFENSAHVPCPR.G,10048.0,5381.0,10244.0,7462.0,2832.0,7883.0,7416.0,7084.0,8623.0,9786.0,12008.0,11590.0,12793.0,9343.0,2904.0,6628.0,D.APIDFENSAHVPCPR.G
9485,S,U,R.QLKDNTCVVEFQFMLPTSHPNRGNIPTLNR.M,29361.0,36940.0,28479.0,11520.0,13431.0,19239.0,28571.0,19061.0,24194.0,42144.0,42237.0,56439.0,23666.0,21954.0,19206.0,15320.0,R.QLKDNTCVVEFQFMLPTSHPNRGNIPTLNR.M
9720,S,U,R.YKITDIIGKEEGLGAENLR.G,3663.0,12653.0,8210.0,3568.0,2476.0,2540.0,4437.0,3807.0,3686.0,6129.0,4436.0,9998.0,2796.0,4407.0,4641.0,894.0,R.YKITDIIGKEEGLGAENLR.G
9721,S,U,R.YKITDIIGKEEGLGAENLR.G,27254.0,86168.0,66999.0,18470.0,18165.0,28007.0,29098.0,19888.0,31150.0,55561.0,33995.0,65397.0,28828.0,36219.0,20709.0,23565.0,R.YKITDIIGKEEGLGAENLR.G
,E9Q4Z2,UNIQUE,SEQUENCE,tag_126.127726,tag_127.124761,tag_127.131081,tag_128.128116,tag_128.134436,tag_129.131471,tag_129.13779,tag_130.134825,tag_130.141145,tag_131.13818,tag_131.1445,tag_132.141535,tag_132.147855,tag_133.14489,tag_133.15121,tag_134.148245,Sequences_mod_check
10151,S,U,K.RIPVQAVWAGWGHASENPKLPELLCK.H,161670.0,159194.0,299595.0,60427.0,116441.0,155913.0,148188.0,91950.0,180360.0,181490.0,241058.0,303151.0,168366.0,168590.0,95984.0,94522.0,K.RIPVQAVWAGWGHASENPKLPELLCK.H
10331,S,U,K.YIKRPGVILEAGCVVAR.L,81055.0,62132.0,116337.0,34385.0,39105.0,60707.0,63313.0,44981.0,71541.0,80255.0,72448.0,109258.0,70199.0,65031.0,44737.0,43254.0,K.YIKRPGVILEAGCVVAR.L
10332,S,U,K.YIKRPGVILEAGCVVAR.L,78256.0,61735.0,143735.0,42441.0,51919.0,70306.0,63832.0,45290.0,85727.0,80596.0,98592.0,141268.0,98367.0,58573.0,40705.0,48132.0,K.YIKRPGVILEAGCVVAR.L
10333,S,U,K.YIKRPGVILEAGCVVAR.L,77342.0,69110.0,99400.0,27479.0,29265.0,70152.0,68392.0,36817.0,69650.0,67150.0,75037.0,101224.0,112702.0,48217.0,30102.0,38125.0,K.YIKRPGVILEAGCVVAR.L
10334,S,U,K.YIKRPGVILEAGCVVAR.L,55954.0,47983.0,89984.0,27800.0,32826.0,52168.0,59444.0,30666.0,61304.0,52377.0,67207.0,100025.0,54766.0,46617.0,36190.0,35010.0,K.YIKRPGVILEAGCVVAR.L
,P17182,UNIQUE,SEQUENCE,tag_126.127726,tag_127.124761,tag_127.131081,tag_128.128116,tag_128.134436,tag_129.131471,tag_129.13779,tag_130.134825,tag_130.141145,tag_131.13818,tag_131.1445,tag_132.141535,tag_132.147855,tag_133.14489,tag_133.15121,tag_134.148245,Sequences_mod_check
11244,S,U,R.SGKYDLDFKSPDDPSR.Y,0.0,0.0,4828.0,0.0,885.0,829.0,1197.0,1566.0,2199.0,1247.0,979.0,0.0,2124.0,2144.0,0.0,0.0,R.SGKYDLDFKSPDDPSR.Y
,Q9DBM2,UNIQUE,SEQUENCE,tag_126.127726,tag_127.124761,tag_127.131081,tag_128.128116,tag_128.134436,tag_129.131471,tag_129.13779,tag_130.134825,tag_130.141145,tag_131.13818,tag_131.1445,tag_132.141535,tag_132.147855,tag_133.14489,tag_133.15121,tag_134.148245,Sequences_mod_check
11335,S,U,R.RILNKPVPSLPNMDSVFAEAIAK.V,177615.0,146042.0,177974.0,125298.0,80845.0,249127.0,95139.0,90918.0,115905.0,145862.0,144080.0,175697.0,394678.0,279109.0,56666.0,66936.0,R.RILNKPVPSLPNMDSVFAEAIAK.V
11336,S,U,R.RILNKPVPSLPNMDSVFAEAIAK.V,140131.0,128331.0,146173.0,101088.0,48373.0,198077.0,76368.0,64798.0,90206.0,100551.0,126710.0,147286.0,311050.0,228862.0,42731.0,43938.0,R.RILNKPVPSLPNMDSVFAEAIAK.V
,Q9D819,UNIQUE,SEQUENCE,tag_126.127726,tag_127.124761,tag_127.131081,tag_128.128116,tag_128.134436,tag_129.131471,tag_129.13779,tag_130.134825,tag_130.141145,tag_131.13818,tag_131.1445,tag_132.141535,tag_132.147855,tag_133.14489,tag_133.15121,tag_134.148245,Sequences_mod_check
11573,S,U,R.LKPGYLEATVDWFRR.Y,17143.0,13387.0,18873.0,13259.0,10571.0,12899.0,17627.0,16167.0,23978.0,23794.0,14581.0,15885.0,17336.0,16499.0,12086.0,18716.0,R.LKPGYLEATVDWFRR.Y
11574,S,U,R.LKPGYLEATVDWFRR.Y,95551.0,105268.0,146267.0,46509.0,64700.0,98774.0,102054.0,79292.0,148461.0,141197.0,51895.0,64551.0,82512.0,73970.0,55049.0,77229.0,R.LKPGYLEATVDWFRR.Y
11575,S,U,R.YKVPDGKPENEFAFNAEFK.N,38442.0,60412.0,126213.0,16002.0,36114.0,62462.0,65493.0,35322.0,142407.0,118102.0,34679.0,51074.0,72769.0,62206.0,26278.0,30162.0,R.YKVPDGKPENEFAFNAEFK.N
11576,S,U,R.YKVPDGKPENEFAFNAEFK.N,58218.0,97859.0,190015.0,15039.0,47353.0,107399.0,107121.0,48302.0,195659.0,165467.0,47835.0,66842.0,142487.0,91461.0,60957.0,44035.0,R.YKVPDGKPENEFAFNAEFK.N
,Q99MR8,UNIQUE,SEQUENCE,tag_126.127726,tag_127.124761,tag_127.131081,tag_128.128116,tag_128.134436,tag_129.131471,tag_129.13779,tag_130.134825,tag_130.141145,tag_131.13818,tag_131.1445,tag_132.141535,tag_132.147855,tag_133.14489,tag_133.15121,tag_134.148245,Sequences_mod_check
12320,S,U,Y.SIGPAPSQQSYLAMEK.I,6147.0,9343.0,9328.0,2496.0,6159.0,8191.0,6984.0,5628.0,8798.0,10003.0,7777.0,11302.0,10026.0,5636.0,7179.0,3356.0,Y.SIGPAPSQQSYLAM(15.9949)EK.I
12498,S,U,R.RKLGEAAVR.A,1211.0,807.0,1805.0,0.0,1599.0,724.0,697.0,1053.0,1375.0,1569.0,930.0,2416.0,633.0,1547.0,1031.0,1463.0,R.RKLGEAAVR.A
12743,S,U,M.PGAGPLVHLSTPSADMSTR.I,7960.0,6005.0,7052.0,8052.0,7008.0,8507.0,8106.0,5497.0,15369.0,12254.0,8865.0,13506.0,17178.0,13970.0,9725.0,6435.0,M.PGAGPLVHLSTPSADM(15.9949)STR.I
,Q8K0E8,UNIQUE,SEQUENCE,tag_126.127726,tag_127.124761,tag_127.131081,tag_128.128116,tag_128.134436,tag_129.131471,tag_129.13779,tag_130.134825,tag_130.141145,tag_131.13818,tag_131.1445,tag_132.141535,tag_132.147855,tag_133.14489,tag_133.15121,tag_134.148245,Sequences_mod_check
13064,S,U,R.RPPDAGGCLHADTDMGVLCPTGCTLQQTLLNQERPIK.S,44342.0,38094.0,80954.0,11142.0,30454.0,51489.0,88638.0,52008.0,124963.0,171246.0,8715.0,16543.0,10401.0,9809.0,7994.0,7009.0,R.RPPDAGGCLHADTDMGVLCPTGCTLQQTLLNQERPIK.S
13065,S,U,R.RPPDAGGCLHADTDMGVLCPTGCTLQQTLLNQERPIK.S,12161.0,14616.0,25512.0,2387.0,13286.0,17885.0,32234.0,22096.0,50657.0,58839.0,531.0,2487.0,0.0,0.0,2253.0,0.0,R.RPPDAGGCLHADTDM(15.9949)GVLCPTGCTLQQTLLNQERPIK.S
13066,S,U,R.RPPDAGGCLHADTDMGVLCPTGCTLQQTLLNQERPIK.S,13966.0,13591.0,28271.0,3832.0,9761.0,19113.0,29994.0,16359.0,47983.0,59651.0,0.0,2598.0,2148.0,0.0,2067.0,2147.0,R.RPPDAGGCLHADTDM(15.9949)GVLCPTGCTLQQTLLNQERPIK.S
13104,S,U,R.KGGETSEMYLIQPDTSIKPYR.V,61117.0,83809.0,114499.0,13795.0,41383.0,69889.0,109106.0,63133.0,177910.0,236868.0,5893.0,21783.0,12190.0,7525.0,10434.0,11083.0,R.KGGETSEMYLIQPDTSIKPYR.V
13105,S,U,R.KGGETSEMYLIQPDTSIKPYR.V,90849.0,125091.0,175346.0,14988.0,47060.0,113740.0,169913.0,92064.0,266974.0,346322.0,0.0,15674.0,9400.0,3232.0,10908.0,11551.0,R.KGGETSEMYLIQPDTSIKPYR.V
13106,S,U,R.KGGETSEMYLIQPDTSIKPYR.V,20445.0,29557.0,39700.0,10978.0,14563.0,25068.0,40698.0,16257.0,95630.0,93317.0,1948.0,7543.0,4078.0,5163.0,3758.0,3283.0,R.KGGETSEMYLIQPDTSIKPYR.V
13107,S,U,R.KGGETSEMYLIQPDTSIKPYR.V,35152.0,57202.0,58246.0,4007.0,17950.0,34165.0,58945.0,27023.0,103723.0,133287.0,732.0,9513.0,3948.0,1731.0,5184.0,3169.0,R.KGGETSEM(15.9949)YLIQPDTSIKPYR.V
13108,S,U,R.KGGETSEMYLIQPDTSIKPYR.V,18544.0,27186.0,27750.0,3160.0,11173.0,20109.0,31271.0,16507.0,49067.0,62681.0,1869.0,6691.0,2204.0,2497.0,2070.0,1666.0,R.KGGETSEM(15.9949)YLIQPDTSIKPYR.V
,Q99MN9,UNIQUE,SEQUENCE,tag_126.127726,tag_127.124761,tag_127.131081,tag_128.128116,tag_128.134436,tag_129.131471,tag_129.13779,tag_130.134825,tag_130.141145,tag_131.13818,tag_131.1445,tag_132.141535,tag_132.147855,tag_133.14489,tag_133.15121,tag_134.148245,Sequences_mod_check
13456,S,U,R.EFFNFLPLSSQDPAPIRECHDPSDRLVPELDTVVPLESSK.A,11834.0,17981.0,41599.0,9607.0,14885.0,14152.0,24706.0,14296.0,16178.0,28148.0,15684.0,28602.0,37461.0,39946.0,19543.0,16812.0,R.EFFNFLPLSSQDPAPIRECHDPSDRLVPELDTVVPLESSK.A
,Q7TNG8,UNIQUE,SEQUENCE,tag_126.127726,tag_127.124761,tag_127.131081,tag_128.128116,tag_128.134436,tag_129.131471,tag_129.13779,tag_130.134825,tag_130.141145,tag_131.13818,tag_131.1445,tag_132.141535,tag_132.147855,tag_133.14489,tag_133.15121,tag_134.148245,Sequences_mod_check
13702,S,U,R.RALALGGTCTGEHGIGLGKR.Q,45077.0,59511.0,69074.0,48050.0,29979.0,67536.0,55583.0,39221.0,102033.0,74141.0,81800.0,92310.0,48894.0,50245.0,48817.0,41668.0,R.RALALGGTCTGEHGIGLGKR.Q
,P56593,UNIQUE,SEQUENCE,tag_126.127726,tag_127.124761,tag_127.131081,tag_128.128116,tag_128.134436,tag_129.131471,tag_129.13779,tag_130.134825,tag_130.141145,tag_131.13818,tag_131.1445,tag_132.141535,tag_132.147855,tag_133.14489,tag_133.15121,tag_134.148245,Sequences_mod_check
13808,S,U,K.KIPAFLPFSTGKR.F,76037.0,78071.0,111390.0,62345.0,39222.0,97733.0,74072.0,54697.0,126415.0,90130.0,78813.0,83259.0,79940.0,63289.0,45868.0,46954.0,K.KIPAFLPFSTGKR.F
,P16331,UNIQUE,SEQUENCE,tag_126.127726,tag_127.124761,tag_127.131081,tag_128.128116,tag_128.134436,tag_129.131471,tag_129.13779,tag_130.134825,tag_130.141145,tag_131.13818,tag_131.1445,tag_132.141535,tag_132.147855,tag_133.14489,tag_133.15121,tag_134.148245,Sequences_mod_check
13905,S,U,R.LNKDEYEFFTYLDKR.S,141294.0,91994.0,242547.0,45559.0,103781.0,153466.0,91626.0,62945.0,175300.0,120259.0,85966.0,91184.0,212853.0,145479.0,46256.0,48220.0,R.LNKDEYEFFTYLDKR.S
,Q03265,UNIQUE,SEQUENCE,tag_126.127726,tag_127.124761,tag_127.131081,tag_128.128116,tag_128.134436,tag_129.131471,tag_129.13779,tag_130.134825,tag_130.141145,tag_131.13818,tag_131.1445,tag_132.141535,tag_132.147855,tag_133.14489,tag_133.15121,tag_134.148245,Sequences_mod_check
14091,S,U,K.LIKEGDVVKR.T,4924.0,6631.0,11666.0,3954.0,5298.0,5214.0,5126.0,3810.0,10991.0,7936.0,3984.0,7378.0,10143.0,7229.0,4063.0,4365.0,K.LIKEGDVVKR.T
,P54869,UNIQUE,SEQUENCE,tag_126.127726,tag_127.124761,tag_127.131081,tag_128.128116,tag_128.134436,tag_129.131471,tag_129.13779,tag_130.134825,tag_130.141145,tag_131.13818,tag_131.1445,tag_132.141535,tag_132.147855,tag_133.14489,tag_133.15121,tag_134.148245,Sequences_mod_check
14387,S,U,K.QAGNNQPFTLDDVQYMIFHTPF.C,39231.0,112951.0,70514.0,76724.0,101351.0,134815.0,78638.0,49196.0,59698.0,75642.0,52134.0,72947.0,142914.0,76062.0,44655.0,54382.0,K.QAGNNQPFTLDDVQYMIFHTPF.C
14388,S,U,K.QAGNNQPFTLDDVQYMIFHTPF.C,2791.0,3974.0,5537.0,3921.0,4493.0,6665.0,6157.0,2798.0,4304.0,4335.0,3294.0,6901.0,8393.0,5792.0,2694.0,2576.0,K.QAGNNQPFTLDDVQYM(15.9949)IFHTPF.C
,S4R1W1,UNIQUE,SEQUENCE,tag_126.127726,tag_127.124761,tag_127.131081,tag_128.128116,tag_128.134436,tag_129.131471,tag_129.13779,tag_130.134825,tag_130.141145,tag_131.13818,tag_131.1445,tag_132.141535,tag_132.147855,tag_133.14489,tag_133.15121,tag_134.148245,Sequences_mod_check
14538,S,U,K.AENGKLVINGKPITIFQER.D,4207.0,5624.0,7314.0,2902.0,5704.0,8888.0,16543.0,11548.0,19768.0,25818.0,3024.0,11916.0,19965.0,14732.0,6133.0,12056.0,K.AENGKLVINGKPITIFQER.D
14539,S,U,K.AENGKLVINGKPITIFQER.D,3829.0,5332.0,6839.0,5364.0,3684.0,6916.0,13117.0,12451.0,18674.0,19860.0,3352.0,9000.0,16697.0,14351.0,9994.0,11903.0,K.AENGKLVINGKPITIFQER.D
14544,S,U,K.LVINGKPITIFQERDPTNIK.W,11707.0,17688.0,26635.0,10163.0,18599.0,20339.0,41046.0,30824.0,49117.0,41442.0,10397.0,17366.0,38887.0,44307.0,22344.0,29472.0,K.LVINGKPITIFQERDPTNIK.W
14545,S,U,K.LVINGKPITIFQERDPTNIK.W,7911.0,10254.0,17188.0,7858.0,9523.0,16224.0,20071.0,14627.0,29465.0,29101.0,5875.0,12060.0,21835.0,22595.0,12243.0,19107.0,K.LVINGKPITIFQERDPTNIK.W
14546,S,U,K.LVINGKPITIFQERDPTNIK.W,120180.0,218141.0,286412.0,90089.0,176340.0,295554.0,378074.0,266317.0,548056.0,461615.0,92436.0,222011.0,363447.0,368621.0,221997.0,272791.0,K.LVINGKPITIFQERDPTNIK.W
14547,S,U,K.LVINGKPITIFQERDPTNIK.W,208043.0,375401.0,540959.0,130406.0,336731.0,391058.0,674360.0,534850.0,895599.0,780407.0,169257.0,297997.0,663609.0,662975.0,361440.0,498589.0,K.LVINGKPITIFQERDPTNIK.W
,Q8BFR5,UNIQUE,SEQUENCE,tag_126.127726,tag_127.124761,tag_127.131081,tag_128.128116,tag_128.134436,tag_129.131471,tag_129.13779,tag_130.134825,tag_130.141145,tag_131.13818,tag_131.1445,tag_132.141535,tag_132.147855,tag_133.14489,tag_133.15121,tag_134.148245,Sequences_mod_check
14839,S,U,K.LLDAVDTYIPVPTRDLDKPFLLPVESVYSIPGR.G,35451.0,34427.0,38554.0,23927.0,13008.0,13966.0,22391.0,9117.0,10511.0,16915.0,27985.0,41558.0,12087.0,18689.0,12330.0,8440.0,K.LLDAVDTYIPVPTRDLDKPFLLPVESVYSIPGR.G
,Q99K67,UNIQUE,SEQUENCE,tag_126.127726,tag_127.124761,tag_127.131081,tag_128.128116,tag_128.134436,tag_129.131471,tag_129.13779,tag_130.134825,tag_130.141145,tag_131.13818,tag_131.1445,tag_132.141535,tag_132.147855,tag_133.14489,tag_133.15121,tag_134.148245,Sequences_mod_check
15131,S,U,R.KTDGVYDPVEYEKYPER.Y,52636.0,47624.0,98521.0,34360.0,36768.0,97727.0,71564.0,37997.0,121978.0,105915.0,48832.0,49729.0,124304.0,85559.0,36922.0,40818.0,R.KTDGVYDPVEYEKYPER.Y
15276,S,U,R.IKAEGIVFNTQSTIKL.-,93793.0,81675.0,99335.0,51232.0,66832.0,138914.0,107604.0,71832.0,149085.0,123290.0,79684.0,66332.0,166585.0,107965.0,57142.0,52803.0,R.IKAEGIVFNTQSTIKL.-
15277,S,U,R.IKAEGIVFNTQSTIKL.-,111382.0,106675.0,104977.0,59186.0,82736.0,156306.0,87479.0,83766.0,159708.0,138068.0,81426.0,83813.0,186487.0,116711.0,48063.0,62144.0,R.IKAEGIVFNTQSTIKL.-
,Q91VS7,UNIQUE,SEQUENCE,tag_126.127726,tag_127.124761,tag_127.131081,tag_128.128116,tag_128.134436,tag_129.131471,tag_129.13779,tag_130.134825,tag_130.141145,tag_131.13818,tag_131.1445,tag_132.141535,tag_132.147855,tag_133.14489,tag_133.15121,tag_134.148245,Sequences_mod_check
15414,S,U,M.MFMSSATAFQR.I,12848.0,8713.0,11388.0,22815.0,8403.0,11930.0,11502.0,7845.0,20629.0,14747.0,9954.0,15669.0,15647.0,13662.0,6614.0,9655.0,M.MFM(15.9949)SSATAFQR.I
,P00329,UNIQUE,SEQUENCE,tag_126.127726,tag_127.124761,tag_127.131081,tag_128.128116,tag_128.134436,tag_129.131471,tag_129.13779,tag_130.134825,tag_130.141145,tag_131.13818,tag_131.1445,tag_132.141535,tag_132.147855,tag_133.14489,tag_133.15121,tag_134.148245,Sequences_mod_check
15547,S,U,K.AAVLWELHKPFTIEDIEVAPPKAHEVR.I,40830.0,70680.0,95805.0,41213.0,23862.0,44831.0,54489.0,52105.0,111510.0,98672.0,87218.0,80644.0,51288.0,61198.0,33065.0,29014.0,K.AAVLWELHKPFTIEDIEVAPPKAHEVR.I
,Q99JY0,UNIQUE,SEQUENCE,tag_126.127726,tag_127.124761,tag_127.131081,tag_128.128116,tag_128.134436,tag_129.131471,tag_129.13779,tag_130.134825,tag_130.141145,tag_131.13818,tag_131.1445,tag_132.141535,tag_132.147855,tag_133.14489,tag_133.15121,tag_134.148245,Sequences_mod_check
15893,S,U,K.LKPAFIKPYGTVTAANSSFLTDGASAMLIMSEDR.A,17132.0,18724.0,23123.0,12952.0,13619.0,19796.0,19579.0,17408.0,11587.0,17740.0,16921.0,22777.0,28078.0,13010.0,10778.0,14419.0,K.LKPAFIKPYGTVTAANSSFLTDGASAMLIMSEDR.A
15894,S,U,K.LKPAFIKPYGTVTAANSSFLTDGASAMLIMSEDR.A,10083.0,9026.0,14068.0,8353.0,8677.0,12160.0,9347.0,13862.0,9261.0,10353.0,9960.0,13385.0,13424.0,8323.0,3886.0,8304.0,K.LKPAFIKPYGTVTAANSSFLTDGASAMLIMSEDR.A
15895,S,U,K.LKPAFIKPYGTVTAANSSFLTDGASAMLIMSEDR.A,61640.0,56731.0,76835.0,33775.0,58898.0,60767.0,50743.0,56182.0,39152.0,49663.0,66668.0,71876.0,63336.0,36918.0,25220.0,43764.0,K.LKPAFIKPYGTVTAANSSFLTDGASAMLIMSEDR.A
15896,S,U,K.LKPAFIKPYGTVTAANSSFLTDGASAMLIMSEDR.A,7913.0,9297.0,14998.0,6269.0,8197.0,10386.0,10637.0,9747.0,7138.0,10903.0,10762.0,11788.0,12356.0,4577.0,5436.0,8536.0,K.LKPAFIKPYGTVTAANSSFLTDGASAM(15.9949)LIMSEDR.A
15897,S,U,K.LKPAFIKPYGTVTAANSSFLTDGASAMLIMSEDR.A,10110.0,8627.0,12488.0,4598.0,6102.0,10355.0,9568.0,9740.0,7299.0,8161.0,8639.0,12238.0,13358.0,7267.0,6390.0,7466.0,K.LKPAFIKPYGTVTAANSSFLTDGASAMLIM(15.9949)SEDR.A
15898,S,U,K.LKPAFIKPYGTVTAANSSFLTDGASAMLIMSEDR.A,20246.0,18642.0,27010.0,14801.0,9987.0,13724.0,9430.0,12798.0,17163.0,15263.0,20151.0,24496.0,14242.0,9393.0,6126.0,9128.0,K.LKPAFIKPYGTVTAANSSFLTDGASAMLIM(15.9949)SEDR.A
,P51881,UNIQUE,SEQUENCE,tag_126.127726,tag_127.124761,tag_127.131081,tag_128.128116,tag_128.134436,tag_129.131471,tag_129.13779,tag_130.134825,tag_130.141145,tag_131.13818,tag_131.1445,tag_132.141535,tag_132.147855,tag_133.14489,tag_133.15121,tag_134.148245,Sequences_mod_check
16173,S,U,K.YKQIFLGGVDKR.T,71762.0,77147.0,91620.0,52852.0,49386.0,68233.0,56843.0,45698.0,110044.0,95120.0,58284.0,65190.0,83964.0,53279.0,32504.0,37192.0,K.YKQIFLGGVDKR.T
,Q6P5E4,UNIQUE,SEQUENCE,tag_126.127726,tag_127.124761,tag_127.131081,tag_128.128116,tag_128.134436,tag_129.131471,tag_129.13779,tag_130.134825,tag_130.141145,tag_131.13818,tag_131.1445,tag_132.141535,tag_132.147855,tag_133.14489,tag_133.15121,tag_134.148245,Sequences_mod_check
16360,S,U,K.KYPYVEVNSILGIDSAYDQNRK.E,29584.0,57755.0,64283.0,20117.0,19458.0,43767.0,24981.0,13812.0,87126.0,86906.0,913.0,8207.0,0.0,0.0,0.0,0.0,K.KYPYVEVNSILGIDSAYDQNRK.E
16499,S,U,K.AEEVKQDKDDIINIFSVASGHLYER.F,80722.0,213925.0,275737.0,41694.0,78439.0,123273.0,75438.0,29779.0,316153.0,249462.0,9366.0,17465.0,12198.0,8152.0,3481.0,4702.0,K.AEEVKQDKDDIINIFSVASGHLYER.F
,Q8R0Y6,UNIQUE,SEQUENCE,tag_126.127726,tag_127.124761,tag_127.131081,tag_128.128116,tag_128.134436,tag_129.131471,tag_129.13779,tag_130.134825,tag_130.141145,tag_131.13818,tag_131.1445,tag_132.141535,tag_132.147855,tag_133.14489,tag_133.15121,tag_134.148245,Sequences_mod_check
17243,S,U,R.RPQPEEGATYEGIQKK.E,46645.0,41948.0,41577.0,21496.0,14988.0,30083.0,25916.0,32585.0,58902.0,50838.0,32174.0,46518.0,50870.0,16624.0,18562.0,18119.0,R.RPQPEEGATYEGIQKK.E
17244,S,U,R.RPQPEEGATYEGIQKK.E,70001.0,56369.0,64104.0,25985.0,23451.0,42107.0,39780.0,44959.0,87121.0,64532.0,53209.0,75080.0,98494.0,33808.0,27807.0,42023.0,R.RPQPEEGATYEGIQKK.E
17305,S,U,K.ALYVSDKLQAGTVFVNTYNKTDVAAPFGGFK.Q,8494.0,8177.0,6421.0,5262.0,2678.0,4578.0,4672.0,7629.0,6358.0,8033.0,4865.0,8677.0,9795.0,4766.0,3904.0,7033.0,K.ALYVSDKLQAGTVFVNTYNKTDVAAPFGGFK.Q
,P09103,UNIQUE,SEQUENCE,tag_126.127726,tag_127.124761,tag_127.131081,tag_128.128116,tag_128.134436,tag_129.131471,tag_129.13779,tag_130.134825,tag_130.141145,tag_131.13818,tag_131.1445,tag_132.141535,tag_132.147855,tag_133.14489,tag_133.15121,tag_134.148245,Sequences_mod_check
17367,S,U,K.YKPESDELTAEKITEFCHR.F,220404.0,538244.0,815573.0,59745.0,156917.0,253109.0,165093.0,77875.0,511217.0,498564.0,5981.0,29115.0,16374.0,11506.0,7605.0,12398.0,K.YKPESDELTAEKITEFCHR.F
,Q9D6M3,UNIQUE,SEQUENCE,tag_126.127726,tag_127.124761,tag_127.131081,tag_128.128116,tag_128.134436,tag_129.131471,tag_129.13779,tag_130.134825,tag_130.141145,tag_131.13818,tag_131.1445,tag_132.141535,tag_132.147855,tag_133.14489,tag_133.15121,tag_134.148245,Sequences_mod_check
17604,S,U,R.KILAAQAQLSAQGGAQPSVEAPAPPRPTATQLTR.D,1357.0,547.0,942.0,1012.0,996.0,1391.0,1208.0,765.0,2261.0,2205.0,896.0,978.0,2697.0,1944.0,904.0,1243.0,R.KILAAQAQLSAQGGAQPSVEAPAPPRPTATQLTR.D
17605,S,U,R.KILAAQAQLSAQGGAQPSVEAPAPPRPTATQLTR.D,18787.0,10385.0,12559.0,20506.0,10045.0,18957.0,13279.0,12826.0,18886.0,17750.0,16337.0,17842.0,20462.0,15066.0,6712.0,10925.0,R.KILAAQAQLSAQGGAQPSVEAPAPPRPTATQLTR.D
17606,S,U,R.KILAAQAQLSAQGGAQPSVEAPAPPRPTATQLTR.D,1453.0,1187.0,1005.0,1133.0,1124.0,1803.0,1062.0,0.0,2351.0,1825.0,1607.0,0.0,2802.0,1659.0,0.0,1400.0,R.KILAAQAQLSAQGGAQPSVEAPAPPRPTATQLTR.D
17607,S,U,R.KILAAQAQLSAQGGAQPSVEAPAPPRPTATQLTR.D,1846.0,3896.0,5387.0,3230.0,2898.0,3186.0,4895.0,4175.0,2785.0,0.0,3091.0,5276.0,3841.0,4800.0,1296.0,2209.0,R.KILAAQAQLSAQGGAQPSVEAPAPPRPTATQLTR.D
17608,S,U,R.KILAAQAQLSAQGGAQPSVEAPAPPRPTATQLTR.D,20442.0,16226.0,13461.0,19170.0,10594.0,18565.0,11792.0,15103.0,22794.0,22187.0,16255.0,19929.0,19510.0,18588.0,7248.0,12851.0,R.KILAAQAQLSAQGGAQPSVEAPAPPRPTATQLTR.D
17609,S,U,R.KILAAQAQLSAQGGAQPSVEAPAPPRPTATQLTR.D,111591.0,81267.0,85454.0,114063.0,60273.0,130523.0,86177.0,81836.0,127132.0,115434.0,88124.0,108250.0,132716.0,100716.0,51997.0,85375.0,R.KILAAQAQLSAQGGAQPSVEAPAPPRPTATQLTR.D
,Q3UNZ8,UNIQUE,SEQUENCE,tag_126.127726,tag_127.124761,tag_127.131081,tag_128.128116,tag_128.134436,tag_129.131471,tag_129.13779,tag_130.134825,tag_130.141145,tag_131.13818,tag_131.1445,tag_132.141535,tag_132.147855,tag_133.14489,tag_133.15121,tag_134.148245,Sequences_mod_check
17655,S,U,R.AALCTELKQPLTIQEVAPRPVGPQEVR.V,66153.0,73520.0,98175.0,65429.0,54793.0,65929.0,95527.0,54350.0,80856.0,100993.0,99890.0,120467.0,128486.0,117826.0,76496.0,68082.0,R.AALCTELKQPLTIQEVAPRPVGPQEVR.V
17656,S,U,R.AALCTELKQPLTIQEVAPRPVGPQEVR.V,23102.0,26103.0,22208.0,15835.0,21289.0,31532.0,22964.0,30438.0,44848.0,31367.0,31936.0,31776.0,40942.0,52287.0,21316.0,16104.0,R.AALCTELKQPLTIQEVAPRPVGPQEVR.V
,P62281,UNIQUE,SEQUENCE,tag_126.127726,tag_127.124761,tag_127.131081,tag_128.128116,tag_128.134436,tag_129.131471,tag_129.13779,tag_130.134825,tag_130.141145,tag_131.13818,tag_131.1445,tag_132.141535,tag_132.147855,tag_133.14489,tag_133.15121,tag_134.148245,Sequences_mod_check
17737,S,U,R.VLLGETGKEKLPR.Y,48801.0,63912.0,76659.0,34435.0,37317.0,61609.0,59460.0,45407.0,85030.0,109912.0,44501.0,79659.0,61346.0,59739.0,52947.0,47043.0,R.VLLGETGKEKLPR.Y
,Q922D8,UNIQUE,SEQUENCE,tag_126.127726,tag_127.124761,tag_127.131081,tag_128.128116,tag_128.134436,tag_129.131471,tag_129.13779,tag_130.134825,tag_130.141145,tag_131.13818,tag_131.1445,tag_132.141535,tag_132.147855,tag_133.14489,tag_133.15121,tag_134.148245,Sequences_mod_check
17820,S,U,K.GEWIKPGAVVIDCGINYVPDDTKPNGR.K,71658.0,66481.0,75690.0,57277.0,43492.0,83304.0,52192.0,46880.0,91062.0,68113.0,84643.0,69235.0,80848.0,58462.0,33142.0,33804.0,K.GEWIKPGAVVIDCGINYVPDDTKPNGR.K
17821,S,U,K.GEWIKPGAVVIDCGINYVPDDTKPNGR.K,32327.0,26253.0,47107.0,16529.0,16451.0,31739.0,22449.0,15748.0,52810.0,38073.0,32299.0,32462.0,27274.0,17848.0,13766.0,13958.0,K.GEWIKPGAVVIDCGINYVPDDTKPNGR.K
,Q61990,UNIQUE,SEQUENCE,tag_126.127726,tag_127.124761,tag_127.131081,tag_128.128116,tag_128.134436,tag_129.131471,tag_129.13779,tag_130.134825,tag_130.141145,tag_131.13818,tag_131.1445,tag_132.141535,tag_132.147855,tag_133.14489,tag_133.15121,tag_134.148245,Sequences_mod_check
18048,S,U,K.GVTIPYRPKPSSSPVIFAGGQDR.Y,111793.0,78123.0,109166.0,66470.0,59994.0,109357.0,109273.0,100618.0,166972.0,164185.0,98611.0,124706.0,128150.0,92806.0,81005.0,112233.0,K.GVTIPYRPKPSSSPVIFAGGQDR.Y
18049,S,U,K.GVTIPYRPKPSSSPVIFAGGQDR.Y,31251.0,33277.0,32963.0,23879.0,25114.0,36393.0,53650.0,36440.0,66140.0,46855.0,32160.0,43030.0,42484.0,34215.0,28907.0,37159.0,K.GVTIPYRPKPSSSPVIFAGGQDR.Y
,Q922B2,UNIQUE,SEQUENCE,tag_126.127726,tag_127.124761,tag_127.131081,tag_128.128116,tag_128.134436,tag_129.131471,tag_129.13779,tag_130.134825,tag_130.141145,tag_131.13818,tag_131.1445,tag_132.141535,tag_132.147855,tag_133.14489,tag_133.15121,tag_134.148245,Sequences_mod_check
18396,S,U,R.LPLQLDDAIRPEVEGEEDGRATVNQDTR.L,21099.0,28588.0,37850.0,18965.0,22747.0,27305.0,24082.0,21918.0,42752.0,35871.0,24685.0,29355.0,23454.0,32536.0,21212.0,21645.0,R.LPLQLDDAIRPEVEGEEDGRATVNQDTR.L
,P20918,UNIQUE,SEQUENCE,tag_126.127726,tag_127.124761,tag_127.131081,tag_128.128116,tag_128.134436,tag_129.131471,tag_129.13779,tag_130.134825,tag_130.141145,tag_131.13818,tag_131.1445,tag_132.141535,tag_132.147855,tag_133.14489,tag_133.15121,tag_134.148245,Sequences_mod_check
18555,S,U,K.YILQGVTSWGLGCARPNKPGVYVR.V,35207.0,43872.0,54227.0,18777.0,18946.0,31526.0,24029.0,20318.0,56607.0,51480.0,14781.0,20499.0,16847.0,15633.0,11046.0,11552.0,K.YILQGVTSWGLGCARPNKPGVYVR.V
,P51660,UNIQUE,SEQUENCE,tag_126.127726,tag_127.124761,tag_127.131081,tag_128.128116,tag_128.134436,tag_129.131471,tag_129.13779,tag_130.134825,tag_130.141145,tag_131.13818,tag_131.1445,tag_132.141535,tag_132.147855,tag_133.14489,tag_133.15121,tag_134.148245,Sequences_mod_check
18728,S,U,K.ICDFSNASKPQTIQESTGGIVEVLHKVDSEGISPNR.T,6204.0,8636.0,7326.0,4340.0,2112.0,5682.0,5824.0,5476.0,11379.0,9918.0,4022.0,7188.0,11023.0,7282.0,1977.0,3449.0,K.ICDFSNASKPQTIQESTGGIVEVLHKVDSEGISPNR.T
,Q8BH00,UNIQUE,SEQUENCE,tag_126.127726,tag_127.124761,tag_127.131081,tag_128.128116,tag_128.134436,tag_129.131471,tag_129.13779,tag_130.134825,tag_130.141145,tag_131.13818,tag_131.1445,tag_132.141535,tag_132.147855,tag_133.14489,tag_133.15121,tag_134.148245,Sequences_mod_check
18778,S,U,K.KLSLELGGKNPAIIFEDANLEECIPATVR.S,17065.0,18248.0,21653.0,12780.0,10991.0,15173.0,20147.0,13959.0,29800.0,24656.0,12575.0,23210.0,27704.0,21222.0,15443.0,14692.0,K.KLSLELGGKNPAIIFEDANLEECIPATVR.S
,P62702,UNIQUE,SEQUENCE,tag_126.127726,tag_127.124761,tag_127.131081,tag_128.128116,tag_128.134436,tag_129.131471,tag_129.13779,tag_130.134825,tag_130.141145,tag_131.13818,tag_131.1445,tag_132.141535,tag_132.147855,tag_133.14489,tag_133.15121,tag_134.148245,Sequences_mod_check
18834,S,U,K.VRTDITYPAGFMDVISIDKTGENFR.L,22771.0,43159.0,59671.0,24882.0,18031.0,35843.0,56497.0,26811.0,37934.0,50142.0,22830.0,43122.0,39931.0,38400.0,26900.0,32534.0,K.VRTDITYPAGFMDVISIDKTGENFR.L
,P20029,UNIQUE,SEQUENCE,tag_126.127726,tag_127.124761,tag_127.131081,tag_128.128116,tag_128.134436,tag_129.131471,tag_129.13779,tag_130.134825,tag_130.141145,tag_131.13818,tag_131.1445,tag_132.141535,tag_132.147855,tag_133.14489,tag_133.15121,tag_134.148245,Sequences_mod_check
19078,S,U,K.KTKPYIQVDIGGGQTK.T,303990.0,435720.0,498214.0,102853.0,126507.0,217984.0,204077.0,135153.0,537599.0,466161.0,46524.0,60361.0,44653.0,40157.0,38360.0,39970.0,K.KTKPYIQVDIGGGQTK.T
19211,S,U,K.KKELEEIVQPIISK.L,9764.0,22433.0,34077.0,5121.0,8712.0,12757.0,14433.0,6835.0,33427.0,28533.0,5179.0,3349.0,3473.0,2766.0,2887.0,2643.0,K.KKELEEIVQPIISK.L
19212,S,U,K.KKELEEIVQPIISK.L,105511.0,185638.0,296117.0,38703.0,70620.0,90705.0,92575.0,50004.0,259218.0,249156.0,27280.0,42384.0,36251.0,29163.0,26876.0,21959.0,K.KKELEEIVQPIISK.L
,Q6ZWZ6,UNIQUE,SEQUENCE,tag_126.127726,tag_127.124761,tag_127.131081,tag_128.128116,tag_128.134436,tag_129.131471,tag_129.13779,tag_130.134825,tag_130.141145,tag_131.13818,tag_131.1445,tag_132.141535,tag_132.147855,tag_133.14489,tag_133.15121,tag_134.148245,Sequences_mod_check
19588,S,U,R.KVVGCSCVVVKDYGK.E,6357.0,9050.0,18674.0,1960.0,7891.0,7806.0,9340.0,7552.0,17245.0,13828.0,4621.0,7811.0,12133.0,12215.0,4073.0,7495.0,R.KVVGCSCVVVKDYGK.E
19589,S,U,R.KVVGCSCVVVKDYGK.E,15270.0,21504.0,50354.0,9552.0,16535.0,18163.0,28038.0,16058.0,41379.0,31362.0,12866.0,24159.0,29087.0,30908.0,11054.0,18564.0,R.KVVGCSCVVVKDYGK.E
,P50171,UNIQUE,SEQUENCE,tag_126.127726,tag_127.124761,tag_127.131081,tag_128.128116,tag_128.134436,tag_129.131471,tag_129.13779,tag_130.134825,tag_130.141145,tag_131.13818,tag_131.1445,tag_132.141535,tag_132.147855,tag_133.14489,tag_133.15121,tag_134.148245,Sequences_mod_check
19604,S,U,R.RLLEEVQACFSRPPSVVVSCAGITR.D,31964.0,62367.0,76261.0,33061.0,37743.0,77876.0,38921.0,27654.0,56570.0,44961.0,45775.0,66409.0,63602.0,56786.0,37234.0,25150.0,R.RLLEEVQACFSRPPSVVVSCAGITR.D
,Q8VCT4,UNIQUE,SEQUENCE,tag_126.127726,tag_127.124761,tag_127.131081,tag_128.128116,tag_128.134436,tag_129.131471,tag_129.13779,tag_130.134825,tag_130.141145,tag_131.13818,tag_131.1445,tag_132.141535,tag_132.147855,tag_133.14489,tag_133.15121,tag_134.148245,Sequences_mod_check
20084,S,U,R.DAGASTYMYEFEYRPSFVSAMRPK.A,26248.0,51217.0,36094.0,10021.0,12093.0,15326.0,7165.0,6664.0,7299.0,11418.0,3312.0,3211.0,4309.0,4059.0,0.0,2741.0,R.DAGASTYMYEFEYRPSFVSAMRPK.A
20085,S,U,R.DAGASTYMYEFEYRPSFVSAMRPK.A,13777.0,27249.0,27726.0,7488.0,6705.0,12191.0,5647.0,5324.0,10253.0,11452.0,4277.0,5869.0,5535.0,4880.0,4145.0,3664.0,R.DAGASTYMYEFEYRPSFVSAMRPK.A
,O08601,UNIQUE,SEQUENCE,tag_126.127726,tag_127.124761,tag_127.131081,tag_128.128116,tag_128.134436,tag_129.131471,tag_129.13779,tag_130.134825,tag_130.141145,tag_131.13818,tag_131.1445,tag_132.141535,tag_132.147855,tag_133.14489,tag_133.15121,tag_134.148245,Sequences_mod_check
20629,S,U,K.IIGKDNLEALQRPMLLHLVR.G,381582.0,402920.0,916414.0,73170.0,222615.0,320857.0,146535.0,80228.0,284886.0,312776.0,11567.0,27977.0,22141.0,6864.0,6795.0,12800.0,K.IIGKDNLEALQRPMLLHLVR.G
20630,S,U,K.IIGKDNLEALQRPMLLHLVR.G,245406.0,245174.0,545785.0,69281.0,129860.0,180076.0,89373.0,54855.0,158049.0,183795.0,13192.0,31058.0,26689.0,12804.0,10012.0,16531.0,K.IIGKDNLEALQRPM(15.9949)LLHLVR.G
20634,S,U,K.VKEFYSYENEPVGIENLKR.G,362993.0,458211.0,934469.0,104152.0,230386.0,281684.0,154534.0,69403.0,386302.0,362839.0,19475.0,51564.0,39085.0,19049.0,18880.0,25716.0,K.VKEFYSYENEPVGIENLKR.G
20709,S,U,K.KLILGGLEKPEK.K,138512.0,158287.0,356714.0,44286.0,83697.0,120518.0,53430.0,34618.0,185645.0,129248.0,18130.0,29530.0,30314.0,18809.0,11910.0,8164.0,K.KLILGGLEKPEK.K
,P10126,UNIQUE,SEQUENCE,tag_126.127726,tag_127.124761,tag_127.131081,tag_128.128116,tag_128.134436,tag_129.131471,tag_129.13779,tag_130.134825,tag_130.141145,tag_131.13818,tag_131.1445,tag_132.141535,tag_132.147855,tag_133.14489,tag_133.15121,tag_134.148245,Sequences_mod_check
20933,S,U,R.KDGSASGTTLLEALDCILPPTRPTDKPLR.L,20950.0,28981.0,33839.0,13820.0,14352.0,28757.0,28757.0,17749.0,46615.0,41047.0,24177.0,24169.0,31779.0,22102.0,16938.0,13334.0,R.KDGSASGTTLLEALDCILPPTRPTDKPLR.L
20934,S,U,K.DGSASGTTLLEALDCILPPTRPTDKPLR.L,2591.0,5722.0,5089.0,2131.0,2935.0,4624.0,5069.0,4055.0,9143.0,6620.0,6028.0,4932.0,4514.0,4294.0,2166.0,3964.0,K.DGSASGTTLLEALDCILPPTRPTDKPLR.L
20935,S,U,K.DGSASGTTLLEALDCILPPTRPTDKPLR.L,39624.0,50831.0,59333.0,28819.0,29582.0,44956.0,49200.0,30667.0,75118.0,72975.0,47134.0,59077.0,52042.0,47802.0,32252.0,36563.0,K.DGSASGTTLLEALDCILPPTRPTDKPLR.L
20936,S,U,K.DGSASGTTLLEALDCILPPTRPTDKPLR.L,28050.0,36000.0,39944.0,14887.0,16622.0,27754.0,33873.0,18528.0,51219.0,42392.0,24519.0,31875.0,32325.0,22426.0,23106.0,18854.0,K.DGSASGTTLLEALDCILPPTRPTDKPLR.L
20937,S,U,K.DGSASGTTLLEALDCILPPTRPTDKPLR.L,25112.0,31492.0,38374.0,12932.0,16604.0,24968.0,26442.0,21078.0,44064.0,42016.0,20198.0,24777.0,29329.0,21987.0,19649.0,15663.0,K.DGSASGTTLLEALDCILPPTRPTDKPLR.L
20938,S,U,K.DGSASGTTLLEALDCILPPTRPTDKPLRLPLQDVYK.I,64068.0,88056.0,93708.0,37587.0,41223.0,76868.0,106965.0,61125.0,114096.0,122144.0,78255.0,99222.0,72834.0,74217.0,46647.0,48362.0,K.DGSASGTTLLEALDCILPPTRPTDKPLRLPLQDVYK.I
,P28665,UNIQUE,SEQUENCE,tag_126.127726,tag_127.124761,tag_127.131081,tag_128.128116,tag_128.134436,tag_129.131471,tag_129.13779,tag_130.134825,tag_130.141145,tag_131.13818,tag_131.1445,tag_132.141535,tag_132.147855,tag_133.14489,tag_133.15121,tag_134.148245,Sequences_mod_check
21455,S,U,K.MLRPLNELLPLAYIEDPKK.N,47376.0,108759.0,136564.0,49427.0,72962.0,150887.0,52743.0,39521.0,89516.0,100481.0,11198.0,19226.0,20975.0,14579.0,7843.0,8164.0,K.MLRPLNELLPLAYIEDPKK.N
21456,S,U,K.MLRPLNELLPLAYIEDPKK.N,29718.0,56808.0,73832.0,24321.0,37774.0,79500.0,31885.0,26136.0,56225.0,63662.0,8151.0,14057.0,17761.0,12983.0,7377.0,7301.0,K.MLRPLNELLPLAYIEDPKK.N
,P62900,UNIQUE,SEQUENCE,tag_126.127726,tag_127.124761,tag_127.131081,tag_128.128116,tag_128.134436,tag_129.131471,tag_129.13779,tag_130.134825,tag_130.141145,tag_131.13818,tag_131.1445,tag_132.141535,tag_132.147855,tag_133.14489,tag_133.15121,tag_134.148245,Sequences_mod_check
21670,S,U,R.KRNEDEDSPNKLYTLVTYVPVTTFK.N,37234.0,43942.0,95624.0,13704.0,33829.0,58598.0,62344.0,36726.0,120814.0,113933.0,30914.0,41247.0,86760.0,62865.0,40182.0,34018.0,R.KRNEDEDSPNKLYTLVTYVPVTTFK.N
,Q9JKR6,UNIQUE,SEQUENCE,tag_126.127726,tag_127.124761,tag_127.131081,tag_128.128116,tag_128.134436,tag_129.131471,tag_129.13779,tag_130.134825,tag_130.141145,tag_131.13818,tag_131.1445,tag_132.141535,tag_132.147855,tag_133.14489,tag_133.15121,tag_134.148245,Sequences_mod_check
22272,S,U,K.VAIVKPGVPMEIVLNKESR.R,50414.0,66344.0,79703.0,26524.0,28340.0,42801.0,43346.0,31728.0,57800.0,84778.0,18518.0,29425.0,24724.0,18794.0,19502.0,21491.0,K.VAIVKPGVPMEIVLNKESR.R
,Q64458,UNIQUE,SEQUENCE,tag_126.127726,tag_127.124761,tag_127.131081,tag_128.128116,tag_128.134436,tag_129.131471,tag_129.13779,tag_130.134825,tag_130.141145,tag_131.13818,tag_131.1445,tag_132.141535,tag_132.147855,tag_133.14489,tag_133.15121,tag_134.148245,Sequences_mod_check
22523,S,U,K.IKEHKESLDVTNPR.D,21199.0,40050.0,49553.0,11456.0,12841.0,19641.0,18403.0,13097.0,47712.0,31649.0,28695.0,42695.0,37624.0,23967.0,15627.0,12794.0,K.IKEHKESLDVTNPR.D
,P62806,UNIQUE,SEQUENCE,tag_126.127726,tag_127.124761,tag_127.131081,tag_128.128116,tag_128.134436,tag_129.131471,tag_129.13779,tag_130.134825,tag_130.141145,tag_131.13818,tag_131.1445,tag_132.141535,tag_132.147855,tag_133.14489,tag_133.15121,tag_134.148245,Sequences_mod_check
23010,S,U,R.DNIQGITKPAIRR.L,21200.0,19332.0,177456.0,7142.0,65154.0,13001.0,132489.0,134050.0,494239.0,324382.0,20679.0,165600.0,73804.0,54784.0,191076.0,113005.0,R.DNIQGITKPAIRR.L
,Q9D023,UNIQUE,SEQUENCE,tag_126.127726,tag_127.124761,tag_127.131081,tag_128.128116,tag_128.134436,tag_129.131471,tag_129.13779,tag_130.134825,tag_130.141145,tag_131.13818,tag_131.1445,tag_132.141535,tag_132.147855,tag_133.14489,tag_133.15121,tag_134.148245,Sequences_mod_check
23175,S,U,K.KLRPLYNHPAGPR.T,53681.0,62821.0,104890.0,75582.0,50662.0,70201.0,54866.0,50457.0,130297.0,81878.0,72588.0,118976.0,104004.0,66605.0,39467.0,47227.0,K.KLRPLYNHPAGPR.T
23176,S,U,K.KLRPLYNHPAGPR.T,94407.0,125315.0,195165.0,145265.0,94896.0,132940.0,104528.0,94448.0,251259.0,156527.0,142534.0,228016.0,189654.0,122427.0,74900.0,86304.0,K.KLRPLYNHPAGPR.T
,Q62167,UNIQUE,SEQUENCE,tag_126.127726,tag_127.124761,tag_127.131081,tag_128.128116,tag_128.134436,tag_129.131471,tag_129.13779,tag_130.134825,tag_130.141145,tag_131.13818,tag_131.1445,tag_132.141535,tag_132.147855,tag_133.14489,tag_133.15121,tag_134.148245,Sequences_mod_check
24286,S,U,A.FLLPILSQIYADGPGEALR.A,2673.0,1814.0,3197.0,1495.0,989.0,13639.0,18723.0,2231.0,8197.0,2200.0,1672.0,1012.0,19058.0,1312.0,1462.0,1321.0,A.FLLPILSQIYADGPGEALR.A
,P34914,UNIQUE,SEQUENCE,tag_126.127726,tag_127.124761,tag_127.131081,tag_128.128116,tag_128.134436,tag_129.131471,tag_129.13779,tag_130.134825,tag_130.141145,tag_131.13818,tag_131.1445,tag_132.141535,tag_132.147855,tag_133.14489,tag_133.15121,tag_134.148245,Sequences_mod_check
24412,S,U,K.AKPNEVVFLDDFGSNLKPAR.D,118981.0,138432.0,194771.0,88254.0,65760.0,146227.0,117594.0,104959.0,167060.0,152119.0,106125.0,145873.0,260754.0,142324.0,76188.0,113342.0,K.AKPNEVVFLDDFGSNLKPAR.D
24413,S,U,K.AKPNEVVFLDDFGSNLKPAR.D,107654.0,131115.0,144256.0,90420.0,57177.0,131442.0,95671.0,102242.0,153712.0,133655.0,82327.0,137560.0,222460.0,129447.0,65519.0,95465.0,K.AKPNEVVFLDDFGSNLKPAR.D
,Q9D826,UNIQUE,SEQUENCE,tag_126.127726,tag_127.124761,tag_127.131081,tag_128.128116,tag_128.134436,tag_129.131471,tag_129.13779,tag_130.134825,tag_130.141145,tag_131.13818,tag_131.1445,tag_132.141535,tag_132.147855,tag_133.14489,tag_133.15121,tag_134.148245,Sequences_mod_check
24453,S,U,R.ALQHIICQLGGTVCDGEKVVEIRPGLPVTVK.T,31920.0,59191.0,70355.0,20814.0,18951.0,33676.0,25144.0,16561.0,32899.0,40168.0,35906.0,43298.0,27247.0,36885.0,22763.0,14317.0,R.ALQHIICQLGGTVCDGEKVVEIRPGLPVTVK.T
,O35488,UNIQUE,SEQUENCE,tag_126.127726,tag_127.124761,tag_127.131081,tag_128.128116,tag_128.134436,tag_129.131471,tag_129.13779,tag_130.134825,tag_130.141145,tag_131.13818,tag_131.1445,tag_132.141535,tag_132.147855,tag_133.14489,tag_133.15121,tag_134.148245,Sequences_mod_check
25639,S,U,K.DEPVRDANGYCIKVPK.G,16954.0,16799.0,21880.0,17904.0,11352.0,19804.0,15606.0,18045.0,30146.0,30266.0,11026.0,16265.0,30565.0,25437.0,8914.0,11969.0,K.DEPVRDANGYCIKVPK.G
25663,S,U,K.KLFQHIAEYLPSYARPR.F,127393.0,170285.0,236618.0,268622.0,123463.0,311274.0,141062.0,197298.0,305149.0,268136.0,168117.0,190688.0,304042.0,210354.0,135869.0,160353.0,K.KLFQHIAEYLPSYARPR.F
,P07724,UNIQUE,SEQUENCE,tag_126.127726,tag_127.124761,tag_127.131081,tag_128.128116,tag_128.134436,tag_129.131471,tag_129.13779,tag_130.134825,tag_130.141145,tag_131.13818,tag_131.1445,tag_132.141535,tag_132.147855,tag_133.14489,tag_133.15121,tag_134.148245,Sequences_mod_check
25770,S,U,R.RPCFSALTVDETYVPKEFK.A,97082.0,184758.0,202044.0,34921.0,60319.0,65758.0,38599.0,39093.0,59031.0,87037.0,19656.0,40592.0,65243.0,59209.0,15741.0,21334.0,R.RPCFSALTVDETYVPKEFK.A
,Q91Y97,UNIQUE,SEQUENCE,tag_126.127726,tag_127.124761,tag_127.131081,tag_128.128116,tag_128.134436,tag_129.131471,tag_129.13779,tag_130.134825,tag_130.141145,tag_131.13818,tag_131.1445,tag_132.141535,tag_132.147855,tag_133.14489,tag_133.15121,tag_134.148245,Sequences_mod_check
25848,S,U,R.IKVENTEENRR.Q,39817.0,27860.0,28962.0,30974.0,16128.0,31760.0,9866.0,43521.0,36180.0,39842.0,16066.0,20732.0,90733.0,33982.0,20210.0,28976.0,R.IKVENTEENRR.Q
,P86048,UNIQUE,SEQUENCE,tag_126.127726,tag_127.124761,tag_127.131081,tag_128.128116,tag_128.134436,tag_129.131471,tag_129.13779,tag_130.134825,tag_130.141145,tag_131.13818,tag_131.1445,tag_132.141535,tag_132.147855,tag_133.14489,tag_133.15121,tag_134.148245,Sequences_mod_check
25941,S,U,K.LQNKEHVIEALRR.A,8262.0,10287.0,22724.0,8609.0,8479.0,10340.0,15618.0,9857.0,29405.0,24078.0,8236.0,10889.0,17487.0,12217.0,8431.0,12148.0,K.LQNKEHVIEALRR.A
,Q9WUM5,UNIQUE,SEQUENCE,tag_126.127726,tag_127.124761,tag_127.131081,tag_128.128116,tag_128.134436,tag_129.131471,tag_129.13779,tag_130.134825,tag_130.141145,tag_131.13818,tag_131.1445,tag_132.141535,tag_132.147855,tag_133.14489,tag_133.15121,tag_134.148245,Sequences_mod_check
26017,S,U,K.AKPVVSFIAGITAPPGRR.M,82525.0,60711.0,69981.0,81393.0,55779.0,79935.0,63277.0,57866.0,89328.0,84109.0,74987.0,84812.0,67236.0,63601.0,49458.0,49609.0,K.AKPVVSFIAGITAPPGRR.M
26018,S,U,K.AKPVVSFIAGITAPPGRR.M,76932.0,65120.0,66479.0,66260.0,51994.0,76537.0,68543.0,56936.0,94378.0,81922.0,75007.0,85999.0,77516.0,75345.0,58018.0,55556.0,K.AKPVVSFIAGITAPPGRR.M
26019,S,U,K.AKPVVSFIAGITAPPGRR.M,83114.0,75259.0,84289.0,98792.0,55232.0,96440.0,71873.0,73161.0,111977.0,106655.0,120995.0,131828.0,104285.0,96146.0,76618.0,74357.0,K.AKPVVSFIAGITAPPGRR.M
26020,S,U,K.AKPVVSFIAGITAPPGRR.M,56143.0,45419.0,51516.0,54118.0,36442.0,55786.0,39524.0,40721.0,67063.0,61225.0,57229.0,65224.0,53685.0,49648.0,33471.0,36045.0,K.AKPVVSFIAGITAPPGRR.M
26021,S,U,K.AKPVVSFIAGITAPPGRR.M,164256.0,137817.0,143728.0,157754.0,114031.0,142799.0,128710.0,110252.0,181855.0,165148.0,170454.0,178802.0,155368.0,135904.0,96703.0,103876.0,K.AKPVVSFIAGITAPPGRR.M
26022,S,U,K.AKPVVSFIAGITAPPGRR.M,122835.0,96397.0,109709.0,109634.0,65791.0,101449.0,78782.0,77910.0,122457.0,112514.0,112317.0,130007.0,106874.0,109257.0,68679.0,78049.0,K.AKPVVSFIAGITAPPGRR.M
26023,S,U,K.AKPVVSFIAGITAPPGRR.M,174025.0,146105.0,170259.0,168732.0,113491.0,169300.0,138705.0,137062.0,227758.0,185141.0,209072.0,222306.0,179847.0,164084.0,115131.0,126957.0,K.AKPVVSFIAGITAPPGRR.M
26024,S,U,K.AKPVVSFIAGITAPPGRR.M,122694.0,94575.0,107145.0,117856.0,82366.0,116996.0,98810.0,86614.0,148403.0,136594.0,120909.0,140314.0,117634.0,92763.0,66792.0,75744.0,K.AKPVVSFIAGITAPPGRR.M
,Q8CFX1,UNIQUE,SEQUENCE,tag_126.127726,tag_127.124761,tag_127.131081,tag_128.128116,tag_128.134436,tag_129.131471,tag_129.13779,tag_130.134825,tag_130.141145,tag_131.13818,tag_131.1445,tag_132.141535,tag_132.147855,tag_133.14489,tag_133.15121,tag_134.148245,Sequences_mod_check
26288,S,U,R.LFGRPLSDYYAYRPVR.E,86555.0,172831.0,162619.0,59852.0,67756.0,118130.0,29530.0,22343.0,122142.0,75568.0,12565.0,21492.0,12788.0,10979.0,7279.0,10690.0,R.LFGRPLSDYYAYRPVR.E
,P61358,UNIQUE,SEQUENCE,tag_126.127726,tag_127.124761,tag_127.131081,tag_128.128116,tag_128.134436,tag_129.131471,tag_129.13779,tag_130.134825,tag_130.141145,tag_131.13818,tag_131.1445,tag_132.141535,tag_132.147855,tag_133.14489,tag_133.15121,tag_134.148245,Sequences_mod_check
27046,S,U,K.NIDDGTSDRPYSHALVAGIDRYPR.K,53664.0,62461.0,71852.0,45492.0,46527.0,76146.0,63109.0,61266.0,117632.0,98030.0,58074.0,66640.0,87002.0,61458.0,50641.0,53742.0,K.NIDDGTSDRPYSHALVAGIDRYPR.K
,P26443,UNIQUE,SEQUENCE,tag_126.127726,tag_127.124761,tag_127.131081,tag_128.128116,tag_128.134436,tag_129.131471,tag_129.13779,tag_130.134825,tag_130.141145,tag_131.13818,tag_131.1445,tag_132.141535,tag_132.147855,tag_133.14489,tag_133.15121,tag_134.148245,Sequences_mod_check
27163,S,U,R.IIKPCNHVLSLSFPIRR.D,142400.0,152797.0,99699.0,259144.0,55952.0,298948.0,190134.0,213127.0,340748.0,177051.0,187065.0,265156.0,277881.0,108808.0,141427.0,163155.0,R.IIKPCNHVLSLSFPIRR.D
27164,S,U,R.IIKPCNHVLSLSFPIRR.D,38946.0,38497.0,32736.0,60119.0,21696.0,71386.0,42695.0,53176.0,87157.0,46668.0,51545.0,74369.0,77370.0,30967.0,39850.0,42655.0,R.IIKPCNHVLSLSFPIRR.D
,J3KMH5,UNIQUE,SEQUENCE,tag_126.127726,tag_127.124761,tag_127.131081,tag_128.128116,tag_128.134436,tag_129.131471,tag_129.13779,tag_130.134825,tag_130.141145,tag_131.13818,tag_131.1445,tag_132.141535,tag_132.147855,tag_133.14489,tag_133.15121,tag_134.148245,Sequences_mod_check
27347,S,U,R.QDEPVIVKPMPGRPNTQNPPR.R,49402.0,51883.0,97142.0,561.0,35753.0,28671.0,28540.0,16103.0,60390.0,56570.0,838.0,2793.0,1182.0,668.0,980.0,674.0,R.QDEPVIVKPMPGRPNTQNPPR.R
,P62082,UNIQUE,SEQUENCE,tag_126.127726,tag_127.124761,tag_127.131081,tag_128.128116,tag_128.134436,tag_129.131471,tag_129.13779,tag_130.134825,tag_130.141145,tag_131.13818,tag_131.1445,tag_132.141535,tag_132.147855,tag_133.14489,tag_133.15121,tag_134.148245,Sequences_mod_check
27389,S,U,K.AQQNNVEHKVETFSGVYKK.L,0.0,1017.0,849.0,0.0,0.0,758.0,985.0,0.0,1217.0,665.0,0.0,646.0,0.0,1226.0,0.0,0.0,K.AQQNNVEHKVETFSGVYKK.L
27390,S,U,K.AQQNNVEHKVETFSGVYKK.L,31937.0,43841.0,61729.0,22889.0,37748.0,44059.0,62393.0,42491.0,96389.0,82192.0,41599.0,52324.0,63615.0,44896.0,37933.0,32419.0,K.AQQNNVEHKVETFSGVYKK.L
,Q61838,UNIQUE,SEQUENCE,tag_126.127726,tag_127.124761,tag_127.131081,tag_128.128116,tag_128.134436,tag_129.131471,tag_129.13779,tag_130.134825,tag_130.141145,tag_131.13818,tag_131.1445,tag_132.141535,tag_132.147855,tag_133.14489,tag_133.15121,tag_134.148245,Sequences_mod_check
27603,S,U,K.AESPVFVQTDKPIYKPGQIVK.F,37818.0,49073.0,70936.0,9815.0,13980.0,27080.0,38305.0,24873.0,74834.0,68642.0,9357.0,12521.0,9613.0,7495.0,4438.0,9717.0,K.AESPVFVQTDKPIYKPGQIVK.F
,Q9DBT9,UNIQUE,SEQUENCE,tag_126.127726,tag_127.124761,tag_127.131081,tag_128.128116,tag_128.134436,tag_129.131471,tag_129.13779,tag_130.134825,tag_130.141145,tag_131.13818,tag_131.1445,tag_132.141535,tag_132.147855,tag_133.14489,tag_133.15121,tag_134.148245,Sequences_mod_check
27843,S,U,K.YPAPVTSLKPRPDGTWDVETPQGSVR.A,28466.0,26555.0,34465.0,33839.0,24228.0,54600.0,28407.0,22781.0,38140.0,31990.0,26056.0,30628.0,65750.0,37226.0,21371.0,19599.0,K.YPAPVTSLKPRPDGTWDVETPQGSVR.A
,Q91X83,UNIQUE,SEQUENCE,tag_126.127726,tag_127.124761,tag_127.131081,tag_128.128116,tag_128.134436,tag_129.131471,tag_129.13779,tag_130.134825,tag_130.141145,tag_131.13818,tag_131.1445,tag_132.141535,tag_132.147855,tag_133.14489,tag_133.15121,tag_134.148245,Sequences_mod_check
28030,S,U,R.ELLEVVNKNFDLRPGVIVR.D,12099.0,11253.0,10620.0,13136.0,6827.0,17196.0,14267.0,9902.0,14375.0,20804.0,9265.0,10457.0,20137.0,14999.0,6269.0,10914.0,R.ELLEVVNKNFDLRPGVIVR.D
28031,S,U,R.ELLEVVNKNFDLRPGVIVR.D,3516.0,0.0,3570.0,6449.0,2006.0,6322.0,2905.0,3043.0,5050.0,5998.0,3241.0,1240.0,6289.0,1789.0,0.0,4341.0,R.ELLEVVNKNFDLRPGVIVR.D
28032,S,U,R.ELLEVVNKNFDLRPGVIVR.D,13882.0,9392.0,17876.0,12171.0,5710.0,13555.0,7489.0,14257.0,10712.0,15933.0,10214.0,8618.0,19922.0,10830.0,9024.0,10064.0,R.ELLEVVNKNFDLRPGVIVR.D
,Q8R0Y8,UNIQUE,SEQUENCE,tag_126.127726,tag_127.124761,tag_127.131081,tag_128.128116,tag_128.134436,tag_129.131471,tag_129.13779,tag_130.134825,tag_130.141145,tag_131.13818,tag_131.1445,tag_132.141535,tag_132.147855,tag_133.14489,tag_133.15121,tag_134.148245,Sequences_mod_check
28208,S,U,R.LREDAEAVLAGAVSSKR.D,61916.0,57368.0,72636.0,56465.0,37046.0,63673.0,39610.0,40237.0,60461.0,58361.0,55174.0,62390.0,59313.0,49883.0,28209.0,32684.0,R.LREDAEAVLAGAVSSKR.D
,P52792,UNIQUE,SEQUENCE,tag_126.127726,tag_127.124761,tag_127.131081,tag_128.128116,tag_128.134436,tag_129.131471,tag_129.13779,tag_130.134825,tag_130.141145,tag_131.13818,tag_131.1445,tag_132.141535,tag_132.147855,tag_133.14489,tag_133.15121,tag_134.148245,Sequences_mod_check
28265,S,U,R.QILNILSTLGLRPSVADCDIVRR.A,34391.0,36422.0,26888.0,18222.0,19741.0,22079.0,18458.0,17673.0,32637.0,31739.0,29985.0,22822.0,18047.0,13695.0,11822.0,13478.0,R.QILNILSTLGLRPSVADCDIVRR.A
28266,S,U,R.QILNILSTLGLRPSVADCDIVRR.A,27033.0,37285.0,27232.0,16546.0,19428.0,21420.0,19540.0,12796.0,26542.0,27090.0,26095.0,27021.0,17187.0,14149.0,9288.0,11165.0,R.QILNILSTLGLRPSVADCDIVRR.A
,Q9JIF7,UNIQUE,SEQUENCE,tag_126.127726,tag_127.124761,tag_127.131081,tag_128.128116,tag_128.134436,tag_129.131471,tag_129.13779,tag_130.134825,tag_130.141145,tag_131.13818,tag_131.1445,tag_132.141535,tag_132.147855,tag_133.14489,tag_133.15121,tag_134.148245,Sequences_mod_check
28526,S,U,K.LVTEMGTYATQSALSSSRPTKK.E,66460.0,73991.0,86658.0,41070.0,38229.0,85280.0,92861.0,70409.0,104699.0,109277.0,99082.0,94565.0,77713.0,49532.0,57321.0,58183.0,K.LVTEMGTYATQSALSSSRPTKK.E
28527,S,U,K.LVTEMGTYATQSALSSSRPTKK.E,47149.0,50637.0,58443.0,26827.0,24382.0,49577.0,45177.0,38804.0,66289.0,73920.0,57842.0,77164.0,46713.0,39338.0,35722.0,41915.0,K.LVTEMGTYATQSALSSSRPTKK.E
,Q6ZWN5,UNIQUE,SEQUENCE,tag_126.127726,tag_127.124761,tag_127.131081,tag_128.128116,tag_128.134436,tag_129.131471,tag_129.13779,tag_130.134825,tag_130.141145,tag_131.13818,tag_131.1445,tag_132.141535,tag_132.147855,tag_133.14489,tag_133.15121,tag_134.148245,Sequences_mod_check
28627,S,U,R.ELLTLDEKDPRR.L,63230.0,77336.0,148059.0,34921.0,53000.0,73999.0,92056.0,65705.0,130234.0,133213.0,54334.0,86741.0,110925.0,97093.0,54811.0,62770.0,R.ELLTLDEKDPRR.L
,P46735,UNIQUE,SEQUENCE,tag_126.127726,tag_127.124761,tag_127.131081,tag_128.128116,tag_128.134436,tag_129.131471,tag_129.13779,tag_130.134825,tag_130.141145,tag_131.13818,tag_131.1445,tag_132.141535,tag_132.147855,tag_133.14489,tag_133.15121,tag_134.148245,Sequences_mod_check
29110,S,U,R.SLRDQDKDQCILITGESGAGK.T,15983.0,32714.0,24447.0,10725.0,10805.0,25612.0,21696.0,10007.0,47205.0,36262.0,13134.0,16967.0,25825.0,18937.0,9714.0,8700.0,R.SLRDQDKDQCILITGESGAGK.T
,E9PV24,UNIQUE,SEQUENCE,tag_126.127726,tag_127.124761,tag_127.131081,tag_128.128116,tag_128.134436,tag_129.131471,tag_129.13779,tag_130.134825,tag_130.141145,tag_131.13818,tag_131.1445,tag_132.141535,tag_132.147855,tag_133.14489,tag_133.15121,tag_134.148245,Sequences_mod_check
29247,S,U,K.AENPTNPGPGGSGYWRPGNSGSGSDGN.R,1051.0,1422.0,1479.0,1338.0,0.0,1285.0,1754.0,2127.0,3290.0,2453.0,0.0,0.0,0.0,0.0,0.0,0.0,K.AENPTNPGPGGSGYWRPGNSGSGSDGN.R
,Q9CRB8,UNIQUE,SEQUENCE,tag_126.127726,tag_127.124761,tag_127.131081,tag_128.128116,tag_128.134436,tag_129.131471,tag_129.13779,tag_130.134825,tag_130.141145,tag_131.13818,tag_131.1445,tag_132.141535,tag_132.147855,tag_133.14489,tag_133.15121,tag_134.148245,Sequences_mod_check
29821,S,U,R.KLYPSVEKPSTP.-,24012.0,24032.0,36112.0,10608.0,16297.0,17037.0,14126.0,10081.0,25598.0,20212.0,15976.0,22347.0,23973.0,19933.0,10259.0,11165.0,R.KLYPSVEKPSTP.-
29822,S,U,R.KLYPSVEKPSTP.-,63766.0,60817.0,98009.0,25381.0,42907.0,54605.0,47618.0,26427.0,77102.0,60291.0,49166.0,69551.0,53938.0,64661.0,30952.0,33243.0,R.KLYPSVEKPSTP.-
,Q8BLY1,UNIQUE,SEQUENCE,tag_126.127726,tag_127.124761,tag_127.131081,tag_128.128116,tag_128.134436,tag_129.131471,tag_129.13779,tag_130.134825,tag_130.141145,tag_131.13818,tag_131.1445,tag_132.141535,tag_132.147855,tag_133.14489,tag_133.15121,tag_134.148245,Sequences_mod_check
30025,S,U,R.EGIVIPECAPGGLYKPVQCHQSTGYCWCVLVDTGRPLPGTSTR.Y,56258.0,62416.0,50922.0,35745.0,23431.0,31970.0,51925.0,40541.0,120741.0,110839.0,0.0,2148.0,0.0,0.0,0.0,0.0,R.EGIVIPECAPGGLYKPVQCHQSTGYCWCVLVDTGRPLPGTSTR.Y
,O35386,UNIQUE,SEQUENCE,tag_126.127726,tag_127.124761,tag_127.131081,tag_128.128116,tag_128.134436,tag_129.131471,tag_129.13779,tag_130.134825,tag_130.141145,tag_131.13818,tag_131.1445,tag_132.141535,tag_132.147855,tag_133.14489,tag_133.15121,tag_134.148245,Sequences_mod_check
30991,S,U,L.ASPASFQPEQFQYTLDNNVLTLEQR.K,17567.0,18200.0,10991.0,37348.0,16956.0,43136.0,32365.0,30511.0,29430.0,36424.0,20272.0,35350.0,52848.0,27644.0,23912.0,29568.0,L.ASPASFQPEQFQYTLDNNVLTLEQR.K
,P62918,UNIQUE,SEQUENCE,tag_126.127726,tag_127.124761,tag_127.131081,tag_128.128116,tag_128.134436,tag_129.131471,tag_129.13779,tag_130.134825,tag_130.141145,tag_131.13818,tag_131.1445,tag_132.141535,tag_132.147855,tag_133.14489,tag_133.15121,tag_134.148245,Sequences_mod_check
31983,S,U,R.AVVGVVAGGGRIDKPILK.A,213205.0,197990.0,277873.0,134809.0,123025.0,183965.0,265776.0,244853.0,369242.0,456133.0,119502.0,140733.0,214407.0,174082.0,185473.0,213596.0,R.AVVGVVAGGGRIDKPILK.A
,P50295,UNIQUE,SEQUENCE,tag_126.127726,tag_127.124761,tag_127.131081,tag_128.128116,tag_128.134436,tag_129.131471,tag_129.13779,tag_130.134825,tag_130.141145,tag_131.13818,tag_131.1445,tag_132.141535,tag_132.147855,tag_133.14489,tag_133.15121,tag_134.148245,Sequences_mod_check
32156,S,U,R.RFSYKDNVDLVEFK.S,49985.0,73479.0,82021.0,50928.0,34035.0,73196.0,69541.0,40209.0,88625.0,83945.0,81399.0,104603.0,76356.0,63607.0,40006.0,37447.0,R.RFSYKDNVDLVEFK.S
,Q8VDD5,UNIQUE,SEQUENCE,tag_126.127726,tag_127.124761,tag_127.131081,tag_128.128116,tag_128.134436,tag_129.131471,tag_129.13779,tag_130.134825,tag_130.141145,tag_131.13818,tag_131.1445,tag_132.141535,tag_132.147855,tag_133.14489,tag_133.15121,tag_134.148245,Sequences_mod_check
32293,S,U,K.LKDVLLQVEDERR.N,141952.0,139869.0,112080.0,44246.0,33518.0,84172.0,113261.0,98157.0,243580.0,263148.0,48548.0,121489.0,116113.0,59701.0,116826.0,110492.0,K.LKDVLLQVEDERR.N
,Q8VEM8,UNIQUE,SEQUENCE,tag_126.127726,tag_127.124761,tag_127.131081,tag_128.128116,tag_128.134436,tag_129.131471,tag_129.13779,tag_130.134825,tag_130.141145,tag_131.13818,tag_131.1445,tag_132.141535,tag_132.147855,tag_133.14489,tag_133.15121,tag_134.148245,Sequences_mod_check
32886,S,U,A.AVEEYSCEFGSMK.Y,40430.0,49810.0,41046.0,30767.0,28133.0,39370.0,35610.0,33260.0,39381.0,38819.0,38396.0,68906.0,41848.0,28909.0,27606.0,29903.0,A.AVEEYSCEFGSM(15.9949)K.Y
,O35423,UNIQUE,SEQUENCE,tag_126.127726,tag_127.124761,tag_127.131081,tag_128.128116,tag_128.134436,tag_129.131471,tag_129.13779,tag_130.134825,tag_130.141145,tag_131.13818,tag_131.1445,tag_132.141535,tag_132.147855,tag_133.14489,tag_133.15121,tag_134.148245,Sequences_mod_check
35232,S,U,R.KTKPVSFYTDITYLAK.L,1055292.0,428011.0,490862.0,416969.0,157024.0,283216.0,156219.0,142489.0,357580.0,219711.0,685999.0,409365.0,173174.0,149481.0,95133.0,80251.0,R.KTKPVSFYTDITYLAK.L
,O55143,UNIQUE,SEQUENCE,tag_126.127726,tag_127.124761,tag_127.131081,tag_128.128116,tag_128.134436,tag_129.131471,tag_129.13779,tag_130.134825,tag_130.141145,tag_131.13818,tag_131.1445,tag_132.141535,tag_132.147855,tag_133.14489,tag_133.15121,tag_134.148245,Sequences_mod_check
35748,S,U,K.AKDIVPGDIVEIAVGDKVPADIR.L,2389.0,1783.0,1889.0,2350.0,1474.0,2115.0,1543.0,1595.0,2957.0,3124.0,2548.0,2386.0,3304.0,1598.0,1264.0,1342.0,K.AKDIVPGDIVEIAVGDKVPADIR.L
,Q9D8E6,UNIQUE,SEQUENCE,tag_126.127726,tag_127.124761,tag_127.131081,tag_128.128116,tag_128.134436,tag_129.131471,tag_129.13779,tag_130.134825,tag_130.141145,tag_131.13818,tag_131.1445,tag_132.141535,tag_132.147855,tag_133.14489,tag_133.15121,tag_134.148245,Sequences_mod_check
35814,S,U,K.APIRPDIVNFVHTNLRK.N,203029.0,156510.0,288848.0,199317.0,154422.0,391074.0,246960.0,234616.0,715018.0,469464.0,229790.0,213542.0,344097.0,181817.0,237529.0,280448.0,K.APIRPDIVNFVHTNLRK.N
,Q60936,UNIQUE,SEQUENCE,tag_126.127726,tag_127.124761,tag_127.131081,tag_128.128116,tag_128.134436,tag_129.131471,tag_129.13779,tag_130.134825,tag_130.141145,tag_131.13818,tag_131.1445,tag_132.141535,tag_132.147855,tag_133.14489,tag_133.15121,tag_134.148245,Sequences_mod_check
36034,S,U,R.DKLEYFEERPFAAASIGQVHLAR.M,643124.0,788745.0,706869.0,374524.0,268215.0,448683.0,328425.0,269045.0,638961.0,539994.0,864309.0,943483.0,366009.0,346927.0,259986.0,187652.0,R.DKLEYFEERPFAAASIGQVHLAR.M
36035,S,U,R.DKLEYFEERPFAAASIGQVHLAR.M,229622.0,239590.0,253144.0,131648.0,96657.0,178899.0,118787.0,89209.0,249450.0,171410.0,328162.0,333138.0,164905.0,140382.0,110080.0,83520.0,R.DKLEYFEERPFAAASIGQVHLAR.M
,P24270,UNIQUE,SEQUENCE,tag_126.127726,tag_127.124761,tag_127.131081,tag_128.128116,tag_128.134436,tag_129.131471,tag_129.13779,tag_130.134825,tag_130.141145,tag_131.13818,tag_131.1445,tag_132.141535,tag_132.147855,tag_133.14489,tag_133.15121,tag_134.148245,Sequences_mod_check
36067,S,U,R.ASQRPDVLTTGGGNPIGDKLNIMTAGSR.G,20383.0,10284.0,14780.0,9116.0,7404.0,14206.0,8477.0,13697.0,11403.0,15802.0,9124.0,11279.0,23969.0,13001.0,9375.0,11980.0,R.ASQRPDVLTTGGGNPIGDKLNIMTAGSR.G
,Q78PY7,UNIQUE,SEQUENCE,tag_126.127726,tag_127.124761,tag_127.131081,tag_128.128116,tag_128.134436,tag_129.131471,tag_129.13779,tag_130.134825,tag_130.141145,tag_131.13818,tag_131.1445,tag_132.141535,tag_132.147855,tag_133.14489,tag_133.15121,tag_134.148245,Sequences_mod_check
36383,S,U,K.KVNVTVDYIRPASPATETVPAFSER.T,22884.0,18050.0,28275.0,18936.0,13841.0,29109.0,24142.0,21974.0,32696.0,32162.0,18795.0,30822.0,35445.0,19389.0,22959.0,27766.0,K.KVNVTVDYIRPASPATETVPAFSER.T
,Q3UZ09,UNIQUE,SEQUENCE,tag_126.127726,tag_127.124761,tag_127.131081,tag_128.128116,tag_128.134436,tag_129.131471,tag_129.13779,tag_130.134825,tag_130.141145,tag_131.13818,tag_131.1445,tag_132.141535,tag_132.147855,tag_133.14489,tag_133.15121,tag_134.148245,Sequences_mod_check
36519,S,U,K.DRQDGGEVPECVPVCGRPVVPLAENPNTFGSSR.A,3540.0,6909.0,7430.0,4848.0,3612.0,7723.0,3722.0,2143.0,11282.0,7635.0,0.0,0.0,0.0,827.0,0.0,0.0,K.DRQDGGEVPECVPVCGRPVVPLAENPNTFGSSR.A
,O88685,UNIQUE,SEQUENCE,tag_126.127726,tag_127.124761,tag_127.131081,tag_128.128116,tag_128.134436,tag_129.131471,tag_129.13779,tag_130.134825,tag_130.141145,tag_131.13818,tag_131.1445,tag_132.141535,tag_132.147855,tag_133.14489,tag_133.15121,tag_134.148245,Sequences_mod_check
36724,S,U,K.LKPGDLVGVNKDSYLILETLPTEYDSR.V,12981.0,16610.0,17016.0,9160.0,7421.0,16173.0,17635.0,8796.0,17025.0,26051.0,11396.0,20141.0,15815.0,15719.0,10194.0,10384.0,K.LKPGDLVGVNKDSYLILETLPTEYDSR.V
,Q8BRH0,UNIQUE,SEQUENCE,tag_126.127726,tag_127.124761,tag_127.131081,tag_128.128116,tag_128.134436,tag_129.131471,tag_129.13779,tag_130.134825,tag_130.141145,tag_131.13818,tag_131.1445,tag_132.141535,tag_132.147855,tag_133.14489,tag_133.15121,tag_134.148245,Sequences_mod_check
38316,S,U,R.DRISSSGIVEQPLAPADKTPGTEER.E,1399.0,1735.0,980.0,0.0,909.0,1508.0,1872.0,869.0,1637.0,2505.0,0.0,0.0,591.0,0.0,0.0,0.0,R.DRISSSGIVEQPLAPADKTPGTEER.E
,P05367,UNIQUE,SEQUENCE,tag_126.127726,tag_127.124761,tag_127.131081,tag_128.128116,tag_128.134436,tag_129.131471,tag_129.13779,tag_130.134825,tag_130.141145,tag_131.13818,tag_131.1445,tag_132.141535,tag_132.147855,tag_133.14489,tag_133.15121,tag_134.148245,Sequences_mod_check
38558,S,U,K.EAGWKDGDKYFHAR.G,17077.0,10946.0,16540.0,13148.0,10615.0,13493.0,52184.0,49805.0,179512.0,190545.0,11142.0,21510.0,21202.0,14284.0,10297.0,15428.0,K.EAGWKDGDKYFHAR.G
,Q9JHU4,UNIQUE,SEQUENCE,tag_126.127726,tag_127.124761,tag_127.131081,tag_128.128116,tag_128.134436,tag_129.131471,tag_129.13779,tag_130.134825,tag_130.141145,tag_131.13818,tag_131.1445,tag_132.141535,tag_132.147855,tag_133.14489,tag_133.15121,tag_134.148245,Sequences_mod_check
39308,S,U,K.RAPVIDADKPVSSQLR.V,37945.0,43990.0,47539.0,32977.0,23068.0,40128.0,38842.0,31958.0,69202.0,63436.0,45827.0,52254.0,53502.0,39889.0,26970.0,37548.0,K.RAPVIDADKPVSSQLR.V
,Q8BFZ9,UNIQUE,SEQUENCE,tag_126.127726,tag_127.124761,tag_127.131081,tag_128.128116,tag_128.134436,tag_129.131471,tag_129.13779,tag_130.134825,tag_130.141145,tag_131.13818,tag_131.1445,tag_132.141535,tag_132.147855,tag_133.14489,tag_133.15121,tag_134.148245,Sequences_mod_check
39510,S,U,R.VTKPNIPEAIRR.N,72232.0,52462.0,174316.0,24973.0,58468.0,39383.0,97461.0,78447.0,181443.0,127726.0,32054.0,41025.0,102160.0,73555.0,43425.0,70901.0,R.VTKPNIPEAIRR.N
,P84099,UNIQUE,SEQUENCE,tag_126.127726,tag_127.124761,tag_127.131081,tag_128.128116,tag_128.134436,tag_129.131471,tag_129.13779,tag_130.134825,tag_130.141145,tag_131.13818,tag_131.1445,tag_132.141535,tag_132.147855,tag_133.14489,tag_133.15121,tag_134.148245,Sequences_mod_check
40018,S,U,K.DGLIIRKPVTVHSR.A,43282.0,33290.0,44118.0,35257.0,17626.0,42529.0,46712.0,43431.0,77638.0,81022.0,35915.0,47713.0,52625.0,34344.0,37811.0,31794.0,K.DGLIIRKPVTVHSR.A
40019,S,U,K.DGLIIRKPVTVHSR.A,22912.0,18532.0,17973.0,22710.0,10321.0,21055.0,21299.0,20401.0,41965.0,39023.0,17073.0,25783.0,26888.0,18556.0,17515.0,20130.0,K.DGLIIRKPVTVHSR.A
,Q68FL6,UNIQUE,SEQUENCE,tag_126.127726,tag_127.124761,tag_127.131081,tag_128.128116,tag_128.134436,tag_129.131471,tag_129.13779,tag_130.134825,tag_130.141145,tag_131.13818,tag_131.1445,tag_132.141535,tag_132.147855,tag_133.14489,tag_133.15121,tag_134.148245,Sequences_mod_check
40577,S,U,R.GRAELLISTVGPEECVVPFLTRPK.V,24077.0,22498.0,21614.0,22922.0,12183.0,22138.0,27879.0,22334.0,33052.0,27016.0,22702.0,34443.0,31901.0,18674.0,17035.0,20983.0,R.GRAELLISTVGPEECVVPFLTRPK.V
,Q9ER39,UNIQUE,SEQUENCE,tag_126.127726,tag_127.124761,tag_127.131081,tag_128.128116,tag_128.134436,tag_129.131471,tag_129.13779,tag_130.134825,tag_130.141145,tag_131.13818,tag_131.1445,tag_132.141535,tag_132.147855,tag_133.14489,tag_133.15121,tag_134.148245,Sequences_mod_check
40966,S,U,K.KVILNAVSGFLSNPKPK.K,48182.0,61356.0,69681.0,29452.0,34473.0,50502.0,41181.0,26027.0,84644.0,76821.0,33505.0,42238.0,33250.0,28351.0,22681.0,21244.0,K.KVILNAVSGFLSNPKPK.K
,A2A513,UNIQUE,SEQUENCE,tag_126.127726,tag_127.124761,tag_127.131081,tag_128.128116,tag_128.134436,tag_129.131471,tag_129.13779,tag_130.134825,tag_130.141145,tag_131.13818,tag_131.1445,tag_132.141535,tag_132.147855,tag_133.14489,tag_133.15121,tag_134.148245,Sequences_mod_check
41402,S,U,Q.NVSTGDVNVEMNAAPGVDLTQLLNNMR.N,1942.0,2139.0,4313.0,753.0,2171.0,3327.0,1258.0,2893.0,3716.0,1325.0,1490.0,3063.0,5473.0,2901.0,1276.0,3570.0,Q.NVSTGDVNVEM(15.9949)NAAPGVDLTQLLNNMR.N
41403,S,U,Q.NVSTGDVNVEMNAAPGVDLTQLLNNMR.N,2402.0,2683.0,5400.0,2475.0,2477.0,3280.0,1357.0,5027.0,4847.0,1243.0,1689.0,2762.0,6400.0,4129.0,934.0,4311.0,Q.NVSTGDVNVEMNAAPGVDLTQLLNNM(15.9949)R.N
,P61620,UNIQUE,SEQUENCE,tag_126.127726,tag_127.124761,tag_127.131081,tag_128.128116,tag_128.134436,tag_129.131471,tag_129.13779,tag_130.134825,tag_130.141145,tag_131.13818,tag_131.1445,tag_132.141535,tag_132.147855,tag_133.14489,tag_133.15121,tag_134.148245,Sequences_mod_check
42134,S,U,K.FLEVIKPFCVILPEIQKPER.K,12012.0,18747.0,22426.0,10385.0,9973.0,17117.0,20003.0,13442.0,26102.0,25613.0,15186.0,15783.0,16779.0,16219.0,10113.0,11416.0,K.FLEVIKPFCVILPEIQKPER.K
42135,S,U,K.FLEVIKPFCVILPEIQKPER.K,11509.0,16887.0,22549.0,6114.0,10243.0,15997.0,18588.0,9619.0,24669.0,24131.0,15032.0,16232.0,17291.0,14293.0,9574.0,10552.0,K.FLEVIKPFCVILPEIQKPER.K
42136,S,U,K.FLEVIKPFCVILPEIQKPER.K,6661.0,7801.0,8549.0,3754.0,4084.0,5697.0,8941.0,5063.0,9420.0,11520.0,5917.0,6639.0,6648.0,4592.0,4468.0,5788.0,K.FLEVIKPFCVILPEIQKPER.K
42137,S,U,K.FLEVIKPFCVILPEIQKPER.K,28364.0,42479.0,50765.0,20150.0,19271.0,36601.0,40809.0,29353.0,60973.0,58255.0,33710.0,42134.0,38437.0,32785.0,28197.0,27693.0,K.FLEVIKPFCVILPEIQKPER.K
,E9PWQ3,UNIQUE,SEQUENCE,tag_126.127726,tag_127.124761,tag_127.131081,tag_128.128116,tag_128.134436,tag_129.131471,tag_129.13779,tag_130.134825,tag_130.141145,tag_131.13818,tag_131.1445,tag_132.141535,tag_132.147855,tag_133.14489,tag_133.15121,tag_134.148245,Sequences_mod_check
42551,S,U,R.LEIGQDLVQVSVAQYADTVKPEFYLNSYTNKR.D,4187.0,8894.0,7436.0,8708.0,3011.0,12748.0,14396.0,25796.0,67523.0,49446.0,11235.0,48819.0,21632.0,8583.0,181728.0,27559.0,R.LEIGQDLVQVSVAQYADTVKPEFYLNSYTNKR.D
,Q63932,UNIQUE,SEQUENCE,tag_126.127726,tag_127.124761,tag_127.131081,tag_128.128116,tag_128.134436,tag_129.131471,tag_129.13779,tag_130.134825,tag_130.141145,tag_131.13818,tag_131.1445,tag_132.141535,tag_132.147855,tag_133.14489,tag_133.15121,tag_134.148245,Sequences_mod_check
44253,S,U,R.KLIHLEIKPAVR.N,33434.0,40586.0,67438.0,61590.0,19917.0,60760.0,41332.0,34454.0,153883.0,80188.0,87120.0,74683.0,61199.0,31452.0,38572.0,43085.0,R.KLIHLEIKPAVR.N
,P0DJE0,UNIQUE,SEQUENCE,tag_126.127726,tag_127.124761,tag_127.131081,tag_128.128116,tag_128.134436,tag_129.131471,tag_129.13779,tag_130.134825,tag_130.141145,tag_131.13818,tag_131.1445,tag_132.141535,tag_132.147855,tag_133.14489,tag_133.15121,tag_134.148245,Sequences_mod_check
44307,S,U,K.EGQRQELEEFKQK.I,4008.0,4247.0,4910.0,4532.0,2806.0,4550.0,4259.0,4183.0,10343.0,6327.0,3910.0,6579.0,5679.0,5308.0,4405.0,3028.0,K.EGQRQELEEFKQK.I
,Q99LF4,UNIQUE,SEQUENCE,tag_126.127726,tag_127.124761,tag_127.131081,tag_128.128116,tag_128.134436,tag_129.131471,tag_129.13779,tag_130.134825,tag_130.141145,tag_131.13818,tag_131.1445,tag_132.141535,tag_132.147855,tag_133.14489,tag_133.15121,tag_134.148245,Sequences_mod_check
47540,S,U,K.LRPIAVIKG.-,29006.0,25521.0,28569.0,18063.0,17853.0,24662.0,26168.0,24301.0,49137.0,33308.0,25389.0,32368.0,35807.0,23003.0,17488.0,27070.0,K.LRPIAVIKG.-
,Q60761,UNIQUE,SEQUENCE,tag_126.127726,tag_127.124761,tag_127.131081,tag_128.128116,tag_128.134436,tag_129.131471,tag_129.13779,tag_130.134825,tag_130.141145,tag_131.13818,tag_131.1445,tag_132.141535,tag_132.147855,tag_133.14489,tag_133.15121,tag_134.148245,Sequences_mod_check
47674,S,U,R.AKRQQSRREVPVVQPTAEEAGSSPVDQSAGSSFPGGSAPQGVK.T,18282.0,30918.0,44683.0,2777.0,21900.0,24047.0,32307.0,22736.0,30720.0,35829.0,25019.0,42803.0,47123.0,45102.0,22227.0,28336.0,R.AKRQQSRREVPVVQPTAEEAGSSPVDQSAGSSFPGGSAPQGVK.T
,O08705,UNIQUE,SEQUENCE,tag_126.127726,tag_127.124761,tag_127.131081,tag_128.128116,tag_128.134436,tag_129.131471,tag_129.13779,tag_130.134825,tag_130.141145,tag_131.13818,tag_131.1445,tag_132.141535,tag_132.147855,tag_133.14489,tag_133.15121,tag_134.148245,Sequences_mod_check
47905,S,U,K.GTHNGNNPPTQPGLSPNGLNSGQM.A,8267.0,7226.0,13282.0,3478.0,10543.0,10744.0,8563.0,5576.0,6708.0,6910.0,7436.0,10641.0,13191.0,9444.0,4827.0,9175.0,K.GTHNGNNPPTQPGLSPNGLNSGQM(15.9949).A
47906,S,U,K.GTHNGNNPPTQPGLSPNGLNSGQMA.N,1924.0,1886.0,3667.0,1868.0,2552.0,2117.0,1551.0,960.0,1515.0,860.0,2023.0,2595.0,2266.0,2493.0,1407.0,1606.0,K.GTHNGNNPPTQPGLSPNGLNSGQM(15.9949)A.N
,Q64310,UNIQUE,SEQUENCE,tag_126.127726,tag_127.124761,tag_127.131081,tag_128.128116,tag_128.134436,tag_129.131471,tag_129.13779,tag_130.134825,tag_130.141145,tag_131.13818,tag_131.1445,tag_132.141535,tag_132.147855,tag_133.14489,tag_133.15121,tag_134.148245,Sequences_mod_check
48725,S,U,M.GQNDLMGTAEDFADQFLR.V,17021.0,14824.0,18564.0,10918.0,9660.0,13684.0,25521.0,19035.0,16469.0,15974.0,16525.0,21353.0,16639.0,9237.0,12954.0,25046.0,M.GQNDLM(15.9949)GTAEDFADQFLR.V
48726,S,U,M.GQNDLMGTAEDFADQFLR.V,16709.0,15217.0,19999.0,10307.0,10166.0,16049.0,23243.0,18717.0,16653.0,19803.0,14956.0,23540.0,14441.0,9598.0,16543.0,23905.0,M.GQNDLM(15.9949)GTAEDFADQFLR.V
48727,S,U,M.GQNDLMGTAEDFADQFLR.V,18242.0,19725.0,19920.0,9949.0,12232.0,17509.0,23858.0,18401.0,16409.0,18573.0,18193.0,19615.0,18571.0,11620.0,12867.0,22288.0,M.GQNDLM(15.9949)GTAEDFADQFLR.V
48728,S,U,M.GQNDLMGTAEDFADQFLR.V,19077.0,15180.0,19396.0,12873.0,11210.0,18494.0,19323.0,17461.0,21672.0,18467.0,15506.0,18519.0,16521.0,14308.0,9721.0,20468.0,M.GQNDLM(15.9949)GTAEDFADQFLR.V
48729,S,U,M.GQNDLMGTAEDFADQFLR.V,8207.0,9855.0,12556.0,8140.0,4464.0,7170.0,14308.0,10647.0,10779.0,8903.0,10942.0,12401.0,8758.0,7057.0,7985.0,11091.0,M.GQNDLM(15.9949)GTAEDFADQFLR.V
,Q6PB51,UNIQUE,SEQUENCE,tag_126.127726,tag_127.124761,tag_127.131081,tag_128.128116,tag_128.134436,tag_129.131471,tag_129.13779,tag_130.134825,tag_130.141145,tag_131.13818,tag_131.1445,tag_132.141535,tag_132.147855,tag_133.14489,tag_133.15121,tag_134.148245,Sequences_mod_check
50813,S,U,K.RMIESMSRPSMELVLWK.P,10035.0,11985.0,11931.0,8965.0,8705.0,10698.0,12327.0,9255.0,14965.0,14323.0,6952.0,14864.0,15389.0,12792.0,10867.0,11654.0,K.RM(15.9949)IESMSRPSMELVLWK.P
,P58021,UNIQUE,SEQUENCE,tag_126.127726,tag_127.124761,tag_127.131081,tag_128.128116,tag_128.134436,tag_129.131471,tag_129.13779,tag_130.134825,tag_130.141145,tag_131.13818,tag_131.1445,tag_132.141535,tag_132.147855,tag_133.14489,tag_133.15121,tag_134.148245,Sequences_mod_check
50892,S,U,K.SNECKADIELFVNRLDSVESVLPYEYTAFDFCQASEGKR.P,1816.0,1191.0,1148.0,0.0,981.0,1365.0,0.0,0.0,1158.0,809.0,1047.0,646.0,1467.0,657.0,985.0,0.0,K.SNECKADIELFVNRLDSVESVLPYEYTAFDFCQASEGKR.P
,B1AZP2,UNIQUE,SEQUENCE,tag_126.127726,tag_127.124761,tag_127.131081,tag_128.128116,tag_128.134436,tag_129.131471,tag_129.13779,tag_130.134825,tag_130.141145,tag_131.13818,tag_131.1445,tag_132.141535,tag_132.147855,tag_133.14489,tag_133.15121,tag_134.148245,Sequences_mod_check
52222,S,U,R.RQSYLRATQQSLGEQSNPRRSLDRLDSVDMLLPSK.C,3533.0,4718.0,4752.0,3007.0,3752.0,4169.0,4396.0,4809.0,4144.0,5647.0,2988.0,4498.0,5676.0,3553.0,3644.0,3922.0,R.RQSYLRATQQSLGEQSNPRRSLDRLDSVDM(15.9949)LLPSK.C
,Q6PCN3,UNIQUE,SEQUENCE,tag_126.127726,tag_127.124761,tag_127.131081,tag_128.128116,tag_128.134436,tag_129.131471,tag_129.13779,tag_130.134825,tag_130.141145,tag_131.13818,tag_131.1445,tag_132.141535,tag_132.147855,tag_133.14489,tag_133.15121,tag_134.148245,Sequences_mod_check
52354,S,U,K.CYMLDFGLARQYTNTTGDVRPPRNVAGFRGTVRYASVNAHKNR.E,3377.0,2458.0,3275.0,4339.0,1439.0,2985.0,21778.0,1911.0,0.0,2845.0,4498.0,2856.0,4349.0,3988.0,0.0,3643.0,K.CYMLDFGLARQYTNTTGDVRPPRNVAGFRGTVRYASVNAHKNR.E
,O35250,UNIQUE,SEQUENCE,tag_126.127726,tag_127.124761,tag_127.131081,tag_128.128116,tag_128.134436,tag_129.131471,tag_129.13779,tag_130.134825,tag_130.141145,tag_131.13818,tag_131.1445,tag_132.141535,tag_132.147855,tag_133.14489,tag_133.15121,tag_134.148245,Sequences_mod_check
52761,S,U,K.SSSSSGVPYSPAIPNKRK.D,8124.0,18646.0,24036.0,8365.0,8684.0,10693.0,11631.0,7798.0,10741.0,13910.0,9074.0,12326.0,10542.0,14053.0,5846.0,7130.0,K.SSSSSGVPYSPAIPNKRK.D
,Q8BYH8,UNIQUE,SEQUENCE,tag_126.127726,tag_127.124761,tag_127.131081,tag_128.128116,tag_128.134436,tag_129.131471,tag_129.13779,tag_130.134825,tag_130.141145,tag_131.13818,tag_131.1445,tag_132.141535,tag_132.147855,tag_133.14489,tag_133.15121,tag_134.148245,Sequences_mod_check
53792,S,U,R.GRRRNVEGADILFLNRNK.P,6390.0,6036.0,7000.0,3677.0,3495.0,6824.0,6286.0,3623.0,6562.0,6651.0,6300.0,7476.0,6142.0,5612.0,4004.0,5357.0,R.GRRRNVEGADILFLNRNK.P
,E9PUJ6,UNIQUE,SEQUENCE,tag_126.127726,tag_127.124761,tag_127.131081,tag_128.128116,tag_128.134436,tag_129.131471,tag_129.13779,tag_130.134825,tag_130.141145,tag_131.13818,tag_131.1445,tag_132.141535,tag_132.147855,tag_133.14489,tag_133.15121,tag_134.148245,Sequences_mod_check
53813,S,U,K.SDGRTSSGFRAESPGPGSRSSSPK.P,16593.0,15183.0,17227.0,13356.0,14691.0,16143.0,19867.0,15675.0,34367.0,24601.0,14810.0,21317.0,25394.0,25538.0,13274.0,13741.0,K.SDGRTSSGFRAESPGPGSRSSSPK.P
,H7BX05,UNIQUE,SEQUENCE,tag_126.127726,tag_127.124761,tag_127.131081,tag_128.128116,tag_128.134436,tag_129.131471,tag_129.13779,tag_130.134825,tag_130.141145,tag_131.13818,tag_131.1445,tag_132.141535,tag_132.147855,tag_133.14489,tag_133.15121,tag_134.148245,Sequences_mod_check
53855,S,U,K.TSATLTVRALPAKFK.D,4320.0,6029.0,6926.0,3400.0,3188.0,4580.0,6147.0,4959.0,9514.0,10373.0,3379.0,5347.0,8281.0,7597.0,2814.0,4286.0,K.TSATLTVRALPAKFK.D
